Track,Year,Duration,Time_Signature,Danceability,Energy,Key,Loudness,Mode,Speechiness,Acousticness,Instrumentalness,Liveness,Valence,Tempo,Popularity,Genre
Heartbeat,2013,269840,4,0.8,0.545,1,-7.002,0,0.127,0.00369,0.000461,0.0445,0.294,119.954,79,Rap
I Can't Wait to Touch,1996,254165,4,0.517,0.217,10,-19.46,1,0.0462,0.794,1.33e-06,0.375,0.344,80.502,0,Rap
Jeans On,1977,154000,4,0.868,0.55,6,-6.417,1,0.226,0.183,0.0,0.109,0.464,117.943,67,Pop
Rushing Back (feat. Vera Blue),2019,231663,3,0.574,0.611,0,-4.744,1,0.0763,0.357,0.0,0.158,0.375,136.047,60,EDM
Can't Find My Way Home,2005,204000,4,0.451,0.608,7,-6.712,1,0.0299,0.113,5.94e-06,0.105,0.264,179.28,28,Rock
Can’t Get Enough,1974,219000,4,0.659,0.629,0,-8.685,0,0.18,0.19,0.0,0.105,0.262,94.049,78,Pop
Blues Walk,1967,441200,4,0.515,0.453,7,-11.48,0,0.0506,0.586,0.009,0.3,0.632,126.2,7,Jazz
The Midnight Special,1963,157746,4,0.498,0.259,0,-7.132,1,0.0291,0.697,0.16,0.24,0.707,107.261,12,Blues
Love Henry,1963,513826,4,0.536,0.457,5,-10.62,0,0.615,0.917,0.0,0.816,0.27,104.372,5,Folk
From A Jack To A King,1963,141000,4,0.397,0.419,2,-9.574,1,0.0319,0.373,0.0,0.288,0.705,200.677,43,Pop
Maxwell Murder,1995,85863,4,0.489,0.969,5,-5.501,1,0.0817,0.0851,0.0186,0.174,0.661,155.481,54,SKA
It’s A Heartache,1978,205000,4,0.515,0.535,9,-11.168,1,0.0264,0.301,0.0,0.209,0.819,172.396,13,Pop
The Streets of Baltimore,1966,157640,4,0.578,0.447,4,-14.212,1,0.032,0.629,0.0,0.19,0.808,116.128,41,Country
Stretchin' Out (In a Rubber Band),1976,411866,4,0.802,0.764,11,-8.163,0,0.105,0.272,2.51e-05,0.32,0.916,101.143,26,Funk
Greenback Dollar,1961,172200,4,0.7,0.322,7,-14.241,1,0.0774,0.864,0.0,0.123,0.847,143.505,37,Folk
Stockholm Skies (feat. Tom Taped & Alex Aris),2014,273440,4,0.559,0.759,10,-5.866,1,0.0394,0.0172,0.00558,0.158,0.145,128.001,30,EDM
Glass Enclosure - Rudy Van Gelder/24 Bit Mastering/1998 Digital Remaster,1998,145493,4,0.522,0.345,3,-12.802,1,0.0582,0.985,0.811,0.147,0.283,114.949,11,Jazz
Christ Conscious,2015,173793,4,0.649,0.717,4,-5.021,1,0.262,0.0131,3.26e-05,0.18,0.589,86.798,52,Rap
Y'all Come Back Saloon,1979,175600,4,0.691,0.294,2,-17.635,1,0.0457,0.0538,2.22e-05,0.0732,0.688,82.908,37,Country
Sugar,1998,153800,4,0.451,0.889,1,-2.693,1,0.261,0.00167,0.00215,0.258,0.586,131.073,74,Alt. Rock
Champagne Supernova,1995,450506,4,0.303,0.853,2,-2.26,1,0.0366,0.223,0.00159,0.361,0.119,150.381,61,Alt. Rock
Macho Man,1978,314800,4,0.745,0.593,5,-12.33,1,0.0439,0.0523,0.0,0.582,0.888,132.897,48,Disco
Pain in My Heart,1964,143600,3,0.476,0.227,10,-13.947,1,0.0389,0.666,0.000397,0.115,0.651,164.179,55,R&B
Angel from Montgomery,1971,224186,4,0.617,0.421,0,-14.231,1,0.0318,0.541,0.00227,0.125,0.39,131.653,53,Folk
State Violence/State Control,1982,164626,4,0.398,0.99,11,-4.703,1,0.166,5.34e-05,0.0023,0.0943,0.603,101.442,28,Punk
Woman (Sensuous Woman),1972,201066,4,0.628,0.227,2,-16.055,1,0.0291,0.894,0.00271,0.104,0.659,109.782,28,Country
Brass Monkey,1986,157440,4,0.914,0.586,6,-8.435,0,0.33,0.00203,1.58e-06,0.0992,0.655,116.371,66,Alt. Rock
On Broadway,1982,316160,4,0.77,0.319,10,-17.098,0,0.0579,0.205,0.000151,0.0687,0.863,117.232,50,Jazz
I Found a Love - Single Version,1963,179640,3,0.258,0.618,7,-9.904,1,0.0468,0.432,0.0,0.3,0.582,180.002,20,R&B
A Hurricane Is Coming Tonight,1974,244733,4,0.624,0.79,1,-11.406,0,0.0334,0.357,0.0,0.725,0.978,128.987,0,Disco
Don't Turn Your Back,1981,248000,4,0.349,0.589,10,-10.511,1,0.0294,0.2,0.287,0.125,0.608,174.105,28,Rock
Black Juju,1971,551000,4,0.538,0.452,11,-17.226,0,0.102,0.226,0.476,0.35,0.303,130.155,23,Rock
Purple Rain,1984,521866,4,0.373,0.452,10,-10.417,1,0.0321,0.0354,0.00227,0.689,0.179,113.212,73,R&B
Land of 1000 Dances,1966,146973,4,0.618,0.588,2,-11.624,1,0.0735,0.0128,0.0266,0.351,0.768,86.903,64,R&B
Dear Lady Twist,1962,152000,4,0.524,0.892,9,-7.214,0,0.235,0.62,0.0,0.818,0.936,138.964,13,Pop
The Drugs Don't Work,1997,304880,4,0.442,0.52,0,-8.648,1,0.0261,0.184,0.0,0.154,0.177,77.437,61,Alt. Rock
Niggas Bleed - 2014 Remaster,2014,291040,4,0.541,0.847,1,-3.386,1,0.264,0.354,0.0,0.231,0.546,83.778,51,Rap
Put Your Hands Together,1974,247000,4,0.579,0.773,7,-7.199,1,0.109,0.506,2.08e-05,0.188,0.737,141.258,29,Pop
Tell Me It’s Real,1999,278000,4,0.696,0.521,3,-6.635,1,0.0343,0.189,0.0,0.117,0.552,134.28,57,Pop
Shake It Up Tonight,1978,341720,4,0.766,0.699,8,-9.562,1,0.0493,0.0306,0.000229,0.226,0.772,120.773,33,Disco
Cry Baby,1963,239000,4,0.686,0.691,5,-4.616,0,0.0371,0.257,0.0,0.145,0.477,95.046,71,Pop
Burn It Down,2013,213440,4,0.561,0.979,11,-2.962,0,0.145,1.96e-05,0.0038,0.0976,0.3,101.998,40,Metal
The Mystic's Dream,1994,462840,4,0.43,0.383,7,-11.162,1,0.032,0.697,0.227,0.0715,0.117,111.045,39,Folk
Chop Suey!,2001,210240,4,0.417,0.934,7,-3.908,0,0.119,0.000278,0.0015,0.132,0.287,127.066,84,Alt. Rock
Forever On My Mind,1975,227266,4,0.662,0.458,3,-10.591,1,0.0485,0.567,0.000336,0.19,0.779,111.626,0,Blues
Happiness Amplified,2019,332946,4,0.482,0.525,1,-10.987,1,0.0408,0.0894,0.000507,0.0652,0.0867,125.985,34,EDM
Ignorance,2009,218626,4,0.522,0.964,11,-2.645,0,0.095,0.00109,0.000389,0.0387,0.51,170.944,67,Alt. Rock
Lonely Blue Boy,1960,135000,3,0.659,0.342,5,-13.709,1,0.0353,0.777,1.26e-05,0.248,0.677,112.878,34,Pop
The Red & the Black,1973,263000,4,0.402,0.912,7,-7.094,1,0.0651,0.00367,0.274,0.802,0.687,143.231,28,Metal
The Devils Triangle,1969,697023,5,0.191,0.458,2,-15.031,1,0.0513,0.00395,0.818,0.0785,0.08,117.85,28,Alt. Rock
Hungry,1966,220000,4,0.691,0.812,0,-7.772,1,0.0558,0.0433,1.16e-06,0.299,0.685,127.568,74,Pop
Drivin’ My Life Away,1980,196000,4,0.571,0.57,9,-14.091,1,0.047,0.113,0.00244,0.066,0.814,168.943,56,Pop
Come On Now,1970,195560,4,0.809,0.367,0,-11.838,1,0.0876,0.622,0.0125,0.465,0.601,79.32,29,Reggae
"Another Brick In The Wall,Part Ii",1980,254000,4,0.618,0.632,0,-5.973,1,0.0253,0.0186,0.00895,0.145,0.806,98.745,10,Pop
Feelin’ Stronger Every Day,1973,254000,4,0.375,0.878,0,-6.099,1,0.0649,0.00946,0.0091,0.279,0.667,159.833,47,Pop
Beechwood 4-5789,1962,133613,4,0.631,0.67,2,-4.755,1,0.0336,0.68,0.0,0.167,0.972,138.273,37,R&B
Up Jumps Da Boogie,1997,300000,4,0.873,0.601,6,-9.666,0,0.325,0.462,1.27e-05,0.332,0.645,75.008,38,Pop
Shiny Stockings,1960,314266,4,0.566,0.313,5,-14.823,0,0.0561,0.782,0.00145,0.0657,0.481,117.624,35,Jazz
Ocean Front Property,1987,188533,4,0.656,0.326,2,-15.756,1,0.0283,0.111,0.0,0.25,0.787,78.298,65,Country
Ballad of William Worthy,1964,131039,4,0.685,0.22,2,-14.722,1,0.0639,0.561,0.0,0.167,0.873,124.144,21,Folk
I Am The Law,1987,353973,4,0.329,0.989,11,-4.603,0,0.0941,0.00141,0.00471,0.0353,0.253,152.456,42,Metal
Love In C Minor - Franc Moody Remix,2020,185400,4,0.749,0.758,0,-5.676,0,0.0399,0.0105,0.525,0.0912,0.509,125.977,38,Disco
It's Four in the Morning,1971,169063,3,0.55,0.259,9,-12.299,1,0.0337,0.761,2.18e-05,0.395,0.52,129.712,33,Country
Goin' Steady,1952,161533,4,0.734,0.309,0,-8.149,1,0.0344,0.797,0.0,0.0883,0.683,117.662,27,Country
Rock With You,1980,220000,4,0.808,0.535,1,-12.521,1,0.0353,0.179,9.91e-05,0.158,0.848,114.031,79,Pop
Love Is Just the Game,1981,252293,4,0.707,0.764,10,-11.399,0,0.0427,0.0619,0.000224,0.299,0.915,121.081,35,Disco
Last Dance,1984,329666,4,0.855,0.592,11,-13.634,0,0.114,0.00906,0.0,0.0876,0.706,112.562,10,Funk
Brown Sugar - Live At The El Mocambo 1977,1967,519000,4,0.461,0.862,8,-9.889,1,0.11,0.743,0.045,0.106,0.138,125.964,16,Rock
Contact In Red Square - Remastered,1977,122000,4,0.391,0.832,0,-6.593,1,0.0753,0.0268,0.0,0.111,0.623,91.006,26,Rock
"Give It Up - 7"" Single Version",1983,230826,4,0.792,0.755,0,-8.841,1,0.0337,0.00797,0.00014,0.0872,0.857,124.79,29,Disco
Children,1996,317000,4,0.318,0.65,6,-13.928,1,0.0375,0.0802,0.132,0.0962,0.368,149.994,55,Pop
When You’re In Love With A Beautiful Woman,1979,174000,4,0.665,0.663,8,-11.367,1,0.0386,0.485,0.00682,0.157,0.792,110.656,7,Pop
Ghetto Soundwave,1985,263106,4,0.758,0.883,8,-5.4,1,0.0635,0.00547,0.0016,0.0337,0.904,109.462,19,SKA
Another Day In Paradise,1990,322000,4,0.78,0.565,3,-7.32,0,0.0306,0.736,0.00269,0.063,0.365,101.967,77,Pop
Triumph - Instrumental,1997,339213,4,0.919,0.337,9,-8.315,0,0.101,0.0043,0.935,0.172,0.355,91.055,23,Rap
Walking By Myself,1960,171800,4,0.743,0.366,2,-13.614,1,0.0338,0.489,4.65e-05,0.386,0.847,109.914,22,Blues
What About Your Friends,1992,293600,4,0.744,0.851,10,-10.108,0,0.049,0.0267,0.00738,0.0989,0.626,105.882,50,R&B
Freaks And Geeks,2011,217103,4,0.667,0.873,10,-5.605,1,0.314,0.124,0.0,0.0725,0.799,81.052,56,Rap
Shake 'Em on Down,1996,289666,4,0.609,0.847,7,-7.671,1,0.0422,0.78,0.198,0.122,0.768,96.731,31,Blues
Didn't It Rain,1960,157652,4,0.741,0.665,5,-5.87,1,0.0517,0.8,0.0,0.079,0.77,85.517,30,Gospel
Come Rain Or Come Shine (Take 5),1961,204480,4,0.494,0.128,0,-18.402,1,0.0302,0.974,0.824,0.0995,0.198,86.896,41,Jazz
Lexicon Devil,1979,104360,4,0.504,0.877,4,-7.469,0,0.053,0.000242,2.66e-06,0.293,0.821,106.272,49,Punk
Have You Ever Really Loved A Woman?,1995,291000,3,0.57,0.478,7,-10.185,1,0.0322,0.536,1.33e-05,0.0931,0.358,145.517,68,Pop
Good Good Things,1982,142333,4,0.323,0.857,0,-6.233,1,0.0427,0.0633,0.0,0.104,0.544,177.204,54,Punk
Those Oldies But Goodies,1961,199000,3,0.475,0.257,7,-16.965,1,0.0305,0.979,3.68e-06,0.547,0.508,96.761,34,Pop
Love And Affection,1976,272333,4,0.559,0.276,4,-13.862,1,0.0286,0.724,5.29e-05,0.0977,0.4,93.525,45,Folk
Church Of The Poison Mind,1984,212000,4,0.597,0.902,7,-4.246,0,0.0355,0.0899,0.0,0.65,0.96,130.674,47,Pop
Zoot Suit Riot,1997,233039,4,0.568,0.706,8,-8.679,0,0.0837,0.175,0.0,0.157,0.896,184.126,48,SKA
007 (Shanty Town),1969,154293,4,0.866,0.564,9,-7.554,1,0.0902,0.101,0.0994,0.0977,0.876,101.683,54,SKA
Until You Come Back To Me (THAT’S What I’m Gonna Do),1974,206000,4,0.68,0.54,2,-9.831,1,0.0275,0.624,0.000908,0.116,0.718,94.548,29,Pop
Splish Splash,1958,131000,4,0.645,0.943,0,-1.526,1,0.0393,0.385,0.0,0.37,0.965,147.768,57,Pop
Shout,1975,210933,4,0.75,0.836,5,-6.704,0,0.0999,0.219,0.0,0.149,0.859,127.62,25,Disco
Perdido,1958,151546,4,0.59,0.364,0,-8.817,1,0.0462,0.982,1.07e-05,0.0696,0.689,77.248,20,Jazz
Slow Twistin’,1962,153000,4,0.753,0.711,4,-5.181,1,0.0373,0.371,0.0,0.203,0.905,130.387,34,Pop
"Misty Morning,Albert Bridge",1985,181826,3,0.408,0.668,0,-8.709,1,0.0259,0.0018,0.00638,0.102,0.595,99.045,25,Punk
Kobe,2012,211786,4,0.853,0.769,5,-5.95,0,0.217,0.0502,0.0,0.304,0.694,136.044,51,Rap
Conversations,2019,181661,4,0.747,0.622,11,-5.825,1,0.0838,0.176,0.0,0.151,0.57,159.93,72,Rap
Tonight’s The Night (GONNA Be Alright),1977,213000,3,0.567,0.606,11,-10.71,1,0.0421,0.104,0.0176,0.582,0.645,135.22,0,Pop
Little By Little (I'm Losing You),1960,153759,4,0.615,0.564,1,-10.4,0,0.043,0.71,0.000201,0.325,0.87,112.818,16,Blues
I Want To Be Loved,1950,175440,4,0.428,0.266,8,-8.426,1,0.0331,0.887,1.18e-06,0.294,0.256,135.493,10,Blues
157 Riverside Avenue,1971,240000,4,0.351,0.889,2,-6.557,1,0.0561,0.191,0.00141,0.127,0.56,76.55,21,Rock
Pretty Boy Floyd,1940,183093,4,0.621,0.0533,10,-19.489,1,0.0598,0.984,0.00441,0.13,0.457,128.81,17,Folk
Cotton Fields,1940,126000,4,0.686,0.41,2,-10.369,1,0.114,0.909,0.000168,0.195,0.873,119.954,20,Blues
Under the Milky Way,1988,297600,4,0.578,0.583,9,-13.416,0,0.0269,0.0548,0.199,0.125,0.519,135.986,59,Alt. Rock
Banned from the Roxy,1978,134213,4,0.677,0.741,11,-8.33,0,0.328,0.00668,0.0,0.0313,0.659,183.301,34,Punk
Muddy Bottom Blues,2008,260133,4,0.386,0.873,11,-7.484,0,0.0516,0.0765,0.334,0.355,0.782,202.707,14,Blues
Kingston Town,1983,228293,4,0.956,0.254,8,-13.264,1,0.0551,0.156,0.0362,0.0362,0.8,102.071,53,Reggae
Shipbuilding,1983,292720,3,0.356,0.296,7,-13.676,1,0.0322,0.731,1.89e-05,0.15,0.166,142.869,38,Alt. Rock
Many Rivers To Cross,1983,273000,4,0.593,0.56,1,-12.834,1,0.0376,0.0875,0.132,0.0742,0.541,88.001,47,Reggae
Eternal Flame,1989,235000,3,0.521,0.233,7,-13.683,1,0.0254,0.635,0.0,0.245,0.4,78.93,55,Pop
Down In A Hole (2022 Remaster),1992,338226,4,0.356,0.818,6,-5.343,1,0.0335,0.0122,0.000118,0.123,0.389,97.528,66,Alt. Rock
The Finer Things,1987,128000,4,0.759,0.743,1,-8.182,0,0.209,0.0102,0.00563,0.184,0.666,89.487,43,Pop
Thrashard,1983,219866,4,0.379,0.823,2,-10.902,0,0.074,0.000203,0.00631,0.871,0.51,152.152,42,Punk
Papa Don’t Preach,1986,268000,4,0.833,0.934,5,-3.243,0,0.0313,0.343,7.55e-06,0.0521,0.964,121.879,63,Pop
What a Fool Believes,1978,223000,4,0.758,0.378,8,-15.308,0,0.0449,0.284,0.0,0.049,0.985,120.736,73,Rock
Blue Moon,1961,170000,4,0.925,0.322,11,-9.8,0,0.112,0.103,0.0,0.137,0.712,129.957,66,Pop
Orgasmatron,1986,324506,4,0.415,0.956,3,-9.054,1,0.0426,0.0424,0.0595,0.352,0.183,127.842,45,Metal
Tell It To The Rain,1967,225000,4,0.371,0.827,10,-4.098,0,0.0307,0.0251,7.53e-06,0.16,0.436,173.991,35,Pop
Hot Fun,1976,175053,4,0.618,0.444,11,-13.914,0,0.052,0.118,0.77,0.242,0.475,131.784,22,Jazz
44 Blues,1971,173093,4,0.58,0.51,1,-19.896,0,0.0363,0.000592,0.707,0.274,0.781,96.361,35,Blues
Every 1’S A Winner,1979,289000,4,0.727,0.548,10,-7.393,1,0.0291,0.0621,0.516,0.133,0.929,107.826,58,Pop
Talk To Me,1986,227000,4,0.773,0.281,1,-9.781,1,0.11,0.24,0.0,0.112,0.465,102.019,62,Pop
Human,2008,245373,4,0.557,0.8,10,-8.477,1,0.0601,0.00132,0.0012,0.0906,0.582,135.47,75,Alt. Rock
Big a Little A - Remastered,2000,369613,4,0.612,0.892,11,-5.758,0,0.334,0.0648,0.0,0.25,0.514,103.427,36,Punk
When Will I Be Loved,1975,124000,4,0.513,0.573,9,-10.023,1,0.0337,0.186,0.000958,0.0878,0.621,132.607,59,Pop
Nature Boy,1948,173533,4,0.275,0.0895,2,-19.755,0,0.0374,0.971,0.0221,0.108,0.111,104.144,57,Jazz
The Way She Loves Me,1994,208000,4,0.466,0.372,4,-6.564,1,0.0271,0.88,0.0,0.107,0.279,141.898,51,Pop
The Ballad of Frankie Lee and Judas Priest,1967,332000,4,0.481,0.372,0,-14.03,1,0.0576,0.811,0.0,0.0908,0.335,150.764,31,Rock
Doolin-Dalton (Instrumental) – Instrumental,1973,47000,4,0.43,0.569,0,-14.409,1,0.0336,0.617,0.959,0.377,0.939,136.029,30,Rock
Can’t Smile Without You,1978,186000,4,0.443,0.449,4,-9.854,0,0.0417,0.499,0.0,0.076,0.395,103.889,17,Pop
Blood in Blood Out,2014,222133,4,0.601,0.991,2,-4.08,1,0.131,0.00016,0.00193,0.218,0.327,102.495,32,Metal
Dancing Machine,1974,161813,4,0.776,0.794,6,-7.722,1,0.0723,0.133,2.35e-05,0.689,0.845,109.277,50,R&B
Guess Who's Back,2002,241573,4,0.742,0.788,1,-9.197,1,0.31,0.00961,0.105,0.0864,0.848,85.835,43,Rap
Texas Women,1981,149306,4,0.613,0.554,9,-8.495,1,0.0267,0.573,0.0,0.173,0.787,70.303,42,Country
Combustion,2016,248933,4,0.457,0.997,1,-4.992,0,0.0634,8.36e-06,0.899,0.138,0.53,110.021,49,Metal
Land Of Confusion,1987,287000,4,0.553,0.991,8,-3.703,1,0.0925,4.44e-05,0.0729,0.179,0.324,114.919,62,Pop
Games,2018,215919,4,0.263,0.926,1,-4.334,1,0.0614,0.00194,0.147,0.154,0.532,164.848,29,EDM
One,1969,144000,4,0.915,0.453,10,-4.589,0,0.27,0.0872,0.000163,0.104,0.287,139.943,85,Pop
Home Tonight,1976,196000,4,0.174,0.591,8,-5.7,1,0.0303,0.197,0.00111,0.0745,0.18,82.261,30,Rock
Getting Closer,1986,300000,4,0.652,0.696,2,-7.612,1,0.0513,0.0678,0.00055,0.0937,0.746,87.754,24,Rock
I'm Moving on to Glory,1957,149106,4,0.625,0.568,9,-10.936,1,0.036,0.417,5.32e-06,0.114,0.858,112.359,5,Country
The Sermon - Rudy Van Gelder/Remastered 1999,1958,1212333,4,0.468,0.435,5,-12.77,1,0.0388,0.555,0.000316,0.124,0.457,73.042,16,Jazz
Last Night,1997,163000,4,0.492,0.673,6,-5.431,1,0.0347,0.413,0.0,0.137,0.488,203.812,83,Pop
Alex Chilton,1987,195706,4,0.449,0.786,9,-13.618,1,0.0409,0.00513,5.46e-05,0.341,0.781,165.532,26,Punk
The Day I Found Myself - Single Version,1971,186760,4,0.732,0.396,6,-9.435,1,0.0342,0.349,0.0,0.212,0.872,98.401,8,Disco
Fight Song!,1997,73333,4,0.382,0.969,11,-6.887,0,0.18,0.024,0.443,0.168,0.319,170.744,21,SKA
La vie en rose,1950,205346,4,0.58,0.0727,0,-12.082,1,0.0551,0.894,0.00122,0.0628,0.311,70.643,38,Jazz
Love Has Come Around,1964,472866,4,0.727,0.724,2,-8.982,0,0.0398,0.0888,0.271,0.292,0.519,111.741,33,Jazz
Harry Hippie,1972,226786,4,0.46,0.475,4,-7.467,1,0.0315,0.384,1.97e-06,0.171,0.507,73.207,32,R&B
Ffun,1977,251066,4,0.946,0.469,5,-13.091,0,0.0865,0.0608,0.00126,0.257,0.866,110.969,41,Funk
Stay The Same,1999,140000,4,0.671,0.611,0,-6.431,0,0.283,0.662,0.0,0.0855,0.591,150.102,42,Pop
Cool Drink of Water Blues,1930,207386,4,0.451,0.119,0,-12.958,1,0.0312,0.983,0.000183,0.297,0.405,82.617,12,Blues
My Cup Runneth Over,1967,164000,3,0.344,0.365,7,-9.628,1,0.0279,0.801,0.000509,0.0712,0.359,100.79,31,Pop
Bluesette,1962,171177,4,0.552,0.358,10,-14.063,0,0.0295,0.714,1.98e-06,0.0953,0.392,96.555,13,Jazz
I Know That You Know - Live,1956,152093,4,0.457,0.371,4,-15.717,0,0.0421,0.99,0.93,0.178,0.759,107.44,14,Jazz
Come Back Liza,1957,186533,4,0.588,0.201,2,-15.31,1,0.0443,0.867,0.0,0.164,0.687,150.027,31,Folk
I Believe in Rock 'N' Roll,1985,243000,4,0.367,0.804,10,-12.886,0,0.0487,0.00808,0.0,0.0604,0.548,145.293,22,Rock
Stomp (Remix),1997,305666,4,0.831,0.917,0,-5.238,1,0.0781,0.0427,0.000178,0.0663,0.677,105.793,47,Gospel
Walking in My Shoes,1993,326106,4,0.538,0.711,2,-9.748,0,0.0287,0.111,5.53e-06,0.237,0.502,93.08,57,Alt. Rock
Waltz Across Texas,1965,158866,3,0.621,0.395,9,-12.138,1,0.0311,0.64,0.0,0.33,0.589,98.146,46,Country
I’m Ready,1994,192000,4,0.717,0.882,8,-3.621,1,0.163,0.0272,0.0,0.0892,0.511,125.07,58,Pop
You Know How to Make Me Feel so Good (feat. Sharon Paige),1977,316893,4,0.528,0.444,11,-11.824,0,0.0279,0.58,0.0,0.372,0.643,90.575,43,Disco
Why Do Fools Fall In Love?,1982,139000,4,0.388,0.532,1,-8.685,1,0.102,0.51,3.06e-06,0.0974,0.845,173.586,54,Pop
Hellraiser,1991,292000,4,0.397,0.852,4,-6.348,1,0.0344,0.00024,0.000282,0.228,0.506,96.064,59,Rock
You May Be Right,1980,253000,4,0.567,0.945,9,-7.243,1,0.0458,0.175,2.6e-06,0.35,0.961,150.792,62,Pop
When I Call Your Name,1990,255133,3,0.506,0.11,5,-17.615,1,0.0307,0.35,0.00144,0.139,0.208,70.554,54,Country
Check Yes Or No,1995,200666,4,0.708,0.524,5,-12.644,1,0.0352,0.0551,3.21e-06,0.0371,0.691,111.48,72,Country
Big Yellow Taxi,2002,225573,4,0.678,0.866,1,-4.341,1,0.048,0.00295,0.0,0.16,0.842,88.041,64,Alt. Rock
John Deere Tractor,1984,210426,4,0.585,0.175,0,-15.168,1,0.0312,0.603,0.0,0.106,0.254,128.637,23,Country
Possessed To Skate,1988,154133,4,0.161,0.902,2,-10.844,1,0.0662,0.000157,0.0438,0.348,0.437,185.65,40,Metal
Ch-Check It Out,2004,192426,4,0.795,0.899,1,-7.02,1,0.292,0.0766,0.0,0.0852,0.694,115.062,52,Punk
Fug,1973,264360,4,0.672,0.65,5,-9.362,0,0.056,0.268,0.691,0.15,0.681,104.674,28,Funk
Cherish,1966,332000,4,0.68,0.389,8,-13.239,1,0.0545,0.0121,0.0834,0.105,0.68,80.145,61,Pop
Let's Go Disco - Single Version,1977,252906,4,0.84,0.813,7,-7.873,0,0.0482,0.0797,0.861,0.0548,0.758,127.366,6,Disco
Sweetie Come Brush Me,1972,203653,4,0.877,0.54,7,-7.158,0,0.0692,0.0669,4.35e-05,0.0748,0.655,74.557,17,Reggae
Wig,1989,261893,4,0.595,0.939,0,-8.014,1,0.0507,0.0036,0.0,0.161,0.801,124.124,23,Alt. Rock
Luv U Better,2002,286906,4,0.667,0.808,6,-3.878,1,0.238,0.239,0.0,0.298,0.712,95.075,51,Rap
Chariots Of Fire,1982,202000,4,0.455,0.444,1,-9.8,1,0.0323,0.049,0.0635,0.112,0.0396,136.308,40,Pop
Me and the Devil Blues,1937,154666,4,0.717,0.111,11,-13.805,1,0.0873,0.931,0.000163,0.107,0.15,82.181,45,Blues
Love Is Gonna Get Ya,1981,298600,4,0.664,0.764,9,-12.496,0,0.035,0.061,0.000265,0.175,0.925,112.828,29,Disco
Coward Of The County,1979,258733,4,0.652,0.433,7,-12.843,1,0.0588,0.134,7.37e-06,0.146,0.675,91.471,64,Country
Be Somebody (feat. Kiiara),2019,198281,4,0.698,0.875,11,-4.665,1,0.0824,0.00557,1.88e-06,0.0618,0.39,115.012,33,EDM
Hold The Line,1979,235000,4,0.473,0.898,6,-4.797,0,0.0561,0.00783,0.0618,0.173,0.808,96.556,85,Pop
Forever and One (Neverland),1996,234533,3,0.176,0.703,8,-7.097,0,0.0417,0.0697,4.99e-06,0.247,0.404,185.878,52,Metal
Da Ya Think I’m Sexy?,1979,331000,4,0.715,0.689,2,-8.065,0,0.029,0.0143,0.000192,0.111,0.852,111.504,71,Pop
Cohesion,1983,116933,4,0.387,0.196,7,-22.884,1,0.0414,0.931,0.874,0.11,0.372,95.946,37,Punk
Money Move,1986,202893,4,0.794,0.416,8,-14.604,1,0.332,0.382,0.0,0.0723,0.819,81.077,13,Reggae
Jaded - 2007 Remaster,2007,111306,4,0.285,0.977,8,-3.69,1,0.109,0.0128,1.18e-06,0.712,0.599,172.213,41,Punk
Moonlight Feels Right,1976,221000,4,0.67,0.778,7,-8.11,1,0.0274,0.468,7.52e-05,0.115,0.853,120.391,47,Pop
Falls,2018,232936,4,0.391,0.696,6,-6.027,1,0.126,0.0394,0.000123,0.135,0.185,160.928,53,EDM
Niggaz My Height Don't Fight,1992,194600,4,0.801,0.871,1,-5.84,1,0.137,0.0167,0.0,0.0896,0.628,102.369,32,Rap
Goldie,2012,192066,4,0.697,0.849,10,-4.953,0,0.248,0.228,4.52e-05,0.493,0.734,81.956,63,Rap
Lean Wit Me,2018,175755,4,0.665,0.651,1,-5.515,1,0.156,0.0414,0.0,0.0896,0.237,163.935,77,Rap
Draw Me Close/Thy Will Be Done,1994,385985,4,0.508,0.304,1,-11.672,1,0.0337,0.777,0.0,0.178,0.154,102.739,52,Gospel
"Hallelujah,I Love Her So",1956,155506,4,0.696,0.547,5,-5.954,0,0.169,0.792,0.0,0.155,0.623,73.203,63,R&B
Death in Fire,2004,294893,4,0.479,0.986,4,-3.92,0,0.18,1.25e-06,0.634,0.117,0.164,130.015,41,Metal
Crazy Train,1980,293183,4,0.454,0.913,9,-4.008,1,0.107,0.408,0.000271,0.248,0.521,137.688,77,Metal
"Song to John,(Pt.1)",1978,262693,4,0.259,0.148,0,-20.706,1,0.0309,0.935,0.909,0.13,0.103,88.613,11,Jazz
Feel the Need,1976,234933,4,0.756,0.785,2,-13.134,1,0.0618,0.57,0.102,0.102,0.808,138.188,13,Funk
Welcome to Hell,1981,193200,4,0.16,0.976,6,-9.157,1,0.0569,0.00132,0.172,0.276,0.095,177.111,41,Metal
Bastards of Young,1985,217066,4,0.411,0.956,4,-5.447,1,0.159,0.0245,0.0,0.371,0.311,142.926,25,Punk
Money (feat. Red Rose),1981,239493,4,0.626,0.429,8,-7.208,1,0.242,0.402,0.0,0.0776,0.663,172.011,0,Reggae
Love,1976,397040,4,0.696,0.847,11,-3.755,1,0.0647,0.0716,0.0023,0.0911,0.832,114.14,15,Funk
War,1970,230106,4,0.571,0.752,1,-9.245,1,0.128,0.0535,0.0,0.105,0.721,109.015,48,Disco
Slow Ride,1975,494000,4,0.441,0.641,2,-10.527,1,0.0495,0.00608,0.00713,0.175,0.585,113.709,52,Rock
Look At Me (I'm A Winner)!,1997,215293,4,0.514,0.946,9,-5.734,1,0.0799,5.33e-05,3.67e-05,0.0933,0.888,159.964,31,SKA
Soul Fire,1978,231285,4,0.761,0.514,0,-12.017,1,0.0371,0.139,0.00248,0.0825,0.813,97.339,27,SKA
Stranded In The Jungle - Alternate Version,1973,243866,4,0.469,0.546,9,-9.277,1,0.0998,0.164,0.000566,0.0881,0.547,132.353,27,Punk
For Reasons Unknown,2006,212266,4,0.504,0.884,3,-4.214,1,0.0366,0.000458,0.0399,0.108,0.516,140.398,62,Alt. Rock
Welcome Back,1976,262000,4,0.764,0.744,1,-2.34,1,0.181,0.0109,0.000122,0.318,0.511,88.426,52,Pop
In Union We Stand,1987,265840,4,0.434,0.814,4,-10.124,0,0.0469,6.67e-05,1.54e-05,0.105,0.491,86.281,25,Metal
Cannabis,2000,265213,4,0.574,0.837,7,-6.192,1,0.0517,0.131,1.22e-05,0.104,0.95,120.88,47,SKA
(THEME From) Valley Of The Dolls,1968,218000,4,0.23,0.273,5,-13.277,1,0.0352,0.871,2.21e-06,0.059,0.0868,74.919,33,Pop
Ghetto Life,1981,261000,4,0.758,0.716,0,-8.609,1,0.0875,0.354,0.0,0.126,0.896,116.648,48,Funk
Don’t Cry Out Loud,1979,135000,4,0.298,0.252,0,-8.95,1,0.0339,0.901,8.58e-06,0.127,0.193,90.955,9,Pop
I Thank You,1968,178493,4,0.939,0.529,3,-8.271,0,0.0638,0.192,0.00175,0.0597,0.831,120.448,13,R&B
Ebonics (Criminal Slang),2000,201293,4,0.714,0.549,6,-12.306,1,0.452,0.00153,0.0,0.135,0.76,93.063,46,Rap
Release Me,1963,169000,1,0.152,0.00504,0,-34.183,1,0.0432,0.953,0.928,0.102,0.0303,136.702,57,Pop
Princess of the Dawn,1981,375466,4,0.649,0.584,2,-10.308,1,0.0421,0.038,0.117,0.446,0.478,128.851,44,Metal
Let Me Be Good to You,1977,325853,4,0.781,0.663,0,-10.136,0,0.0311,0.317,9.06e-05,0.0683,0.921,118.516,27,R&B
Little Lies,1987,221000,4,0.64,0.649,2,-10.345,1,0.0264,0.216,8.3e-05,0.0551,0.865,124.825,75,Pop
The Last Cowboy Song,1985,190560,3,0.596,0.176,2,-20.332,1,0.0452,0.729,0.0,0.163,0.502,126.303,47,Folk
Just A Friend,1990,241000,4,0.822,0.739,1,-4.541,0,0.0311,0.0264,4.28e-05,0.181,0.745,118.99,75,Pop
The Love I Lost (feat. Teddy Pendergrass),1973,384613,4,0.665,0.859,2,-4.532,1,0.0671,0.119,0.0,0.0769,0.639,123.387,54,R&B
I'm Still in Love With You,1970,201493,4,0.738,0.416,7,-9.108,1,0.0322,0.511,0.000197,0.122,0.769,86.535,24,Reggae
Surfin’ Bird,1964,137000,4,0.564,0.959,11,-13.125,0,0.0691,0.0146,0.638,0.208,0.834,101.239,54,Pop
Open Up,1973,212000,4,0.439,0.857,9,-6.114,1,0.0352,0.103,0.0,0.22,0.91,157.342,13,Rock
Miss My Baby,1976,440000,4,0.372,0.515,5,-12.551,1,0.0321,0.0182,1.29e-06,0.269,0.24,123.145,4,Rock
Give My Love to You,1979,214173,4,0.677,0.814,2,-8.665,1,0.0394,0.0735,0.46,0.57,0.851,106.123,13,Disco
You,2003,239466,4,0.487,0.87,10,-5.823,1,0.0839,0.141,0.0024,0.0386,0.779,171.554,35,SKA
Dream On,1983,198000,4,0.57,0.431,0,-14.096,1,0.0356,0.105,0.0116,0.124,0.333,98.64,27,Country
I Believe In You (YOU Believe In Me),1973,201000,4,0.612,0.744,8,-5.671,1,0.033,0.125,2.57e-06,0.0978,0.527,113.009,52,Pop
I (Who Have Nothing),1978,674813,4,0.631,0.525,0,-16.351,0,0.0423,0.00168,0.591,0.0916,0.822,129.054,17,Disco
Blowin’ In The Wind,1963,165000,4,0.38,0.0993,2,-20.567,1,0.0509,0.914,2.32e-05,0.0605,0.44,174.874,66,Pop
Armageddon It,1987,322000,4,0.65,0.921,9,-6.014,1,0.0359,0.000798,0.0298,0.134,0.648,119.8,51,Metal
One More Dance (with Alida),2019,145320,3,0.726,0.759,9,-5.107,0,0.0428,0.164,0.000448,0.0891,0.56,123.923,48,EDM
I Don't Want to Change You,1979,318946,4,0.772,0.819,2,-8.289,1,0.0632,0.0101,0.0879,0.0394,0.885,116.938,17,Disco
Ain’t Nothing Like The Real Thing,1968,138000,4,0.606,0.52,8,-11.312,1,0.036,0.0356,0.000628,0.354,0.765,93.449,55,Pop
Star On A TV Show,1976,252680,4,0.507,0.414,10,-10.338,1,0.0243,0.554,4.27e-06,0.245,0.546,91.527,11,Disco
Don’t Talk To Strangers,1982,180000,4,0.799,0.714,1,-9.472,0,0.0421,0.286,0.0,0.145,0.67,123.207,49,Pop
How Sweet It Is (To Be Loved By You),1964,177773,4,0.653,0.49,0,-10.106,1,0.0408,0.323,4.35e-06,0.0832,0.963,110.206,60,R&B
C.I.D.,1979,131920,4,0.436,0.798,9,-7.031,1,0.0649,0.0014,0.244,0.0726,0.895,177.66,27,Punk
Rump Shaker,1992,312000,4,0.888,0.822,5,-6.843,0,0.219,0.0025,0.0197,0.303,0.233,102.753,57,Pop
Night In Tunisia,1960,177906,4,0.499,0.422,2,-12.556,0,0.0657,0.969,0.959,0.199,0.751,175.765,19,Jazz
All Too Soon,1953,285066,5,0.362,0.208,1,-12.313,1,0.0373,0.87,0.619,0.225,0.503,86.761,16,Jazz
Stayin’ Alive,1978,285000,4,0.703,0.827,10,-7.179,0,0.0343,0.032,0.00636,0.179,0.944,103.564,77,Pop
My Journey To The Sky,1960,190772,4,0.548,0.363,8,-6.306,1,0.0337,0.873,0.0,0.0952,0.388,101.285,38,Gospel
Rescue,1980,271866,4,0.462,0.682,4,-10.902,0,0.0567,0.0931,1.82e-06,0.894,0.618,129.8,3,Alt. Rock
Living,1969,192000,4,0.182,0.679,2,-8.697,1,0.0457,0.611,0.0509,0.374,0.485,86.284,13,Rock
You Might Think,1984,184717,4,0.728,0.855,2,-6.031,1,0.0333,0.109,0.000576,0.113,0.971,133.887,63,Alt. Rock
(AT Your Best) You Are Love,1994,291000,4,0.626,0.441,9,-10.637,0,0.0308,0.761,0.0138,0.0685,0.563,78.094,62,Pop
Renegade,2015,191893,4,0.657,0.839,0,-5.397,1,0.0686,0.00602,0.00452,0.0871,0.547,120.054,46,EDM
Bright Size Life,1976,285600,4,0.405,0.342,7,-16.968,1,0.0278,0.58,0.656,0.1,0.556,82.139,43,Jazz
Bubbles In My Beer,1947,135173,4,0.405,0.251,0,-15.838,1,0.0397,0.994,0.951,0.356,0.744,171.704,34,Country
I Can Sing A Rainbow / Love Is Blue - Single Version,1969,206533,4,0.283,0.625,2,-8.528,1,0.0472,0.139,0.000749,0.305,0.764,80.689,22,R&B
500 Miles Away from Home,1963,162560,4,0.501,0.429,7,-10.803,1,0.0293,0.669,0.0,0.539,0.551,108.948,47,Country
Losing My Religion,1991,268426,4,0.666,0.855,9,-5.051,0,0.0295,0.179,1.2e-06,0.0987,0.803,125.639,83,Alt. Rock
I'll Remember April,1954,553066,4,0.508,0.482,2,-13.728,1,0.0805,0.509,0.04,0.147,0.649,144.252,25,Jazz
I’m Your Angel,1999,192000,4,0.648,0.331,4,-10.952,1,0.0274,0.776,0.000445,0.126,0.507,98.572,28,Pop
Honky Tonk Women,1969,181000,4,0.548,0.778,7,-6.367,1,0.0551,0.279,0.0247,0.0484,0.969,120.37,65,Pop
On The Rebound,1961,131000,4,0.804,0.479,7,-8.356,1,0.0285,0.631,0.00504,0.111,0.968,106.429,43,Pop
Tubular Bells,1974,1561000,4,0.374,0.219,4,-19.104,0,0.0343,0.564,0.56,0.114,0.0579,103.535,47,Pop
Crosswind,1974,222386,4,0.386,0.421,7,-15.788,1,0.0571,0.179,0.777,0.0695,0.899,184.859,29,Funk
Joyride,1991,150000,4,0.788,0.898,10,-4.653,0,0.0592,0.0182,0.000123,0.114,0.496,115.96,80,Pop
I Believe In You And Me,1997,241000,4,0.434,0.268,1,-11.52,0,0.0355,0.785,0.0,0.0881,0.121,119.804,47,Pop
Drive It Like You Stole It,2014,356453,4,0.608,0.68,5,-8.953,0,0.0818,0.106,0.934,0.31,0.419,85.962,41,EDM
The Jerk,1965,106000,4,0.28,0.993,11,-1.475,1,0.283,0.00185,0.0,0.332,0.31,143.049,40,Pop
(There's) No Gettin' Over Me,1981,199680,4,0.595,0.447,1,-10.342,0,0.0323,0.627,0.000586,0.3,0.787,200.528,58,Country
Please Mr. Postman,1961,149400,4,0.781,0.837,2,-5.245,1,0.0325,0.711,6.69e-06,0.0565,0.961,120.586,47,R&B
We Control The Sound,2011,329342,4,0.385,0.929,2,-4.332,1,0.194,0.00158,0.69,0.109,0.247,130.103,25,EDM
Blue Eyes,1982,156000,4,0.702,0.616,6,-4.903,1,0.326,0.686,0.0,0.145,0.507,80.482,63,Pop
Bye Bye Bird - Mono Version,1955,159306,4,0.641,0.675,0,-10.554,1,0.0372,0.337,0.335,0.134,0.97,175.397,28,Blues
Yee,2016,168753,4,0.718,0.993,5,-4.116,0,0.046,0.143,0.855,0.108,0.616,127.998,48,EDM
Over,1997,235533,4,0.632,0.712,1,-9.439,1,0.0434,0.453,0.000247,0.113,0.175,74.132,45,Alt. Rock
White Rabbit,1967,150000,4,0.551,0.293,2,-12.503,1,0.0272,0.486,0.000273,0.0864,0.322,106.798,67,Pop
So What,1959,544666,4,0.505,0.189,2,-16.352,1,0.0363,0.785,0.00974,0.112,0.236,137.378,26,Jazz
Crystal - 2017 Remaster,1975,311000,3,0.559,0.289,4,-12.848,0,0.0315,0.618,0.000393,0.111,0.201,123.845,27,Rock
I'm Sitting On Top Of The World,1951,138506,4,0.75,0.554,7,-10.671,1,0.0375,0.548,0.0321,0.111,0.787,114.686,12,Jazz
Walkin' Blues,1975,160493,4,0.647,0.149,7,-13.65,1,0.0673,0.989,0.052,0.109,0.396,95.145,24,Blues
My Life,2008,320893,4,0.67,0.765,11,-5.019,1,0.352,0.0731,0.0,0.0567,0.383,148.126,57,Rap
R.O.C.K. In The U.S.A.,1986,174000,4,0.432,0.958,9,-4.009,1,0.0819,0.00943,2.79e-06,0.227,0.874,164.018,61,Pop
Twilight Time,1958,165400,3,0.473,0.324,9,-13.663,1,0.0429,0.726,0.0,0.292,0.332,115.189,39,R&B
My Tennessee Mountain Home,1973,187560,3,0.577,0.27,0,-10.689,1,0.0273,0.697,0.0,0.273,0.545,88.072,46,Country
For Always,1987,244200,4,0.326,0.225,2,-15.983,1,0.0304,0.769,0.0,0.141,0.0532,59.745,25,Gospel
Die Slow (with Strick),2019,237572,4,0.558,0.211,10,-14.575,1,0.0453,0.799,0.000385,0.106,0.159,80.688,46,Rap
Don’t Fall In Love With A Dreamer,1980,220000,4,0.406,0.38,9,-12.516,1,0.0271,0.00199,0.863,0.125,0.215,159.918,0,Pop
Round Midnight,1961,393400,4,0.452,0.0826,3,-22.006,0,0.0503,0.995,0.889,0.18,0.313,66.428,24,Jazz
Do Fries Go With That Shake - Know What I'm Sayin' Remix,1986,263800,4,0.938,0.689,6,-8.839,0,0.111,0.0626,1.27e-05,0.0387,0.673,107.978,27,Funk
Don’t It Make My Brown Eyes Blue,1977,158000,4,0.587,0.237,6,-16.541,1,0.0407,0.499,1.31e-06,0.614,0.368,85.383,7,Pop
Let Me Go,2008,243053,4,0.48,0.863,1,-4.914,0,0.0385,0.0181,0.0,0.111,0.491,91.972,55,Alt. Rock
Star Guitar,2002,387173,4,0.492,0.956,5,-4.186,1,0.0472,0.00892,0.872,0.288,0.36,126.968,48,EDM
Spirits In The Material World,1982,189000,4,0.552,0.656,9,-9.094,0,0.191,0.215,0.0,0.686,0.785,149.376,13,Pop
Cat with 2 Heads!,1997,181240,4,0.405,0.95,8,-5.636,1,0.0726,0.0168,0.07,0.112,0.497,101.993,30,SKA
New Happy Birthday Song? - Live,1994,74706,4,0.498,0.755,0,-8.704,1,0.0664,0.0279,0.0,0.891,0.731,78.458,20,Punk
Come Softly to Me,1959,144000,4,0.601,0.095,1,-18.478,1,0.0374,0.93,0.000285,0.116,0.672,122.975,56,Pop
When She Cries,1993,222000,4,0.666,0.521,9,-10.993,1,0.0292,0.114,0.0,0.0604,0.361,105.223,63,Pop
I've Grown Accustomed To Your Face,1962,292426,4,0.561,0.0704,3,-17.745,1,0.0428,0.94,0.438,0.106,0.513,68.503,26,Jazz
Holding On,1974,158762,4,0.637,0.571,7,-10.169,0,0.0391,0.404,3.68e-06,0.117,0.9,122.738,4,Disco
Get Dressed,1982,221666,4,0.849,0.896,9,-9.31,1,0.24,0.484,1.33e-06,0.897,0.454,108.013,21,Funk
I've Got That Old Feeling,1990,176400,4,0.667,0.351,2,-7.352,1,0.0261,0.741,0.00578,0.186,0.397,113.026,33,Country
Held,2013,264120,3,0.574,0.333,3,-9.184,1,0.0269,0.161,0.0,0.113,0.2,97.915,37,Gospel
"Someone Else Is Steppin' In (Slippin' Out,Slippin' In)",1994,261959,4,0.497,0.86,10,-7.493,0,0.156,0.12,0.000153,0.657,0.668,103.696,18,Blues
No Beef,2012,361941,4,0.741,0.838,11,-5.181,0,0.0404,0.0229,0.31,0.0649,0.234,127.98,44,EDM
Who Knows (feat. Chronixx) - SHY FX Remix,2013,252247,4,0.718,0.821,5,-5.581,0,0.0884,0.0037,9.29e-05,0.33,0.653,87.012,48,Reggae
Say You Will,1988,377000,4,0.603,0.401,0,-10.155,0,0.0306,0.542,0.225,0.103,0.347,172.633,54,Pop
Honeysuckle Rose,1937,166826,4,0.551,0.507,5,-7.801,1,0.0542,0.976,0.949,0.127,0.961,188.702,37,Jazz
Found a Cure,1979,421040,4,0.745,0.759,3,-6.69,0,0.0534,0.0548,0.0967,0.0848,0.862,123.598,29,Disco
Behold Jah Jah,1990,218840,4,0.847,0.41,9,-12.531,0,0.193,0.0142,0.0,0.206,0.821,75.986,3,Reggae
Safari,1993,211906,4,0.443,0.715,1,-12.456,1,0.033,0.00746,0.353,0.151,0.639,114.491,36,Alt. Rock
The Saddest Song,2007,198746,4,0.564,0.912,0,-4.997,1,0.0625,0.0117,1.11e-06,0.359,0.935,144.67,31,SKA
For Loving You,1967,165440,4,0.537,0.287,3,-15.849,1,0.0334,0.847,0.000466,0.342,0.575,81.344,26,Country
Christine,1980,179600,4,0.687,0.729,7,-8.112,0,0.0675,0.134,5.18e-05,0.0977,0.382,74.886,49,Punk
Still Got the Blues,2013,354000,3,0.274,0.377,4,-9.516,0,0.0333,0.597,0.018,0.109,0.332,187.843,22,Rock
Enjoy the Ride,2015,211693,4,0.556,0.873,1,-1.145,1,0.164,0.237,2.63e-06,0.078,0.485,127.993,46,EDM
Take Good Care Of Her,1961,149000,3,0.378,0.253,8,-12.243,1,0.036,0.912,0.0,0.109,0.423,100.053,34,Pop
What One Dance Can Do,1997,252146,4,0.805,0.657,0,-7.067,1,0.0652,0.0329,0.0,0.0965,0.53,89.946,44,Reggae
On A Carousel,1967,192000,4,0.586,0.627,0,-7.938,1,0.0318,0.523,2.69e-05,0.57,0.712,121.234,31,Pop
(Get A) Grip [on Yourself] - 1996 Remaster,1996,239986,4,0.521,0.854,7,-9.245,1,0.046,0.000909,0.108,0.106,0.777,141.847,37,Punk
The Toxic Waltz,1989,290280,4,0.262,0.988,11,-4.922,0,0.253,0.00655,0.897,0.132,0.227,91.319,49,Metal
The Pinocchio Theory,1977,366040,4,0.782,0.933,10,-5.343,0,0.105,0.216,1.32e-06,0.0544,0.858,102.089,22,Funk
Leaving On A Jet Plane,1970,245000,4,0.406,0.188,7,-13.039,1,0.0324,0.852,0.0,0.105,0.629,120.757,62,Pop
Girl I’m Gonna Miss You,1989,264000,4,0.732,0.566,9,-7.76,1,0.0505,0.131,4.16e-05,0.184,0.763,75.692,36,Pop
Road Rash,1998,121666,4,0.572,0.914,5,-5.995,1,0.0542,0.0753,0.000253,0.284,0.963,148.733,45,SKA
It Serves You Right To Suffer,1966,308000,3,0.747,0.15,2,-21.779,1,0.0634,0.349,0.061,0.11,0.487,84.588,28,Blues
Super Sporm,1978,720466,4,0.755,0.689,7,-8.634,1,0.112,0.00264,0.214,0.126,0.758,115.042,11,Funk
Running Bear,1960,165000,4,0.61,0.688,7,-9.308,1,0.0357,0.573,0.0,0.164,0.761,119.831,41,Pop
Rip It Up,1956,141400,4,0.895,0.636,5,-6.043,1,0.06,0.672,3.31e-06,0.0207,0.967,95.922,54,R&B
Summer,1976,396840,4,0.628,0.415,7,-12.552,1,0.0339,0.293,0.00029,0.0877,0.687,105.138,42,Funk
Say Man,1959,190413,4,0.76,0.577,8,-14.973,1,0.198,0.16,0.0,0.0522,0.792,122.299,20,R&B
Only The Lonely,1982,145000,4,0.57,0.529,5,-10.769,1,0.028,0.377,0.00509,0.203,0.934,123.273,64,Pop
"Theme from ""The Dukes of Hazzard"" (Good Ol' Boys)",1980,126786,4,0.631,0.888,5,-8.491,1,0.0375,0.171,0.0433,0.146,0.925,147.824,56,Country
Black Roses,1982,187600,4,0.815,0.521,1,-7.043,1,0.0795,0.0658,0.00435,0.118,0.87,84.985,61,Reggae
The Impression That I Get,1997,195195,4,0.546,0.65,4,-17.176,1,0.0535,0.0447,0.000659,0.117,0.725,90.67,66,SKA
Everybody's A Masterpiece,1976,167000,4,0.703,0.602,0,-10.57,1,0.0292,0.409,3.36e-06,0.139,0.939,113.427,5,Rock
Shoot Shoot - 2007 Remaster,1978,219893,4,0.475,0.912,2,-7.023,1,0.058,3.78e-05,2.25e-05,0.0806,0.592,137.805,29,Metal
Chocolate (feat. Young Thug and Gunna),2021,208372,4,0.858,0.614,1,-6.757,0,0.23,0.207,0.0,0.19,0.755,128.996,52,Rap
Ain't No Tellin',1928,173666,4,0.601,0.138,0,-17.797,1,0.0457,0.994,0.321,0.108,0.719,100.75,6,Blues
Heaven's On Fire,1984,201000,4,0.679,0.866,0,-6.053,1,0.0635,0.00376,3.1e-05,0.312,0.785,124.324,65,Metal
Stop to Start,1975,202733,4,0.435,0.385,4,-14.478,1,0.0385,0.575,0.000319,0.483,0.316,63.103,36,Disco
The Way It Goes,1998,241957,4,0.573,0.431,5,-9.066,0,0.0309,0.83,0.0,0.104,0.642,97.371,40,Folk
When Can I See You,1994,229600,4,0.754,0.472,8,-11.787,1,0.0807,0.257,2.09e-05,0.121,0.613,169.199,50,R&B
Drunken Lullabies,2002,230640,4,0.386,0.966,7,-4.258,1,0.0716,0.00152,0.0248,0.0791,0.862,155.994,61,Punk
Here Comes The Rain Again,1984,294000,4,0.648,0.755,0,-7.901,1,0.03,0.0139,0.000253,0.225,0.607,126.341,65,Pop
Remember the Time,1992,239226,4,0.831,0.921,5,-2.383,0,0.0582,0.153,0.00224,0.305,0.795,108.002,73,R&B
This Magic Moment / Dance with Me - Remix,1981,429066,4,0.797,0.632,11,-9.237,1,0.0624,0.0562,0.0417,0.105,0.964,121.68,4,Disco
May 16,1998,176960,4,0.337,0.985,2,-4.675,1,0.0787,0.000409,0.00027,0.238,0.371,103.95,50,Punk
"Swing Low,Sweet Chariot",2001,173079,1,0.539,0.569,7,-16.198,1,0.0529,0.621,0.00237,0.141,0.961,142.728,4,Gospel
Prom Queen,2016,217400,4,0.512,0.876,7,-4.833,1,0.0621,3.57e-05,2.54e-05,0.17,0.383,144.036,38,Rap
Don’t Disturb This Groove,1987,317000,4,0.521,0.878,9,-8.597,1,0.0542,0.286,6.8e-06,0.136,0.841,159.625,50,Pop
Roll To Me,1995,134000,3,0.427,0.813,0,-9.02,1,0.0737,0.0713,0.109,0.873,0.344,106.859,63,Pop
Young Turks,1982,302000,4,0.641,0.821,5,-8.783,0,0.0325,0.274,0.487,0.138,0.705,161.143,50,Pop
Look What Happened,1998,186360,4,0.322,0.922,4,-3.476,1,0.192,0.0235,0.0,0.191,0.524,186.7,47,SKA
Night Train,2008,257040,4,0.596,0.756,7,-6.372,1,0.0285,9.88e-05,0.105,0.27,0.41,92.355,31,Blues
Blood for Blood,2002,220666,4,0.239,0.986,3,-6.005,1,0.214,8.15e-05,0.131,0.146,0.173,126.413,34,Metal
Little Birdie,1964,202960,4,0.428,0.232,2,-18.741,0,0.0349,0.978,0.222,0.13,0.59,125.281,1,Folk
Better Days,1985,377000,4,0.484,0.653,11,-10.63,0,0.0532,0.193,0.000659,0.0526,0.458,110.708,36,Rock
Taking Everything,1999,325000,4,0.689,0.71,3,-5.395,0,0.0413,0.0886,0.0,0.107,0.306,113.722,26,Pop
Who’s That Girl,1987,178000,3,0.478,0.745,7,-5.784,0,0.356,0.155,0.0,0.099,0.644,71.111,68,Pop
Sometimes Love Just Ain’t Enough,1992,290000,4,0.582,0.447,10,-8.34,1,0.0269,0.69,0.0,0.0872,0.252,83.523,32,Pop
Elusive Butterfly,1966,168000,4,0.577,0.621,3,-8.217,1,0.0262,0.099,0.0,0.0945,0.78,94.982,38,Pop
Ribbon Of Darkness,1965,161973,4,0.564,0.343,2,-12.602,1,0.0283,0.771,1.36e-06,0.14,0.734,108.064,34,Folk
Game Of Love,1965,254000,4,0.59,0.929,2,-3.236,1,0.0478,0.0714,0.000153,0.0598,0.674,119.818,64,Pop
More Than Meets the Eye,2012,273226,4,0.458,0.984,11,-4.294,1,0.15,6.44e-06,0.515,0.0678,0.381,155.055,53,Metal
I'm Sprung,2005,231040,4,0.728,0.327,0,-11.596,0,0.0999,0.0948,0.0,0.103,0.195,100.0,72,Rap
Blues Power,1968,190346,3,0.455,0.298,7,-12.065,1,0.0869,0.184,4.24e-05,0.122,0.488,89.373,26,Blues
Fuck That Booty,1980,212933,4,0.327,0.878,4,-6.394,0,0.0601,3.16e-05,0.0252,0.0997,0.387,134.455,9,Punk
Book of Love,1958,162000,4,0.485,0.262,7,-13.286,1,0.0263,0.978,5.99e-05,0.117,0.332,98.536,58,Pop
Good Morning Little School Girl,1969,163600,4,0.404,0.64,4,-6.913,1,0.0581,0.071,0.0439,0.0942,0.968,176.476,22,Blues
Give Me Love - 1977,1977,462000,4,0.802,0.865,1,-6.768,0,0.0799,0.274,0.00704,0.0555,0.954,127.106,52,Disco
Mind of a Beast,2010,256982,4,0.473,0.955,1,-4.812,1,0.054,2.72e-05,0.902,0.0627,0.259,144.013,37,EDM
End of the Road - Live On MTV Unplugged,1997,234040,3,0.506,0.601,3,-8.087,1,0.0369,0.0733,0.0,0.674,0.486,143.753,28,R&B
Let It Whip,1982,281000,4,0.82,0.838,9,-6.86,0,0.041,0.109,0.00228,0.0452,0.947,132.125,56,Pop
Yakety Axe,1965,123240,4,0.608,0.691,0,-10.119,1,0.0331,0.305,0.629,0.067,0.921,118.942,31,Country
Let It Be Me,1964,280000,3,0.614,0.283,0,-8.008,1,0.027,0.472,0.0,0.114,0.331,107.673,54,Pop
Hold Your Head Up,1972,377000,4,0.502,0.488,7,-12.265,1,0.0261,0.3,0.128,0.319,0.74,89.279,42,Pop
Rock Is Dead,2000,189760,3,0.509,0.91,11,-6.531,0,0.038,8.78e-06,0.102,0.404,0.358,101.174,58,Metal
Riddle,1992,309813,4,0.805,0.54,10,-5.047,0,0.0406,0.139,1.7e-05,0.0753,0.701,95.999,28,R&B
24 Hour Roadside Resistance,2004,117466,4,0.45,0.998,2,-1.378,1,0.0784,0.00118,0.0,0.146,0.31,131.809,32,SKA
Tom's Diner,1984,228306,4,0.86,0.439,6,-12.264,0,0.0495,0.0204,0.0147,0.0465,0.725,99.144,57,Folk
Autumn Leaves,1998,289560,4,0.367,0.0445,10,-19.014,0,0.035,0.976,0.0283,0.734,0.118,147.411,46,Folk
Eloise,1985,308000,4,0.271,0.674,11,-10.18,1,0.0374,0.191,2.62e-06,0.247,0.413,142.823,39,Punk
New Horizons,1972,310000,4,0.187,0.611,5,-9.277,1,0.0349,0.145,0.829,0.22,0.45,157.119,32,Rock
Hallucinations,1953,146440,4,0.473,0.169,5,-18.467,1,0.0558,0.995,0.956,0.119,0.548,123.27,20,Jazz
Rock Away,1992,239200,4,0.722,0.544,8,-5.924,1,0.075,0.0969,0.0,0.0836,0.805,83.789,53,Reggae
I Wanna Dance with Somebody (Who Loves Me),1987,291293,4,0.709,0.824,1,-8.824,1,0.0453,0.207,0.000307,0.0888,0.867,118.818,83,R&B
If You Don't Know Me by Now (feat. Teddy Pendergrass),1972,205906,3,0.345,0.465,11,-9.55,1,0.0355,0.721,0.000371,0.582,0.457,94.983,59,R&B
I´m an Upstart,1981,150752,4,0.325,0.823,2,-4.347,1,0.0567,0.107,1.56e-05,0.888,0.586,95.014,27,Punk
T.S.O.P. (The Sound of Philadelphia) (feat. The Three Degrees),1974,222346,4,0.707,0.854,7,-8.231,0,0.0286,0.149,0.117,0.0987,0.96,114.022,46,Disco
They're Red Hot,1936,176160,4,0.727,0.208,0,-14.347,1,0.355,0.972,4.84e-05,0.119,0.664,114.842,31,Blues
I’m Doin’ Fine Now,1973,240000,4,0.789,0.743,7,-12.758,0,0.0341,0.00162,0.455,0.0416,0.96,115.984,8,Pop
Rudolph The Red-Nosed Reindeer,1957,130026,4,0.671,0.275,0,-12.755,1,0.0385,0.671,0.0,0.199,0.806,152.649,46,Folk
Flash Light,1977,346666,4,0.702,0.735,7,-10.458,0,0.0465,0.243,0.117,0.474,0.687,105.177,56,Funk
Sandstorm,1999,225493,4,0.528,0.965,11,-7.984,0,0.0465,0.141,0.985,0.0797,0.587,136.065,70,EDM
Viet Nam,1983,89666,4,0.716,0.877,2,-9.299,1,0.281,0.0128,0.000918,0.114,0.956,160.513,44,Punk
Lonely Night (ANGEL Face),1976,198000,4,0.593,0.698,0,-9.163,1,0.191,0.508,2.23e-05,0.0796,0.647,122.139,25,Pop
Wanted Dread and Alive - 2002 Remaster,1976,268213,4,0.795,0.731,9,-6.056,1,0.0529,0.381,0.00163,0.0548,0.884,96.161,52,Reggae
Sorrow,2001,201293,4,0.514,0.911,7,-4.595,1,0.0528,0.00191,4.78e-06,0.0736,0.848,139.971,52,Punk
Angel,1985,235000,4,0.74,0.766,6,-2.939,1,0.178,0.116,0.0,0.0406,0.807,170.531,75,Pop
The Seventh Son,1965,274000,4,0.255,0.977,4,-4.672,0,0.11,0.00862,2.68e-06,0.0776,0.31,161.737,43,Pop
Old Time Religion - Take 1,2001,138560,4,0.396,0.442,10,-9.62,1,0.0948,0.93,0.0,0.123,0.884,202.051,2,Gospel
Mama's Opry,1994,205973,4,0.569,0.244,11,-13.323,1,0.101,0.672,0.0,0.109,0.597,166.23,24,Folk
Police Dog Blues,1929,172533,4,0.449,0.253,11,-17.895,0,0.0362,0.98,0.00412,0.251,0.682,89.566,29,Blues
I Was Made For Dancin’,1979,196000,4,0.689,0.584,11,-13.957,0,0.0314,0.0319,0.00275,0.327,0.837,127.132,44,Pop
Woman in Love,1978,253960,4,0.599,0.374,5,-12.239,0,0.0359,0.225,0.0,0.0408,0.581,79.413,35,Disco
Give It Up,1990,192866,4,0.512,0.806,5,-8.044,1,0.115,0.0612,0.0,0.205,0.833,176.918,13,SKA
Long Division,1995,132493,4,0.754,0.814,11,-8.535,0,0.0496,0.123,0.838,0.0847,0.626,132.969,44,Punk
"This One's Gonna Hurt You (For A Long,Long Time)",1991,208026,4,0.645,0.352,8,-10.491,1,0.0253,0.138,1.43e-05,0.0843,0.651,107.662,43,Country
NEW MAGIC WAND,2019,195320,4,0.621,0.73,5,-5.414,0,0.107,0.0967,0.000131,0.673,0.464,139.566,78,Rap
Mixed Up Moods,1976,326826,4,0.69,0.547,9,-8.123,0,0.106,0.0921,1.29e-06,0.056,0.872,76.529,34,Reggae
Badlands,1989,444453,4,0.372,0.912,9,-8.832,0,0.0713,0.00163,0.0275,0.297,0.459,166.889,34,Metal
Mind Blowing Decisions,1978,259453,4,0.705,0.448,0,-11.375,1,0.0502,0.473,0.0,0.126,0.703,92.417,43,Funk
You Better Get It While You Can (The Ballad of Carl Martin),1984,269866,4,0.719,0.297,9,-13.46,1,0.106,0.438,0.0,0.132,0.616,88.771,11,Folk
Burning Like A Flame,1985,284533,4,0.488,0.927,7,-5.724,1,0.065,0.00169,0.0,0.361,0.409,138.241,35,Metal
SING,2004,270386,4,0.606,0.942,2,-3.618,1,0.0357,0.000233,7.07e-06,0.106,0.373,110.98,57,Alt. Rock
Hoodoo Man Blues,1965,126933,4,0.708,0.324,2,-13.247,1,0.332,0.442,0.000147,0.149,0.638,103.924,30,Blues
Frontin' (feat. Jay-Z) - Club Mix,2003,236506,4,0.894,0.404,9,-5.913,0,0.13,0.453,1.57e-06,0.0801,0.759,102.009,64,Rap
Rough Rider,1967,191164,4,0.885,0.484,2,-11.131,0,0.193,0.106,0.437,0.0811,0.818,86.362,24,SKA
She Loves Me Not,2002,209572,4,0.598,0.955,2,-4.52,1,0.0916,0.00122,0.0,0.243,0.402,119.126,59,Alt. Rock
E-Pro,2005,202360,4,0.624,0.959,11,-6.253,0,0.0769,0.00133,0.171,0.101,0.69,95.794,57,Alt. Rock
Drop The Pilot,1983,221986,4,0.672,0.488,1,-15.441,1,0.0349,0.0349,4.32e-06,0.131,0.964,127.887,49,Folk
Angel In Your Arms,1977,150000,4,0.694,0.828,11,-4.653,0,0.0336,0.0399,0.0,0.0796,0.407,126.002,57,Pop
A Shade Of Jade - Rudy Van Gelder Edition/2003 Digital Remaster/24 Bit Mastering,1963,428200,4,0.445,0.651,5,-10.226,0,0.0385,0.61,7.66e-06,0.0853,0.602,135.523,17,Jazz
Daydreams About Night Things,1975,142773,4,0.631,0.54,2,-8.983,1,0.0322,0.542,0.0,0.115,0.934,138.8,53,Country
Make Me A Pallet On Your Floor,1928,273866,4,0.659,0.0892,5,-24.304,1,0.0345,0.937,0.185,0.11,0.756,98.443,37,Blues
Wonder Woman,2015,199040,4,0.751,0.667,1,-6.967,1,0.116,0.142,0.0202,0.0714,0.785,79.962,32,Funk
It Ain’t My Fault 1 & 2,1999,210000,4,0.743,0.567,4,-12.468,0,0.257,0.196,0.0,0.228,0.755,90.096,0,Pop
Cool The Engines,1986,263000,4,0.434,0.658,11,-14.211,1,0.0428,0.0433,0.00201,0.0992,0.571,111.641,46,Rock
Don't Call Me White,1994,153280,4,0.396,0.953,4,-4.604,1,0.129,6.57e-05,8.87e-05,0.211,0.356,94.323,22,Punk
Trip at the Brain,1988,271373,4,0.299,0.914,4,-12.181,0,0.048,0.00106,0.0119,0.102,0.637,103.469,42,Metal
Uptight (Everything's Alright),1966,174400,4,0.593,0.642,5,-9.894,0,0.0304,0.186,0.0,0.129,0.919,133.281,57,R&B
Do You Remember These?,1973,173893,4,0.742,0.535,5,-9.715,1,0.0328,0.67,0.0,0.145,0.922,99.202,35,Country
Here and Now,1989,323000,4,0.571,0.285,7,-14.453,1,0.027,0.528,0.0,0.0853,0.244,74.967,54,R&B
No One On Earth (Above & Beyond Respray) [Mixed] - Gabriel & Dresden Remix,2009,73840,3,0.533,0.907,1,-6.942,1,0.0366,0.00598,0.846,0.319,0.388,130.027,21,EDM
Lady's Blues,1968,226346,4,0.341,0.352,5,-12.68,1,0.0372,0.932,0.939,0.23,0.259,75.823,1,Jazz
Only You (And You Alone),1955,156560,4,0.34,0.308,3,-10.518,1,0.0284,0.935,0.0,0.135,0.336,79.923,61,R&B
Whateva Man,1996,188546,4,0.581,0.712,6,-7.803,0,0.476,0.27,0.0,0.895,0.709,172.573,38,Rap
Trailer Load A Girls,1994,231760,4,0.915,0.781,6,-3.537,1,0.0601,0.289,0.0,0.177,0.901,96.254,23,Reggae
Butta Love,1997,296000,4,0.735,0.441,1,-8.412,0,0.0407,0.0972,0.0,0.0967,0.591,108.015,50,Pop
All For Love,1994,251000,4,0.666,0.665,2,-7.181,1,0.0534,0.309,0.0,0.0961,0.474,116.002,59,Pop
Sonnet,1997,261360,4,0.433,0.725,0,-7.296,1,0.0244,0.12,4.34e-05,0.225,0.376,89.059,64,Alt. Rock
Heartaches By The Numbers,1960,151000,4,0.614,0.562,5,-11.999,1,0.083,0.484,4.58e-06,0.12,0.814,171.679,43,Pop
The Most Beautiful Girl,1973,161906,4,0.576,0.318,7,-14.366,1,0.0286,0.661,7.47e-06,0.167,0.41,103.493,59,Country
Weak,1993,201000,4,0.67,0.643,5,-4.553,1,0.0466,0.118,0.0,0.192,0.703,123.977,63,Pop
I Didn’t Mean To Turn You On,1986,423000,4,0.771,0.824,9,-10.088,1,0.057,0.0629,0.0318,0.787,0.746,120.247,45,Pop
Cry,1951,186000,4,0.711,0.48,10,-5.251,1,0.0365,0.104,1.55e-05,0.0894,0.352,107.948,82,Pop
God Of Thunder - 2012 Remix,1976,253000,4,0.304,0.882,1,-6.132,0,0.0421,0.0045,5.34e-05,0.426,0.591,99.334,35,Metal
Baby Hold On,1978,213000,4,0.637,0.598,2,-13.664,1,0.0535,0.317,0.0,0.0622,0.806,120.253,55,Pop
Social Living,1980,169466,4,0.717,0.441,0,-13.713,1,0.131,0.0388,1.61e-05,0.171,0.654,130.362,24,Reggae
Can’t We Try,1987,257000,4,0.744,0.771,0,-8.673,1,0.0395,0.0355,0.00138,0.113,0.957,132.074,35,Pop
I Need You So Bad,1967,296506,4,0.438,0.359,9,-14.602,1,0.0326,0.735,0.00118,0.0968,0.901,101.703,28,Blues
Dream On,1976,267000,4,0.392,0.476,1,-7.583,1,0.0249,0.397,0.000163,0.309,0.234,78.031,82,Pop
Technicolor,2015,385413,4,0.535,0.809,2,-3.382,0,0.0385,0.000232,0.25,0.106,0.0662,127.027,37,EDM
Last Night,1961,163000,4,0.492,0.673,6,-5.431,1,0.0347,0.413,0.0,0.137,0.488,203.812,84,Pop
One of a Kind (Love Affair),1973,214146,4,0.608,0.428,1,-11.625,1,0.109,0.263,0.0,0.093,0.881,176.735,39,R&B
Let’s Groove,1982,385000,4,0.54,0.972,4,-5.224,0,0.11,0.00997,0.00338,0.92,0.335,131.837,16,Pop
West End Blues,1950,199893,4,0.457,0.268,3,-11.426,1,0.0585,0.989,0.83,0.0848,0.376,83.369,35,Jazz
Feeling This,2003,172645,4,0.411,0.962,4,-5.952,1,0.0917,0.103,0.0,0.529,0.622,173.143,70,Alt. Rock
Gravy (FOR My Mashed Potatoes),1962,128000,4,0.793,0.798,2,-5.62,1,0.0335,0.507,2.09e-06,0.203,0.97,129.964,31,Pop
Away We Go Again,1995,382626,4,0.446,0.345,7,-16.342,1,0.0805,0.662,0.0474,0.327,0.265,106.516,9,Folk
Be Near Me,1985,219000,4,0.719,0.589,5,-11.87,1,0.0302,0.128,0.1,0.13,0.819,124.685,41,Pop
Forever,1961,141746,3,0.573,0.431,0,-6.962,1,0.0292,0.938,0.00995,0.17,0.722,174.661,44,R&B
What Is Hip?,1973,304733,4,0.666,0.733,9,-5.884,1,0.0563,0.138,0.000349,0.0892,0.597,101.858,47,Funk
Signed Sealed Delivered I'm Yours,1970,158266,4,0.645,0.694,5,-8.553,1,0.0318,0.0255,0.0,0.0805,0.813,109.068,25,R&B
Trying to Make a Fool of Me,1968,183973,4,0.551,0.723,4,-6.003,1,0.029,0.579,0.0,0.594,0.733,78.296,28,R&B
That's the Way the World Goes Round,1978,200240,4,0.636,0.454,5,-16.548,1,0.0615,0.599,0.00343,0.304,0.806,155.547,10,Folk
Under Your Scars,2018,231118,4,0.24,0.762,11,-4.156,0,0.0407,0.0583,2.07e-06,0.122,0.215,165.26,57,Metal
Paper Trail$,2015,194738,4,0.548,0.829,1,-4.103,0,0.285,0.339,0.0,0.537,0.452,93.62,59,Rap
Golden Ring,1976,182466,4,0.533,0.52,11,-12.32,1,0.0472,0.53,0.0,0.173,0.652,83.194,40,Country
Hip Hop Hooray,1993,267000,4,0.862,0.642,6,-13.652,0,0.101,0.102,0.0,0.272,0.765,99.2,68,Pop
"For the Love of You,Pts. 1 & 2",1975,339960,4,0.686,0.374,11,-11.029,0,0.0439,0.665,1.91e-05,0.101,0.693,102.879,57,R&B
Sleep Talking Blues (Take 1),1928,193733,4,0.555,0.281,9,-13.312,0,0.0566,0.96,0.0,0.33,0.435,80.05,0,Blues
Runaway Love,1978,588800,4,0.659,0.871,5,-9.2,0,0.046,0.219,0.00935,0.145,0.85,106.413,23,Disco
Exit,1995,217026,4,0.395,0.992,4,-7.055,1,0.17,0.00025,7.99e-05,0.087,0.0889,96.085,27,Punk
Feeling Good,1965,174000,4,0.451,0.326,7,-9.239,0,0.0372,0.863,0.0,0.192,0.55,81.726,73,Jazz
Bricks (feat. OJ & Yo Gotti),2013,285727,4,0.831,0.538,9,-6.537,1,0.332,0.0518,0.0,0.043,0.325,148.049,41,Rap
Beer (Song),1996,221093,4,0.466,0.922,10,-4.62,1,0.0462,0.0108,0.000279,0.366,0.926,176.919,39,SKA
Kiss From A Rose,1996,288000,3,0.584,0.533,10,-7.11,0,0.0305,0.684,0.0,0.306,0.224,131.745,72,Pop
Those Lazy-Hazy-Crazy Days Of Summer,1963,145000,4,0.416,0.726,6,-5.254,1,0.0573,0.687,0.0,0.27,0.895,182.219,42,Pop
Jesus Be a Fence Around Me (Live),1996,450920,4,0.57,0.915,1,-3.598,1,0.297,0.105,0.0,0.375,0.516,129.359,42,Gospel
"Epitaph - Including ""March for No Reason"" and ""Tomorrow and Tomorrow""",1969,526822,4,0.284,0.318,4,-12.919,0,0.0319,0.00721,0.00864,0.0858,0.0924,131.699,53,Alt. Rock
Disco Magic,1977,417091,4,0.526,0.803,6,-8.775,0,0.0391,0.206,0.371,0.0871,0.824,131.53,20,Disco
Delirious,1983,223000,4,0.706,0.912,8,-4.44,0,0.0565,0.0195,0.0,0.232,0.925,128.004,59,Pop
Outa-Space,1972,250866,4,0.715,0.827,1,-8.555,1,0.0369,0.14,0.176,0.243,0.901,116.213,41,Funk
Boogie Oogie Oogie,1978,245173,4,0.797,0.548,2,-9.228,0,0.0492,0.0401,1.05e-05,0.0994,0.868,123.686,53,Disco
Take This Oath,2006,226666,4,0.387,0.983,5,-4.063,0,0.16,4.03e-05,0.0811,0.207,0.316,184.006,42,Metal
Our Love Is Here To Stay - Rudy Van Gelder Edition / 2003 Remaster,1963,339160,4,0.521,0.471,5,-8.49,1,0.0504,0.587,0.0,0.301,0.723,165.215,27,Jazz
Rock The Boat,1974,274000,4,0.637,0.725,5,-5.073,1,0.0333,0.0702,0.00438,0.203,0.415,92.99,68,Pop
Paperback Writer,1966,138000,4,0.472,0.856,7,-6.03,1,0.0562,0.147,2.78e-06,0.595,0.841,78.696,50,Pop
21st Century (Digital Boy),1988,169013,4,0.447,0.979,5,-3.742,1,0.0565,6.71e-05,0.0,0.316,0.633,133.685,55,Punk
Round Midnight,1964,293626,4,0.531,0.0673,3,-25.452,0,0.0387,0.926,0.642,0.131,0.16,117.94,48,Jazz
Lights Go Out,2017,186666,4,0.653,0.942,11,-4.399,0,0.0416,0.00493,0.0543,0.112,0.24,125.994,47,EDM
"Battle of Marston Moor (July 2nd,1644)",1974,363000,4,0.434,0.358,7,-14.803,1,0.0485,0.973,0.521,0.114,0.453,121.151,13,Rock
Welcome To The Jungle,1987,273480,4,0.454,0.987,8,-4.485,1,0.0881,0.0195,0.279,0.268,0.316,123.61,82,Metal
The Dark,1986,252200,4,0.492,0.947,4,-9.013,1,0.0624,0.000207,0.00239,0.185,0.285,104.462,28,Metal
The Sacrifice,2013,342620,4,0.654,0.853,2,-4.661,1,0.101,0.119,0.379,0.143,0.0632,141.963,30,EDM
Catch Me,2015,192611,4,0.648,0.91,9,-3.459,0,0.0532,0.0101,0.00702,0.387,0.867,126.003,20,EDM
Plain Jane,2017,173600,4,0.797,0.844,11,-5.482,1,0.275,0.0651,0.0,0.087,0.52,170.142,70,Rap
Hello,1993,232533,4,0.903,0.61,10,-6.176,0,0.339,0.155,0.0,0.389,0.627,91.46,62,Rap
Crazy Rhythm,1937,182480,4,0.689,0.678,5,-7.465,1,0.0373,0.978,0.904,0.197,0.973,130.176,11,Jazz
"Shellshock - 7"" Edit; 2015 Remaster",1986,264453,4,0.673,0.956,2,-6.671,0,0.0465,0.0258,7.98e-05,0.2,0.818,122.276,39,Alt. Rock
She Blinded Me With Science,1983,221000,4,0.799,0.755,9,-11.538,1,0.0419,0.108,0.169,0.0661,0.975,128.695,54,Pop
The First Noel,2002,148000,3,0.436,0.15,0,-13.245,1,0.0303,0.871,0.0,0.131,0.55,101.452,2,Rock
Outshined - Remastered 2016,1991,311000,4,0.485,0.841,2,-6.068,0,0.0307,0.000173,0.00686,0.125,0.551,94.867,62,Alt. Rock
The Purge,2016,294053,4,0.621,0.641,10,-6.76,0,0.465,0.035,0.0,0.259,0.387,168.327,43,Rap
Funeral,1998,90840,1,0.271,0.377,7,-20.491,1,0.0787,0.656,0.105,0.186,0.0398,104.469,28,Metal
Blue Monk - Rudy Van Gelder Remaster,1954,456360,4,0.444,0.339,3,-16.936,1,0.0418,0.66,0.103,0.163,0.656,142.112,43,Jazz
The Things I Used to Do,1972,199466,4,0.389,0.122,0,-21.418,1,0.0686,0.783,0.000693,0.467,0.436,132.775,2,Blues
How Long Buck,1931,172573,4,0.575,0.397,10,-12.731,1,0.0537,0.994,0.918,0.165,0.643,99.041,6,Blues
Lucky Lips,1957,129600,4,0.651,0.478,10,-12.038,1,0.0494,0.67,0.0,0.189,0.965,161.01,31,R&B
I Want to Conquer the World,1989,137840,4,0.331,0.99,9,-3.27,1,0.146,0.0037,0.0,0.118,0.527,155.687,52,Punk
Numbers On The Boards,2013,163586,4,0.808,0.557,0,-5.538,0,0.118,0.158,0.0,0.0906,0.383,87.856,48,Rap
Vienna,1977,214000,4,0.532,0.495,10,-6.662,1,0.0343,0.659,0.0,0.0754,0.308,124.936,53,Rock
History Of A Boring Town,1998,202106,4,0.541,0.943,2,-4.27,1,0.0551,0.0323,0.0,0.0912,0.779,107.317,49,SKA
"Trouble No More - Live at the Municipal Auditorium,Austin,Texas September 28,1971",1969,317000,4,0.602,0.842,7,-9.307,1,0.05,0.283,0.519,0.628,0.821,110.368,20,Rock
Deny Everything,1983,31003,4,0.26,0.999,5,-2.479,1,0.208,0.22,0.0,0.11,0.071,189.464,30,Punk
Presence Of The Lord,1969,289133,4,0.485,0.51,9,-13.6,0,0.0475,0.542,0.385,0.163,0.573,120.501,38,Blues
Killer Joe,1969,311866,4,0.503,0.297,2,-16.374,0,0.0314,0.229,0.00119,0.0831,0.356,124.965,24,Jazz
Leather And Lace,1982,225000,4,0.49,0.432,3,-9.327,1,0.0298,0.639,0.0,0.104,0.367,153.753,57,Pop
The Lady Of Shalott,1997,693786,3,0.293,0.183,11,-12.761,0,0.0321,0.815,7.45e-06,0.0963,0.0985,98.333,27,Folk
Runaway,2008,547733,4,0.374,0.568,1,-3.825,0,0.109,0.219,0.00219,0.513,0.111,84.733,81,Rap
Watermelon Man,1965,245306,4,0.634,0.452,4,-7.865,1,0.127,0.609,0.000155,0.568,0.563,96.346,24,Blues
Baby-Baby-Baby,1992,315000,4,0.679,0.597,11,-8.601,0,0.0439,0.0913,0.000673,0.0487,0.9,184.174,50,Pop
Roll 'Em,1954,194604,4,0.529,0.273,10,-16.841,1,0.0372,0.979,0.897,0.0949,0.919,79.397,1,Jazz
Wind Beneath My Wings,1989,293000,4,0.51,0.458,10,-7.566,1,0.0289,0.551,0.0,0.0853,0.177,123.694,59,Pop
Hordes of Chaos (A Necrologue for the Elite),2009,304173,4,0.267,0.991,7,-4.608,1,0.159,1.97e-05,0.00484,0.652,0.116,104.82,38,Metal
Dust My Broom,1969,224693,4,0.595,0.612,4,-8.039,1,0.0304,0.112,0.212,0.155,0.866,121.852,4,Blues
Jive Talkin',1975,222266,4,0.811,0.545,7,-12.969,0,0.0579,0.155,0.0853,0.156,0.734,105.911,61,Disco
YOSEMITE,2018,150043,4,0.785,0.554,0,-6.571,1,0.0409,0.283,3.4e-06,0.116,0.144,128.047,73,Rap
Charley He's a Good Ol' Man,1963,132973,4,0.624,0.318,7,-13.209,1,0.0384,0.973,0.000229,0.165,0.887,108.407,2,Folk
Love Isn't Love,2007,229346,4,0.722,0.523,2,-7.339,1,0.0691,0.261,0.00646,0.231,0.966,151.76,22,SKA
Ghost Riders In The Sky,1949,195000,4,0.554,0.149,0,-14.247,0,0.0394,0.839,0.0,0.138,0.51,120.267,13,Country
Rebels Are We,1980,295013,4,0.96,0.766,5,-5.578,1,0.0424,0.49,0.00189,0.283,0.984,120.2,19,Disco
Touch Me Feel Me,2005,374706,4,0.621,0.685,7,-10.201,1,0.0474,0.0741,0.736,0.155,0.241,104.909,28,EDM
All Over The World,1980,244000,4,0.66,0.746,11,-7.696,0,0.04,0.624,1.49e-06,0.946,0.797,123.747,48,Pop
You Don't Know What You Mean to Me,1968,130039,4,0.704,0.695,1,-8.286,1,0.0452,0.648,0.0,0.134,0.958,121.886,19,R&B
Hold My Hand,1995,258000,4,0.22,0.769,11,-5.125,1,0.054,0.208,0.0,0.0985,0.495,170.773,62,Pop
Crazy Man Michael,1969,280600,4,0.6,0.255,2,-16.518,0,0.0339,0.819,0.00438,0.103,0.451,115.854,28,Folk
Songbird,1987,200000,4,0.58,0.0842,5,-15.52,1,0.0302,0.982,0.00126,0.11,0.388,92.123,65,Pop
Baby Got Back,1992,262000,4,0.926,0.669,1,-11.271,1,0.301,0.0051,0.0,0.0887,0.642,128.462,69,Pop
Of Wolf and Man,1991,256000,4,0.605,0.792,5,-6.87,1,0.0366,0.000988,0.0382,0.0852,0.47,121.768,51,Rock
You Can Get It If You Really Want,1970,158320,4,0.828,0.578,1,-7.825,1,0.0409,0.135,0.0,0.0592,0.893,128.087,47,SKA
Heat,2013,265000,4,0.367,0.466,11,-9.19,1,0.0276,0.386,0.0487,0.0757,0.116,104.169,23,Rock
You Won’t See Me,1974,199000,4,0.488,0.539,9,-8.752,1,0.0304,0.136,0.0,0.0538,0.473,115.941,53,Pop
What's Love Got to Do with It,1984,226880,4,0.851,0.406,1,-11.631,1,0.0661,0.219,6.41e-06,0.0853,0.792,97.84,67,R&B
Black Nights - Live,1973,247040,4,0.349,0.916,10,-3.427,1,0.0627,0.319,0.00324,0.955,0.629,116.139,2,Blues
The Price,1984,229000,4,0.503,0.56,5,-12.044,1,0.03,0.0382,0.0,0.059,0.548,77.865,56,Metal
Pink Shoe Laces,1959,159000,4,0.644,0.925,10,-4.926,1,0.27,0.676,0.0,0.38,0.816,155.276,36,Pop
Giant Steps - 2020 Remaster,1960,287843,4,0.417,0.42,0,-13.046,0,0.06,0.186,0.00111,0.185,0.517,147.143,49,Jazz
Breakfast At Tiffany’s,1996,257000,4,0.622,0.829,2,-5.548,1,0.029,0.11,0.0,0.0954,0.539,110.367,69,Pop
Kryptonite,2000,233933,4,0.545,0.865,11,-5.708,0,0.0286,0.00664,1.1e-05,0.168,0.543,99.005,80,Alt. Rock
Illegal Alien,1983,315000,4,0.617,0.899,10,-8.209,1,0.0445,0.0882,0.0038,0.378,0.962,144.313,39,Rock
I've Got Love If You Want It,1957,166240,4,0.616,0.839,3,-3.574,0,0.0368,0.2,0.0,0.273,0.725,151.855,37,Blues
Donna Lee,1947,154333,4,0.671,0.612,10,-8.885,0,0.053,0.727,0.00509,0.33,0.823,112.931,40,Jazz
England Swings,1965,112466,4,0.62,0.494,2,-11.215,1,0.0635,0.908,0.0,0.173,0.778,74.947,28,Country
Time Is Time,1981,186000,4,0.306,0.873,0,-3.668,0,0.0567,0.00105,0.0,0.52,0.452,198.387,66,Pop
For All We Know,1971,158000,4,0.307,0.237,7,-13.437,1,0.0304,0.879,1.65e-05,0.0871,0.194,135.6,58,Pop
Too Good To Be Forgotten,1974,198986,4,0.659,0.745,8,-8.098,0,0.0381,0.592,0.0,0.241,0.953,103.163,26,R&B
"""Yeah,I Don't Know What It's Like to Be Around a Bunch of Hipsters""",2000,255226,4,0.304,0.945,7,-3.594,1,0.227,0.00478,1.21e-06,0.0836,0.369,149.893,20,SKA
Lotus Blossom - Remastered 1990,1990,237066,3,0.332,0.036,10,-23.389,1,0.0355,0.992,0.854,0.137,0.047,65.879,7,Jazz
Count Me In,1965,189000,4,0.8,0.661,7,-8.291,1,0.0304,0.0204,0.000107,0.0687,0.59,92.015,58,Pop
I’m Sorry,1960,167000,5,0.445,0.455,7,-6.405,1,0.0575,0.731,1.47e-06,0.124,0.151,109.885,81,Pop
Close Friends (Lil Baby & Gunna),2018,203881,4,0.669,0.578,10,-4.669,0,0.374,0.0509,0.0,0.0796,0.7,158.969,70,Rap
A Satisfied Mind,1955,148893,3,0.543,0.268,10,-9.246,1,0.0314,0.798,0.0,0.106,0.459,140.804,35,Country
Jesus Is a Dying-Bed Maker,1929,174466,3,0.371,0.246,0,-16.552,1,0.0507,0.846,0.0322,0.477,0.435,68.793,0,Blues
Body and Soul,1935,205400,4,0.724,0.25,10,-12.122,0,0.0352,0.994,0.915,0.158,0.549,96.862,22,Jazz
Love My Way,1982,213973,4,0.637,0.85,0,-5.054,1,0.0351,0.00487,0.00018,0.152,0.52,126.106,65,Alt. Rock
Don’t Expect Me To Be Your Friend,1973,215000,4,0.607,0.419,2,-10.837,1,0.0279,0.181,0.000949,0.108,0.476,78.627,35,Pop
Goodbye To Love,1972,258000,4,0.432,0.261,4,-12.591,1,0.0512,0.953,0.00342,0.0903,0.273,89.567,68,Pop
Baby I’m Yours,1993,152000,4,0.462,0.595,2,-9.363,1,0.0347,0.215,0.0,0.184,0.64,113.719,70,Pop
Write Me a Letter,1973,252000,4,0.48,0.801,0,-6.4,1,0.0426,0.648,7.09e-05,0.0761,0.685,137.899,33,Rock
The Adverts,1978,186719,4,0.384,0.98,11,-2.463,0,0.168,0.017,4.84e-06,0.149,0.373,153.029,12,Punk
Along Comes a Woman - 2006 Remaster,1971,112000,4,0.489,0.511,2,-8.457,1,0.0277,0.0907,3.69e-05,0.636,0.634,96.415,14,Rock
I Wanna Be Somebody,1984,223533,4,0.285,0.825,1,-7.049,0,0.0466,0.000826,0.0,0.268,0.516,164.611,56,Metal
Ten Commandments Of Love,1958,242880,3,0.364,0.115,3,-14.185,1,0.04,0.901,2.07e-05,0.213,0.272,175.809,24,R&B
Disco Lady,1976,223000,4,0.79,0.728,7,-6.523,1,0.0612,0.025,0.00106,0.172,0.333,110.059,60,Pop
Yesterday Once More,1973,233000,4,0.254,0.38,4,-13.806,1,0.0337,0.672,0.0,0.379,0.408,168.496,67,Pop
Heaven Beside You,1995,327893,4,0.551,0.724,10,-7.09,0,0.032,0.00451,0.000167,0.116,0.559,111.243,61,Metal
Runaway (U & I),2014,227073,4,0.506,0.805,1,-4.119,1,0.0469,0.00711,0.00193,0.0856,0.383,126.008,76,EDM
Never Tear Us Apart,1988,185000,3,0.665,0.686,0,-5.849,1,0.0268,0.0518,0.000176,0.174,0.275,96.848,62,Pop
My Father,1966,304640,3,0.421,0.133,10,-14.588,1,0.0339,0.894,8.38e-05,0.122,0.11,121.456,20,Folk
Professional Rapper (feat. Snoop Dogg),2015,353959,3,0.684,0.621,11,-8.442,0,0.362,0.432,0.0,0.607,0.537,128.882,56,Rap
Riot Maker (Album Version (Explicit)),2008,331480,4,0.698,0.663,2,-3.444,1,0.335,0.0695,0.0,0.566,0.628,162.12,47,Rap
U Remind Me,2001,266893,4,0.657,0.629,6,-4.938,1,0.0782,0.194,0.0,0.254,0.726,93.985,72,R&B
My Favorite Things,1960,824133,3,0.277,0.242,4,-18.442,1,0.0342,0.694,0.464,0.113,0.285,175.384,44,Jazz
You Can't Bring Me Down,1988,348093,4,0.272,0.958,0,-10.797,1,0.381,0.00195,4.63e-05,0.0915,0.0382,136.867,53,Punk
Explosia,2012,399320,4,0.265,0.97,5,-5.634,0,0.0892,6e-05,0.741,0.33,0.173,120.335,43,Metal
Goldfinger,1965,168000,4,0.401,0.446,4,-9.646,1,0.0416,0.263,0.0,0.298,0.424,103.771,47,Pop
Carnival,1995,264000,4,0.594,0.811,1,-5.746,1,0.159,0.189,0.0,0.339,0.311,148.144,76,Pop
Lady,1975,183000,4,0.539,0.16,3,-13.285,1,0.0329,0.881,0.000268,0.105,0.322,81.446,76,Pop
Ageispolis,1999,323186,4,0.645,0.393,6,-17.543,0,0.043,0.00903,0.89,0.364,0.441,101.757,54,EDM
Strong Arm of the Law (2009 Remaster),1980,277456,4,0.467,0.848,1,-8.032,1,0.0491,0.00156,0.446,0.104,0.43,133.399,36,Metal
Climax,2012,232906,4,0.647,0.478,8,-8.837,1,0.0782,0.547,2.69e-05,0.156,0.333,135.877,59,R&B
30/30-150,2006,258066,4,0.512,0.919,4,-4.581,1,0.0894,4.03e-05,0.000629,0.0899,0.602,163.035,51,Metal
Good Riddance (Time of Your Life),1997,153466,4,0.475,0.432,7,-7.844,1,0.0302,0.183,0.0,0.161,0.648,94.605,81,Alt. Rock
Don't Sweat The Technique,1992,262800,4,0.737,0.89,4,-8.443,1,0.158,0.00556,0.00171,0.0801,0.809,105.848,60,Rap
A Moment Apart,2017,234244,4,0.406,0.665,7,-7.903,0,0.0352,0.172,0.693,0.492,0.0758,119.988,65,EDM
Good Vibrations,1967,219000,4,0.396,0.473,10,-7.67,0,0.0345,0.326,0.000124,0.109,0.385,133.449,71,Pop
55th Street Boogie,1974,184266,4,0.333,0.799,8,-17.194,0,0.0811,0.00574,0.896,0.32,0.77,205.538,24,Blues
Who Knows,2013,208466,4,0.683,0.724,5,-4.436,0,0.0988,0.0909,0.0,0.339,0.741,80.932,59,Reggae
The Dance of Maya (with John McLaughlin) - Remastered,1973,436506,3,0.279,0.706,9,-9.49,1,0.0388,0.0453,0.931,0.288,0.278,129.15,17,Jazz
"Oh,Candy",1977,186000,4,0.496,0.778,2,-7.608,1,0.0379,0.000241,1.94e-06,0.0732,0.61,129.538,21,Rock
Standing In The Shadows Of Love,1966,157640,4,0.741,0.855,6,-8.288,1,0.0345,0.072,9.4e-05,0.349,0.878,114.14,46,R&B
Tell Her No,1964,127866,4,0.708,0.522,4,-8.076,1,0.0305,0.562,0.000186,0.0811,0.965,135.294,48,Alt. Rock
Concrete Jungle - 2015 Remaster,2015,200013,4,0.569,0.934,0,-5.737,1,0.0485,0.0577,0.0463,0.0676,0.96,157.875,38,Punk
Let Your Light Shine on Me,1929,188373,3,0.439,0.215,7,-16.259,1,0.0611,0.968,7.27e-05,0.183,0.44,165.549,26,Blues
He Will Break Your Heart,1961,170000,4,0.612,0.601,8,-9.095,0,0.0425,0.22,0.0,0.446,0.692,130.939,31,Pop
Galveston,1969,160866,4,0.45,0.525,5,-10.387,1,0.0329,0.214,0.00359,0.14,0.728,118.518,45,Country
Rocking Dolly,1990,231400,4,0.829,0.399,11,-14.301,0,0.0852,0.0167,2.63e-06,0.0581,0.843,75.073,28,Reggae
It Must Be Him,1967,171000,4,0.499,0.472,4,-10.033,1,0.0527,0.802,4.97e-05,0.672,0.723,108.638,41,Pop
A Summer Song,1964,144000,4,0.549,0.486,9,-6.473,0,0.0454,0.823,3.75e-05,0.26,0.518,78.747,60,Pop
For the Love of Money,1973,439866,4,0.679,0.802,0,-7.739,1,0.0406,0.236,2.33e-06,0.132,0.894,97.375,53,R&B
State of Mind,1998,226506,4,0.824,0.742,6,-6.307,1,0.0291,0.0125,3.31e-06,0.175,0.854,114.993,38,SKA
Machine Gun,1997,283440,4,0.565,0.575,11,-6.116,1,0.0409,0.015,0.00225,0.106,0.0601,105.12,41,Alt. Rock
I Hear You,2019,158894,4,0.541,0.751,8,-3.093,0,0.0747,0.233,0.000862,0.12,0.422,118.035,37,EDM
La-La Means I Love You,1968,200906,4,0.365,0.548,2,-7.727,1,0.0288,0.678,0.0,0.184,0.623,171.242,58,R&B
Hybrid Moments - C.I. Recording 1978,1978,102266,4,0.17,0.81,2,-9.339,1,0.0521,0.27,0.0445,0.104,0.547,193.791,63,Metal
I Must Not Think Bad Thoughts,1983,255066,4,0.549,0.692,9,-7.027,1,0.0349,0.441,2.41e-05,0.0849,0.454,124.667,33,Punk
Lampshades on Fire,2015,187720,4,0.659,0.906,7,-3.906,0,0.0428,0.156,3.27e-06,0.105,0.792,94.997,55,Alt. Rock
Avril 14th,2001,125520,4,0.558,0.0259,8,-30.016,1,0.0458,0.996,0.871,0.0969,0.37,157.811,64,EDM
The Parting Glass (with Tommy Makem),1961,131493,5,0.264,0.0377,3,-27.202,1,0.0578,0.958,0.00111,0.869,0.351,167.098,32,Folk
Got To Get You Into My Life,1978,149000,4,0.521,0.524,0,-6.136,1,0.0302,0.42,9.27e-06,0.0838,0.711,136.679,57,Pop
Chain of Fools,1962,167066,4,0.721,0.567,10,-9.516,1,0.0389,0.221,0.0,0.465,0.914,116.643,60,R&B
Enchanted,1959,172293,4,0.348,0.225,3,-13.889,1,0.0349,0.903,1.67e-06,0.209,0.286,78.541,34,R&B
Carolus Rex - English Version,2012,293826,4,0.442,0.846,10,-5.545,0,0.0499,0.000594,9.26e-05,0.101,0.241,176.138,54,Metal
I've Got More To Go To Heaven For,2010,141680,4,0.6,0.589,0,-5.342,1,0.0406,0.727,0.0,0.5,0.871,180.639,19,Gospel
Unorthodox,2015,216857,4,0.704,0.524,4,-10.773,0,0.279,0.117,0.0,0.0864,0.714,91.047,39,Rap
Candy (feat. Snappy Jit),2014,182181,4,0.894,0.892,1,-2.663,1,0.131,0.0877,0.00167,0.0528,0.862,110.041,29,EDM
How ‘BOUT Us,1981,273000,4,0.53,0.519,1,-11.626,1,0.0469,0.514,2.2e-05,0.0751,0.5,73.286,46,Pop
That’s Rock ‘N’ Roll,1977,154000,4,0.586,0.855,4,-8.904,1,0.0414,0.32,0.0605,0.113,0.963,128.512,32,Pop
Addictive Love,1988,325266,4,0.587,0.801,5,-4.869,1,0.0419,0.284,3.93e-06,0.0702,0.617,156.03,21,Gospel
Locust,2011,456312,4,0.357,0.96,7,-3.608,1,0.145,7.24e-05,0.0185,0.112,0.237,120.29,48,Metal
The Water Is Wide,1965,258573,4,0.37,0.0808,7,-17.184,1,0.0405,0.922,0.0158,0.114,0.139,135.249,26,Folk
I Want You Right Now,1969,322000,3,0.226,0.542,2,-12.078,1,0.0581,0.0234,0.101,0.397,0.364,171.584,19,Punk
All Shook Up,1957,117360,4,0.688,0.468,10,-12.503,1,0.15,0.89,0.000134,0.177,0.946,74.832,60,Country
Goodbye Girl,1978,168000,4,0.467,0.255,8,-15.963,0,0.0372,0.605,0.00031,0.273,0.243,120.174,64,Pop
The Storm Is Over Now,2001,346866,4,0.425,0.461,0,-6.567,1,0.0264,0.485,0.0,0.12,0.222,91.854,41,Gospel
Nothing But Love - Axwell vs Daddy's Groove Remix,2011,370521,4,0.64,0.842,6,-3.965,0,0.0505,0.132,0.19,0.103,0.578,128.968,13,EDM
Island (feat. Nevve),2018,278400,4,0.427,0.836,5,-3.323,0,0.0466,0.0456,0.00238,0.369,0.248,150.128,50,EDM
Too Much,1998,127066,4,0.296,0.992,8,-2.707,1,0.146,0.0299,0.000787,0.0682,0.784,172.522,24,SKA
Don't Get Sand in It,1983,209000,4,0.58,0.779,4,-10.099,1,0.0409,0.0252,3.23e-06,0.298,0.895,149.784,3,Rock
Never Knew Love Like This Before,1979,326586,4,0.695,0.703,11,-8.938,1,0.0336,0.489,1.7e-05,0.0855,0.753,113.168,49,Disco
Bad Moon Rising,1969,141000,4,0.508,0.774,2,-5.973,1,0.0321,0.0586,4.87e-06,0.063,0.942,178.946,83,Pop
Living Bad Dreams,1990,321000,4,0.357,0.694,0,-5.951,1,0.0369,0.0398,0.000483,0.161,0.0688,114.021,36,Metal
Up With the Cock!,1974,177226,4,0.664,0.675,6,-8.687,1,0.0741,0.436,0.0,0.428,0.78,96.807,14,SKA
You Beat Me To The Punch,1962,165000,4,0.75,0.398,11,-14.516,0,0.0466,0.605,0.0,0.18,0.961,113.516,51,Pop
DEVASTATED,2017,207058,4,0.812,0.628,10,-6.164,0,0.0682,0.0634,0.0,0.254,0.485,123.004,64,Rap
A Child Is Born,1963,200240,3,0.471,0.055,5,-20.665,1,0.0381,0.976,0.801,0.134,0.103,68.324,0,Jazz
Lover Please,1962,247000,4,0.269,0.122,1,-10.408,1,0.0334,0.952,0.0,0.0915,0.118,83.967,48,Pop
Sisters Are Doin' It for Themselves - Remastered Version,1985,357000,4,0.67,0.903,10,-5.796,0,0.0402,0.0129,0.0,0.331,0.953,136.193,17,Rock
Do You,2013,292400,4,0.628,0.642,0,-7.581,1,0.119,0.00348,0.427,0.0807,0.833,171.864,27,Funk
Channel Z,1989,290066,4,0.654,0.752,1,-7.45,1,0.0296,0.00125,5.56e-05,0.0142,0.739,131.392,39,Alt. Rock
"De Do Do Do,De Da Da Da",1981,175000,4,0.5,0.71,3,-3.015,1,0.0339,0.19,0.00025,0.329,0.419,89.929,74,Pop
Jealousy (Radio Edit),2015,200388,4,0.794,0.783,5,-5.405,1,0.0497,0.00501,3.5e-05,0.0946,0.945,125.032,34,EDM
Soul Station - Remastered 1999/Rudy Van Gelder Edition,1960,547426,4,0.736,0.368,8,-9.298,1,0.0565,0.799,0.000195,0.189,0.453,101.766,37,Jazz
Take over Control (feat. Eva Simons),2010,220520,4,0.735,0.699,0,-4.435,0,0.084,0.121,2.82e-05,0.0809,0.603,129.944,52,EDM
Low,1994,213706,4,0.371,0.887,6,-9.101,1,0.0483,6.11e-05,0.0321,0.0742,0.728,162.355,35,Metal
Over And Over,1966,290000,4,0.402,0.691,7,-10.274,1,0.0691,0.0679,0.133,0.0955,0.206,96.95,65,Pop
Dynasty (feat. Haley) (feat. Haley),2015,196426,4,0.618,0.784,2,-3.324,0,0.0366,0.0134,0.0,0.141,0.771,128.021,24,EDM
Turn Back The Hands Of Time,1970,178000,4,0.563,0.655,6,-6.399,1,0.032,0.168,0.0,0.0484,0.866,117.794,41,Pop
Don't Sniff Coke - Live,1995,446600,4,0.535,0.59,6,-10.858,0,0.196,0.245,0.0,0.82,0.677,83.381,8,Reggae
"Dog Shit (feat. Ol' Dirty Bastard,RZA & Method Man)",2001,214826,4,0.727,0.599,6,-7.498,0,0.307,0.107,0.0,0.785,0.753,92.171,36,Rap
Unity - 2007 Remaster,2007,133826,4,0.583,0.863,9,-4.083,1,0.0692,0.193,0.0102,0.0717,0.842,92.688,46,SKA
Around The Way Girl,1990,248493,4,0.62,0.445,1,-17.154,0,0.382,0.00273,0.0145,0.333,0.587,202.134,55,Rap
Shake It,1979,219000,4,0.647,0.785,7,-5.414,1,0.165,0.0561,0.0,0.148,0.943,160.015,71,Pop
Girls Like That,2005,241000,4,0.535,0.883,9,-5.056,1,0.0486,0.00339,0.00268,0.175,0.376,149.939,16,Rock
Everything Sux,1996,90200,4,0.374,0.997,4,-5.902,1,0.0725,0.176,0.0,0.405,0.332,104.523,46,Punk
Trust in You,2015,211600,4,0.413,0.636,9,-5.651,1,0.0407,0.0186,0.0,0.106,0.203,176.048,64,Gospel
She Floated Away,1985,218666,3,0.25,0.929,4,-10.45,0,0.0418,0.00594,0.215,0.318,0.245,94.485,17,Punk
Starship,1969,504733,4,0.196,0.692,4,-12.53,1,0.137,0.0871,0.0818,0.669,0.0559,73.18,16,Punk
The Rubberband Man,1976,213000,4,0.801,0.446,10,-14.604,1,0.0745,0.74,0.038,0.0832,0.924,97.894,65,R&B
No More Drama,2001,326240,4,0.654,0.836,6,-6.818,0,0.126,0.536,7.23e-05,0.0784,0.634,97.911,52,R&B
Over And Over,1978,422133,4,0.481,0.63,11,-8.18,1,0.0344,0.00975,0.000666,0.109,0.938,131.466,32,Disco
C.R.E.A.M. (Cash Rules Everything Around Me),1993,252026,4,0.512,0.514,11,-11.562,0,0.387,0.555,0.00958,0.126,0.565,181.033,73,Rap
Nica's Dream - Remastered 2005,1956,408346,4,0.504,0.557,5,-8.885,0,0.0401,0.676,0.00272,0.0819,0.741,128.066,29,Jazz
Legacy - Radio Edit,2014,195706,4,0.586,0.707,0,-3.671,0,0.0456,0.0605,0.0,0.12,0.187,127.961,41,EDM
Better Be Good to Me,1984,310866,4,0.709,0.807,8,-4.717,1,0.0455,0.0289,0.00829,0.105,0.736,120.717,45,R&B
Lights Out,1982,52266,4,0.497,0.977,0,-10.469,1,0.13,4.29e-05,0.487,0.234,0.2,130.787,37,Punk
Fantastic Voyage,1994,334440,4,0.888,0.584,7,-13.308,1,0.112,0.0385,3.19e-06,0.0625,0.762,104.705,60,Rap
In Waves,2011,302466,4,0.477,0.94,9,-3.435,1,0.103,0.000211,0.0518,0.346,0.338,76.517,56,Metal
Fire,1974,276333,4,0.639,0.75,5,-11.794,1,0.0557,0.324,0.0335,0.282,0.851,107.174,51,Funk
Wait for the Moment,2013,230676,4,0.773,0.36,0,-9.722,1,0.0956,0.501,0.0042,0.0823,0.681,79.207,60,Funk
Take Me to the River,1978,302893,4,0.66,0.389,2,-11.271,1,0.027,0.187,0.0131,0.0779,0.841,99.705,44,Alt. Rock
I Oughta Let Go,1983,239000,4,0.692,0.497,7,-14.932,1,0.0475,0.159,7.1e-05,0.0652,0.889,96.694,16,Rock
I Got You Babe,1965,190000,3,0.629,0.795,6,-6.02,1,0.0278,0.136,5.44e-06,0.132,0.6,110.583,64,Pop
"Any Time,Any Place",1993,428200,4,0.571,0.232,10,-11.309,1,0.0699,0.604,0.000246,0.119,0.207,128.785,60,R&B
My Baby's Gone,1961,314680,3,0.599,0.252,4,-14.311,1,0.154,0.979,0.0811,0.199,0.619,195.522,0,Blues
Stocktime (Buck Dance),1966,124600,4,0.693,0.153,7,-24.552,1,0.052,0.918,0.94,0.113,0.966,103.17,28,Blues
"Three Views of a Secret - Live at Mr. Pip's,feat. Lauderdale,FL,12/1/81; Birthday Concert Version",1981,356733,3,0.334,0.444,9,-13.396,1,0.0444,0.024,0.012,0.681,0.236,113.544,8,Jazz
Don’t Bet Money Honey,1961,153000,3,0.74,0.183,5,-12.344,1,0.0392,0.288,0.834,0.0959,0.608,100.355,0,Pop
Edie (Ciao Baby),1989,286533,4,0.478,0.808,7,-9.159,1,0.0459,0.0766,0.0011,0.209,0.29,102.109,49,Metal
We Are One,1997,221533,4,0.798,0.332,11,-13.22,0,0.0361,0.448,2.91e-05,0.11,0.74,127.296,12,Reggae
Spanish Hustle,1975,205213,4,0.426,0.97,10,-6.928,1,0.103,0.00357,0.207,0.0817,0.65,123.723,23,Disco
What’s Love Got To Do With It,1984,230000,4,0.855,0.482,1,-8.902,1,0.0576,0.252,2.2e-05,0.151,0.795,97.792,7,Pop
Light It Up (Remix),2016,166138,4,0.747,0.877,9,-3.782,0,0.0668,0.0385,0.00089,0.233,0.751,107.989,67,EDM
Vicious,1972,176533,4,0.605,0.846,2,-7.755,1,0.0337,0.0006,0.886,0.0526,0.952,124.247,52,Alt. Rock
Does Anybody Really Know What Time It Is,1971,202000,4,0.564,0.455,0,-11.615,1,0.0369,0.645,3.05e-06,0.0915,0.697,117.792,51,Pop
Sea Cruise,1959,167000,4,0.49,0.738,0,-10.976,1,0.0465,0.64,0.0,0.372,0.965,75.317,36,Pop
You and I,1980,256293,4,0.47,0.326,0,-16.861,0,0.0696,0.252,0.00115,0.103,0.577,137.397,16,Disco
Old San Juan,1975,269133,4,0.667,0.715,0,-10.303,0,0.068,0.0728,0.279,0.126,0.318,99.491,27,Disco
This Place Hotel (a.k.a. Heartbreak Hotel),1980,343786,4,0.737,0.783,4,-7.466,0,0.078,0.367,0.000187,0.107,0.687,97.016,50,Disco
Beneath Still Waters,1979,222946,4,0.481,0.346,2,-9.822,1,0.0275,0.69,0.000594,0.122,0.297,73.646,26,Country
I Can’t Sleep Baby (IF I),1996,281000,4,0.725,0.457,4,-6.927,0,0.0302,0.0855,0.0,0.124,0.211,120.224,28,Pop
Wonderful World,1965,139000,4,0.271,0.165,5,-20.652,1,0.0351,0.726,1.54e-06,0.118,0.202,77.082,78,Pop
Sweet Dreams,1996,173000,4,0.71,0.57,2,-4.99,0,0.0295,0.251,0.000306,0.117,0.486,75.036,77,Pop
Silent Running (ON Dangerous Ground),1986,389000,4,0.385,0.506,7,-8.617,1,0.0361,0.0931,8.85e-05,0.11,0.0771,130.924,20,Pop
Pay No Mind (feat. Passion Pit),2015,249440,4,0.546,0.852,1,-2.445,1,0.102,0.00592,0.0,0.159,0.558,112.183,45,EDM
Shake You Down,1987,211000,4,0.457,0.613,9,-5.756,1,0.0295,0.00463,0.000406,0.0711,0.132,105.111,59,Pop
It's My Life,2003,225866,4,0.606,0.75,8,-4.535,0,0.0306,0.00264,0.000788,0.321,0.771,126.316,56,SKA
"Babe,We're Gonna Love Tonight - Jacques Greene Remix",1982,221373,4,0.654,0.64,9,-10.26,0,0.0336,0.104,0.94,0.105,0.11,127.997,15,Disco
Many Tears Ago,1961,114000,4,0.684,0.491,3,-3.466,1,0.0294,0.792,0.0,0.261,0.86,127.125,33,Pop
Stompin At The Savoy,1936,195533,4,0.525,0.222,10,-11.065,0,0.0373,0.836,0.0799,0.051,0.645,156.364,51,Jazz
Hurricane Season,2010,200000,4,0.758,0.816,7,-3.965,1,0.0569,0.106,0.892,0.391,0.77,99.984,42,Funk
Live Fast Die Young,1980,93666,4,0.482,0.952,4,-4.759,0,0.0584,0.134,1.8e-05,0.0836,0.79,108.254,44,Punk
Stuck In The Middle With You,1973,208000,4,0.82,0.575,7,-9.144,1,0.0408,0.0936,0.000135,0.109,0.964,123.765,80,Pop
How Sweet It Is (To Be Loved By You) - 2019 Remaster,1975,216386,4,0.764,0.628,0,-10.961,1,0.048,0.336,0.0,0.0977,0.823,109.008,63,Folk
Blow Your Head,1974,283773,4,0.602,0.907,9,-8.574,0,0.0437,0.073,0.00415,0.065,0.782,121.023,33,Funk
My Curse,2006,244773,3,0.197,0.956,10,-2.908,0,0.0663,7.61e-05,0.00992,0.261,0.209,177.018,68,Metal
Cross The Tracks (We Better Go Back),1975,198160,4,0.55,0.589,3,-11.964,1,0.0328,0.211,0.0103,0.42,0.953,204.383,44,Funk
A Rose For Emily,1968,139906,4,0.602,0.292,9,-11.908,1,0.0317,0.92,1.14e-05,0.11,0.7,141.303,39,Alt. Rock
Black Dog - Remaster,2014,295000,4,0.437,0.864,4,-7.842,0,0.0904,0.396,0.0314,0.242,0.749,81.394,71,Rock
Used 2,2013,225400,4,0.668,0.919,11,-4.802,1,0.0649,0.018,0.0,0.113,0.546,178.67,37,Rap
King Porter Stomp - 1987 Remastered,1987,187946,4,0.563,0.415,1,-13.755,1,0.0609,0.827,0.89,0.0427,0.908,183.857,30,Jazz
Country State Of Mind,1986,237866,4,0.711,0.626,2,-8.992,1,0.0268,0.00592,0.0,0.0696,0.65,117.661,55,Country
Ill Mind of Hopsin 8,2018,390004,4,0.743,0.787,5,-4.863,0,0.348,0.403,0.0,0.0553,0.71,126.98,51,Rap
Love You Down,1987,188000,4,0.858,0.678,1,-3.87,0,0.0469,0.0761,0.0,0.0741,0.922,117.009,79,Pop
The Berserker at Stamford Bridge,2011,315350,4,0.417,0.953,0,-5.463,0,0.0588,0.00608,0.0128,0.192,0.193,75.995,33,Metal
The Witch - Edit,1985,259493,4,0.636,0.876,2,-8.502,1,0.0942,0.000133,0.0585,0.125,0.568,101.45,40,Metal
Everything In Its Right Place,2000,251426,5,0.296,0.463,5,-11.412,0,0.0449,0.705,0.0482,0.0954,0.0629,123.943,69,Alt. Rock
My Skateboard!,1997,163266,4,0.503,0.937,2,-5.273,1,0.0765,0.0738,1.66e-06,0.0393,0.886,164.107,33,SKA
Got Body,2016,184506,4,0.523,0.806,8,-3.43,1,0.0862,0.416,0.000293,0.123,0.422,91.829,19,Funk
Talking In Your Sleep,1984,236000,4,0.7,0.927,9,-4.981,0,0.0358,0.0013,0.00124,0.0445,0.972,129.778,69,Pop
Melting over You,2018,188044,4,0.698,0.86,4,-3.21,1,0.0435,0.139,0.00233,0.215,0.352,95.02,23,EDM
Hard To Say I’m Sorry,1982,319000,4,0.365,0.393,9,-8.135,1,0.03,0.443,0.0,0.827,0.218,72.258,38,Pop
Effigy,1969,389000,4,0.356,0.568,7,-8.114,1,0.0256,0.0423,0.0896,0.266,0.379,77.701,24,Rock
Lifted,2022,192254,4,0.55,0.848,0,-6.615,1,0.0658,0.00122,0.0124,0.35,0.55,90.008,24,Funk
Suge,2019,163320,4,0.876,0.662,2,-6.482,0,0.426,0.0608,0.0,0.127,0.844,75.445,67,Rap
Underneath It All,2002,302720,4,0.729,0.731,4,-4.823,1,0.0682,0.235,1.35e-06,0.391,0.838,138.204,63,SKA
Something To Believe In,2009,209032,4,0.811,0.638,0,-5.339,1,0.0376,0.388,0.0,0.102,0.749,139.934,54,Reggae
Tell Me What You Want Me To Do,1992,256000,4,0.609,0.551,6,-7.93,1,0.0291,0.0233,0.0,0.234,0.512,127.956,47,Pop
Concert Intro Music - Live,1965,151000,4,0.741,0.872,4,-8.898,1,0.0711,0.0211,2.91e-05,0.0789,0.923,107.706,23,Rock
Live for the Night,2013,206480,4,0.499,0.843,6,-2.224,1,0.113,0.0138,0.0,0.124,0.533,127.932,47,EDM
Goodnight Irene,1950,201546,3,0.343,0.248,5,-10.713,1,0.0282,0.831,0.0,0.198,0.548,140.326,14,Folk
Tired Fi Lick Weed,1976,183333,4,0.837,0.443,7,-9.352,1,0.226,0.068,0.0,0.104,0.698,135.539,31,Reggae
Ocean (feat. Khalid),2018,216419,4,0.506,0.693,0,-7.265,0,0.0412,0.584,9.58e-05,0.0891,0.221,139.912,66,EDM
Used to This (feat. Drake),2018,180520,4,0.618,0.727,3,-7.224,0,0.208,0.0312,0.0,0.196,0.401,164.992,55,Rap
Friend of God,2009,386542,4,0.487,0.837,6,-6.353,0,0.0667,0.0792,2.38e-05,0.503,0.342,127.079,47,Gospel
Warrior,2002,204826,4,0.549,0.969,1,-2.763,1,0.049,1.16e-05,0.106,0.104,0.348,101.055,58,Metal
They Just Can’t Stop It The (GAMES People Play),1975,211000,4,0.722,0.409,11,-12.056,0,0.0341,0.513,0.000426,0.119,0.659,76.522,27,Pop
Red Rooster,1961,239066,4,0.533,0.345,2,-16.622,1,0.0347,0.143,0.0433,0.194,0.575,118.16,16,Blues
Hair,1969,217000,4,0.751,0.72,4,-6.376,1,0.0303,0.554,0.0497,0.258,0.884,135.73,83,Pop
Back When,1998,299173,4,0.602,0.73,7,-4.785,1,0.027,0.108,0.0,0.284,0.663,135.996,34,Country
Don’t Walk Away,1993,384000,4,0.516,0.448,10,-11.403,0,0.313,0.721,0.0,0.122,0.494,89.682,49,Pop
Still of the Night - 2018 Remaster,1987,397000,4,0.334,0.854,4,-7.531,0,0.0494,0.00235,0.00114,0.158,0.284,100.175,55,Metal
Too Hot,1979,295160,4,0.717,0.253,7,-22.231,0,0.161,0.56,2.85e-05,0.0556,0.737,105.289,54,R&B
Footsteps,1960,306000,4,0.679,0.374,11,-10.565,0,0.0482,0.402,2.49e-05,0.0541,0.871,80.86,60,Pop
The Great Speckled Bird,1936,163400,4,0.493,0.357,9,-11.8,1,0.03,0.649,0.00013,0.367,0.679,125.24,25,Country
Point Of No Return,1987,207000,4,0.6,0.814,0,-9.411,1,0.0415,0.00342,0.00209,0.0605,0.873,120.037,51,Pop
Judge Dread,1967,218400,4,0.795,0.563,0,-7.988,1,0.216,0.342,0.0224,0.186,0.896,87.978,34,SKA
Reachin' All Around My Love,1978,195613,4,0.643,0.596,5,-10.819,0,0.0483,0.203,1.06e-05,0.086,0.864,117.186,1,Disco
Rock Me Amadeus,1986,202000,4,0.61,0.817,4,-9.45,0,0.133,0.296,0.00336,0.0884,0.89,176.735,65,Pop
House Of The Rising Sun,1963,198066,4,0.455,0.135,5,-11.611,0,0.0326,0.934,0.0,0.111,0.342,100.516,3,Blues
Overture,1969,320000,4,0.483,0.617,0,-10.488,1,0.0349,0.0557,0.691,0.143,0.185,118.105,26,Rock
I Want to Be with You Always,1951,183746,4,0.691,0.235,10,-12.995,1,0.0331,0.748,0.000215,0.327,0.738,115.457,18,Country
Hungry Eyes,1988,251000,4,0.712,0.549,5,-9.484,1,0.0254,0.011,0.0,0.118,0.552,109.882,77,Pop
Mustang Sally,1966,187760,4,0.725,0.327,0,-17.714,1,0.0387,0.113,0.326,0.214,0.688,110.438,57,R&B
Don't Look Back In Anger - Remastered,1996,289560,4,0.328,0.936,0,-3.254,1,0.0628,0.0665,2.61e-06,0.165,0.31,162.97,72,Alt. Rock
One More Try,1991,350000,3,0.551,0.291,5,-12.544,1,0.0283,0.434,3.78e-05,0.11,0.0823,119.005,57,Pop
Alive,2018,197388,4,0.618,0.758,8,-7.996,1,0.0336,0.0087,0.102,0.147,0.144,120.987,55,EDM
You Are My Angel,1985,177653,4,0.785,0.772,7,-9.767,1,0.179,0.559,0.0681,0.103,0.851,146.454,9,Reggae
Jack the Stripper / Fairies Wear Boots,1970,372000,4,0.424,0.662,3,-10.827,1,0.0434,0.00152,0.0241,0.176,0.627,137.347,49,Metal
The Best Of Times,1981,257000,4,0.341,0.324,0,-11.864,1,0.025,0.13,1.11e-06,0.134,0.321,78.662,52,Pop
Wishin’ And Hopin’,1964,176000,4,0.683,0.374,11,-10.084,1,0.0381,0.232,0.0,0.146,0.707,108.125,47,Pop
Light Flight,1969,194333,3,0.516,0.494,7,-11.077,0,0.0311,0.403,0.0102,0.112,0.814,89.452,34,Folk
Here with You,2021,159545,4,0.431,0.774,6,-6.887,1,0.0862,0.00804,0.000176,0.135,0.105,86.707,34,EDM
At Midnight,1977,584149,4,0.822,0.865,0,-8.387,1,0.0834,0.0273,0.409,0.0313,0.904,117.151,16,Disco
Somebody's Sleeping in My Bed,1991,384546,3,0.529,0.706,3,-5.853,1,0.0275,0.538,4.24e-05,0.0533,0.334,77.312,23,Blues
"Hush,Hush,Sweet Charlotte",1965,152000,4,0.335,0.163,10,-17.254,1,0.031,0.782,0.0,0.316,0.513,84.315,24,Pop
Two Bugs and a Roach,1969,259760,4,0.523,0.568,9,-12.584,1,0.0751,0.652,0.00534,0.1,0.813,135.448,41,Blues
Islands In the Stream,1983,251960,4,0.617,0.411,8,-12.075,1,0.0373,0.675,1.04e-06,0.0886,0.738,203.934,67,Country
Don’t You Want Me,1982,265000,4,0.763,0.624,1,-6.295,1,0.0432,0.388,0.00501,0.316,0.783,97.743,46,Pop
"Cold,Cold Heart",1951,165800,4,0.576,0.166,2,-12.052,1,0.0371,0.887,0.0,0.153,0.541,113.199,47,Country
Whom Shall I Fear (God Of Angel Armies),2012,267906,4,0.444,0.778,0,-3.037,1,0.0324,0.051,0.0,0.269,0.42,148.044,58,Gospel
The Other Woman (In My Life),1964,180026,4,0.532,0.324,3,-12.386,1,0.0308,0.634,0.0148,0.175,0.713,105.049,19,Country
I Don't Wanna Stop,2007,239000,4,0.578,0.937,5,-3.926,1,0.0724,0.000963,2.25e-06,0.4,0.769,137.937,65,Rock
Flying Whales,2005,464453,4,0.266,0.925,7,-3.75,0,0.0834,0.000233,0.0379,0.19,0.2,95.438,63,Metal
I Know A Place,1965,195000,4,0.572,0.807,0,-5.348,1,0.0574,0.0846,0.0,0.071,0.626,160.015,66,Pop
"Over and Over,Again",2005,295226,4,0.544,0.66,4,-6.114,0,0.0749,0.257,0.0,0.302,0.37,85.053,21,Gospel
True Lies,1999,348040,4,0.367,0.769,9,-7.258,1,0.0317,0.00032,0.628,0.0631,0.7,173.186,44,Blues
Gold,1979,207000,4,0.629,0.696,1,-5.572,0,0.348,0.0195,0.0,0.0554,0.623,93.034,80,Pop
More Than You Know,2017,203000,4,0.646,0.741,5,-4.973,0,0.034,0.0275,0.0,0.312,0.571,123.077,80,EDM
I Wanna Know,2019,206727,4,0.428,0.849,10,-4.417,1,0.0775,0.504,6.1e-06,0.203,0.108,82.759,57,EDM
Jimmie the Kid,1931,167746,4,0.689,0.239,7,-9.484,1,0.0935,0.951,0.0,0.121,0.509,131.625,8,Country
Wildside,1992,167000,4,0.648,0.917,5,-4.378,1,0.0465,0.0205,0.0,0.312,0.803,112.951,57,Pop
"Bend Me,Shape Me",1968,133000,4,0.636,0.431,2,-16.335,1,0.0335,0.0235,0.00152,0.1,0.69,124.572,36,Pop
Remember Me,1996,263546,4,0.736,0.703,10,-7.729,1,0.0636,0.138,6.39e-06,0.0727,0.716,84.142,36,Reggae
House Of Cards (feat. Sidnie Tipton),2015,188651,4,0.556,0.817,9,-4.442,0,0.0737,0.0195,2.45e-05,0.266,0.423,109.999,30,EDM
She's A Groovy Freak,1978,328435,4,0.735,0.809,5,-6.242,1,0.0398,0.0335,0.00134,0.0309,0.841,121.591,1,Disco
I Can’t Wait Another Minute,1991,277000,4,0.64,0.448,8,-15.519,1,0.0556,0.202,0.0,0.068,0.684,148.076,0,Pop
(CAN’T Live Without Your) Love And Affection,1990,243000,4,0.852,0.907,4,-5.571,1,0.0439,0.259,0.000188,0.0667,0.964,120.043,0,Pop
Garvey's Ghost,1969,471960,3,0.541,0.776,8,-8.633,1,0.0538,0.449,0.645,0.121,0.725,97.057,15,Jazz
Superman,1996,185026,4,0.429,0.937,2,-3.986,1,0.0573,0.000131,0.0002,0.0807,0.894,194.838,62,SKA
The Other Side Of This Life,1965,283706,4,0.67,0.318,9,-13.292,1,0.0319,0.45,0.0,0.106,0.626,123.815,13,Folk
Never There,1998,164266,4,0.761,0.735,9,-8.171,0,0.043,0.0426,0.0838,0.0917,0.592,125.815,61,Alt. Rock
Thought I’d Died And Gone To Heaven,1992,348000,4,0.44,0.738,4,-8.193,1,0.0295,0.0673,0.0,0.0988,0.535,174.382,38,Pop
Bounce Back,2016,222360,4,0.785,0.575,1,-5.628,0,0.133,0.105,0.0,0.129,0.272,81.529,65,Rap
Housecall (Your Body Can't Lie to Me) (feat. Maxi Priest),1994,236000,4,0.774,0.545,8,-12.442,0,0.235,0.154,0.0,0.0899,0.882,81.37,38,Reggae
Uzi Gang (feat. Lil Uzi Vert & Marty Baller),2016,212880,3,0.435,0.631,10,-6.851,0,0.221,0.0064,0.0,0.367,0.298,79.078,27,Rap
Dirty Old Town,1964,63160,3,0.548,0.0191,2,-20.164,0,0.0835,0.985,4.04e-05,0.111,0.259,132.776,33,Folk
All Your Love (I Miss Loving),1993,318000,4,0.764,0.576,1,-6.204,0,0.0359,0.509,0.356,0.0782,0.653,119.817,8,Rock
We’ll Never Have To Say Goodbye Again,1978,172000,4,0.516,0.344,4,-14.353,1,0.0296,0.0428,0.0,0.0634,0.605,112.224,2,Pop
Oh No,1981,184306,4,0.584,0.186,8,-17.158,1,0.0258,0.772,6.21e-06,0.273,0.336,85.731,49,Disco
Mother,1993,204866,4,0.365,0.763,11,-9.45,0,0.0591,0.00726,0.000457,0.0865,0.342,148.366,71,Metal
The Little Old Lady From Pasadena,1964,166000,4,0.478,0.817,3,-5.48,1,0.0316,0.548,4e-05,0.0444,0.943,145.946,40,Pop
Sick Bed Blues,1931,247000,4,0.541,0.115,10,-19.848,0,0.0518,0.74,1.25e-06,0.115,0.163,98.206,8,Blues
Never Let You Go - 2008 Remaster,1999,237240,4,0.728,0.94,4,-5.034,1,0.0368,0.0814,0.000162,0.109,0.967,113.76,64,Alt. Rock
I'm Different,2012,207040,4,0.936,0.702,10,-5.305,1,0.0615,0.0473,0.0,0.0838,0.704,97.524,56,Rap
The Human Being Lawnmower,1969,141693,4,0.326,0.8,9,-5.583,0,0.0572,0.0651,0.000464,0.0758,0.467,162.871,17,Punk
This Time Baby - Single Version,1979,239266,4,0.823,0.777,10,-10.912,0,0.083,0.161,1.08e-05,0.336,0.922,124.545,26,Disco
Legends,2019,191840,4,0.594,0.798,4,-5.244,1,0.0844,0.115,0.0,0.143,0.381,142.049,68,Rap
Heartbreak Hotel,1956,127560,4,0.696,0.21,4,-11.922,1,0.067,0.84,1.62e-06,0.107,0.717,93.543,58,Country
Mirrorball,2010,288000,3,0.33,0.215,8,-11.636,1,0.039,0.883,0.000948,0.0564,0.0744,120.084,13,Rock
How Deep Is Your Love,2015,212640,4,0.738,0.868,11,-4.373,0,0.0731,0.0392,0.00169,0.388,0.336,122.003,81,EDM
Am I Wrong,1994,138426,4,0.883,0.446,0,-10.304,1,0.0574,0.462,1.03e-06,0.0447,0.964,112.635,47,Blues
The Star of a Story,1977,350386,4,0.419,0.395,11,-14.482,0,0.0334,0.232,0.000464,0.0794,0.401,84.041,36,Funk
I Second That Emotion,1967,161226,4,0.711,0.663,2,-9.262,1,0.0308,0.26,1.2e-06,0.0291,0.896,96.812,57,R&B
Mr. Bojangles,1971,215000,3,0.444,0.757,11,-6.884,0,0.0541,0.699,0.0,0.329,0.554,154.26,52,Pop
Bro Hymn - 2005 Remaster,2005,310401,4,0.364,0.933,7,-5.551,1,0.0739,0.000931,0.0314,0.862,0.46,94.335,41,Punk
Pithecanthropus Erectus,1956,637133,4,0.457,0.226,5,-15.602,0,0.0543,0.702,0.0118,0.12,0.473,73.888,24,Jazz
Tearing Everyone Down,2006,175673,4,0.484,0.988,1,-3.227,0,0.0467,0.0295,1.2e-05,0.221,0.564,109.456,38,Punk
Rockin’ Robin,1972,160000,4,0.541,0.608,7,-13.083,1,0.106,0.298,0.0,0.234,0.938,171.992,57,Pop
The Easy Winners,1901,251826,4,0.374,0.152,8,-24.643,1,0.0436,0.992,0.886,0.197,0.654,154.012,25,Jazz
Tell Mama,1968,144000,4,0.676,0.784,5,-6.599,1,0.0334,0.212,0.00288,0.258,0.937,119.812,52,R&B
Run To Him,1962,87000,4,0.657,0.0195,10,-22.581,1,0.056,0.86,0.0,0.351,0.592,45.449,33,Pop
Put Your Hands Together,1975,247066,4,0.579,0.773,7,-7.199,1,0.109,0.506,2.08e-05,0.188,0.737,141.258,29,Disco
Body and Soul,1939,182360,4,0.659,0.113,10,-16.756,0,0.0569,0.976,0.88,0.179,0.738,95.063,52,Jazz
A Hundred Pounds Of Clay,1961,142000,4,0.684,0.389,0,-10.933,1,0.035,0.604,0.0,0.369,0.824,129.06,45,Pop
Rock Island Line,1939,122386,4,0.619,0.566,10,-11.728,1,0.389,0.947,1.27e-06,0.137,0.905,187.76,15,Folk
Love Will Turn You Around,1982,221000,4,0.64,0.44,4,-15.938,1,0.0295,0.226,4.43e-06,0.122,0.613,86.952,49,Pop
It Hurts Me Too,1957,192661,3,0.298,0.386,1,-12.2,1,0.0316,0.957,0.0612,0.0904,0.618,180.032,38,Blues
The Way of Vikings,2016,311320,4,0.495,0.948,7,-4.763,1,0.0653,2.68e-05,0.299,0.123,0.169,140.004,42,Metal
Boogaloo Down Broadway,1968,155000,4,0.802,0.675,10,-5.811,1,0.0424,0.704,0.0,0.0631,0.962,130.7,28,Pop
Let's Have a War,1982,140672,4,0.417,0.883,11,-7.775,0,0.058,0.0127,0.0,0.362,0.369,99.679,29,Punk
We Built This City,1985,296000,4,0.661,0.908,5,-4.897,1,0.039,0.052,0.0,0.0708,0.656,144.091,75,Pop
Doo Wop (THAT Thing),1998,320000,4,0.535,0.505,2,-8.926,0,0.245,0.0393,0.0,0.0923,0.495,99.935,78,Pop
Tell Me Something Good,1974,277066,4,0.666,0.577,1,-7.916,1,0.22,0.659,0.0,0.569,0.783,74.29,51,Funk
Cities In Dust,1985,231573,4,0.561,0.974,6,-5.178,1,0.113,0.0572,0.0,0.244,0.337,120.297,58,Punk
The Wanderer,1980,168000,4,0.59,0.546,7,-10.213,1,0.0436,0.301,0.0,0.0936,0.855,114.04,64,Pop
When You Know (Where You Come From) - Acoustic Version,2022,224000,4,0.695,0.32,2,-6.72,0,0.0318,0.79,0.0,0.0836,0.486,147.992,29,Rock
Wet Dream,1976,162586,4,0.724,0.63,5,-6.759,1,0.0338,0.186,0.768,0.155,0.958,155.136,33,Reggae
Young Emotions,1960,169000,4,0.487,0.578,1,-6.719,1,0.107,0.118,2.56e-06,0.161,0.238,160.097,43,Pop
Guest List,2000,145880,4,0.353,0.975,6,-3.212,0,0.053,0.00102,5.06e-06,0.308,0.703,104.891,30,Punk
Hold On,1990,227000,4,0.777,0.414,6,-7.44,0,0.0946,0.00421,2.73e-05,0.0724,0.287,100.002,71,Pop
Maxwell Murder,1994,85863,4,0.489,0.969,5,-5.501,1,0.0817,0.0851,0.0186,0.174,0.661,155.481,54,Punk
No,2018,240557,4,0.581,0.865,11,-5.888,0,0.0895,0.00816,0.00024,0.386,0.293,174.034,31,EDM
Pent-up house,1955,236760,4,0.575,0.101,7,-16.524,1,0.0642,0.994,0.911,0.118,0.459,92.943,14,Jazz
Wildcard (feat. Sidnie Tipton),2017,189375,4,0.591,0.835,4,-3.398,0,0.0977,0.0998,0.0,0.148,0.472,127.931,49,EDM
Heaven On The 7th Floor,1977,170000,4,0.76,0.87,5,-6.334,0,0.122,0.392,0.0,0.234,0.928,126.196,19,Pop
Wish,1992,226733,4,0.516,0.989,7,-7.206,1,0.0754,0.000407,0.355,0.697,0.149,135.053,53,Alt. Rock
Higher Love,1986,228000,4,0.693,0.678,8,-7.159,1,0.0324,0.0151,5.71e-06,0.101,0.404,103.952,76,Pop
My Story (with The Royals),1957,189440,3,0.339,0.102,10,-12.955,1,0.0573,0.976,0.0021,0.142,0.295,180.958,15,R&B
Le Freak,1978,210246,4,0.847,0.491,7,-15.707,1,0.054,0.0363,0.000687,0.186,0.875,119.873,48,R&B
"Monday,Monday",1966,208000,4,0.488,0.464,1,-9.496,1,0.0284,0.742,0.0,0.57,0.709,109.853,63,Pop
Are You Dead Yet?,2005,234880,4,0.466,0.967,8,-3.001,1,0.0515,6.21e-06,0.198,0.305,0.294,95.998,57,Metal
Kyoto (feat. Sirah),2018,200786,4,0.605,0.92,4,-2.298,0,0.0713,0.0012,0.000596,0.483,0.219,174.974,57,EDM
Colony of Birchmen,2006,259693,4,0.416,0.927,2,-3.257,1,0.0844,3.29e-05,0.00872,0.0782,0.339,125.758,43,Metal
Blowing Kisses In The Wind,1992,107000,4,0.533,0.934,6,-5.023,1,0.304,0.0466,3.43e-05,0.21,0.51,145.634,37,Pop
Where Does My Heart Beat Now,1991,272000,4,0.528,0.62,10,-10.419,1,0.0285,0.648,1.63e-06,0.0801,0.595,74.051,57,Pop
Coming Undone,2005,199773,4,0.687,0.677,2,-4.172,1,0.0508,0.000643,0.000137,0.0564,0.545,75.052,75,Alt. Rock
The Prayer,2009,219093,4,0.735,0.76,6,-6.572,0,0.114,0.366,1.52e-05,0.606,0.687,140.068,58,Rap
Funky Kingston,1973,295666,4,0.777,0.458,11,-12.358,1,0.0841,0.265,0.00295,0.0423,0.961,99.05,56,SKA
Mr. Moon,1951,181440,4,0.68,0.131,10,-15.337,1,0.0349,0.952,0.0,0.132,0.459,125.088,3,Country
Rock Fort Rock,1967,420840,4,0.61,0.469,9,-9.743,0,0.238,0.132,0.129,0.168,0.378,167.274,47,SKA
Roll That Burden On Me,1992,201786,4,0.71,0.476,2,-10.086,1,0.0262,0.296,0.0,0.117,0.511,109.834,14,Gospel
One Light,2000,176346,4,0.372,0.976,11,-3.67,1,0.0625,0.00117,0.00326,0.0597,0.433,170.087,38,Alt. Rock
Let's Fly Away,1979,306818,4,0.709,0.854,8,-4.75,1,0.0348,0.0506,5.47e-05,0.624,0.9,129.258,15,Disco
"Side 1,Pt. 2: It's What We Do",2014,377000,3,0.294,0.334,4,-14.984,0,0.0312,0.516,0.756,0.627,0.0457,144.525,37,Rock
Fortunate Son,2004,158880,4,0.235,0.988,11,-2.222,1,0.108,0.00189,0.0,0.528,0.296,148.575,38,Punk
Born To Be Wild,1968,212000,4,0.439,0.734,2,-12.168,1,0.097,0.262,0.333,0.244,0.54,145.703,66,Pop
That’s All You Gotta Do,1960,189000,4,0.766,0.485,0,-12.695,1,0.0322,0.108,6.63e-06,0.0879,0.965,114.803,11,Pop
Clean,2013,277973,3,0.361,0.236,6,-7.781,1,0.0315,0.912,7.79e-05,0.0831,0.188,147.309,40,Gospel
I'll Be Around,1972,188800,4,0.593,0.791,8,-8.698,0,0.068,0.175,0.0,0.0976,0.63,112.295,66,R&B
No Regrets - 2008 Remaster,1968,231800,4,0.681,0.32,11,-16.073,1,0.0364,0.686,0.0939,0.145,0.329,110.147,31,Folk
When Somebody Loves You Back,1977,296880,4,0.71,0.581,9,-9.108,0,0.0612,0.392,0.0,0.128,0.919,97.746,54,Disco
Whatever Gets You Thru The Night,1974,207000,4,0.574,0.853,2,-9.157,1,0.0763,0.531,0.581,0.543,0.755,126.313,49,Pop
Jailhouse Rock,1957,146933,4,0.623,0.537,10,-10.014,0,0.0726,0.332,1.4e-05,0.0963,0.905,166.885,76,Country
Feel the Fire,1985,352560,4,0.249,0.895,1,-9.727,0,0.0755,0.00527,0.594,0.185,0.445,152.977,22,Metal
"(Shake,Shake,Shake) Shake Your Booty",1976,186906,4,0.649,0.825,10,-12.243,0,0.0335,0.00606,0.154,0.104,0.961,112.124,52,Disco
Help Me,1974,204186,4,0.584,0.526,9,-10.081,0,0.0389,0.469,6.47e-05,0.0756,0.637,82.028,51,Folk
My One and Only Love,1975,274626,4,0.537,0.369,9,-13.376,0,0.0318,0.833,0.24,0.253,0.406,117.49,17,Disco
Rock The Casbah,1983,222000,4,0.797,0.872,9,-6.727,0,0.0575,0.291,0.0,0.284,0.866,129.885,72,Pop
My Prerogative,1989,291000,4,0.753,0.62,9,-10.544,1,0.0524,0.0657,0.0,0.27,0.676,110.171,59,Pop
You Make Me Feel (Mighty Real),1978,400115,4,0.629,0.851,5,-11.182,0,0.0294,0.0309,0.303,0.0947,0.961,130.7,60,Disco
"Swing Low,Sweet Chariot",1959,244640,4,0.518,0.514,11,-13.472,1,0.0944,0.566,1.45e-06,0.935,0.797,115.965,2,Country
The Foggy Dew,1960,204106,4,0.259,0.0462,0,-17.727,1,0.0363,0.993,1.76e-06,0.0709,0.39,86.418,3,Folk
Apathy,1982,163266,4,0.386,0.908,9,-4.634,0,0.131,0.00852,0.0,0.339,0.515,104.101,31,Punk
Nemo,2004,276200,4,0.494,0.735,0,-6.326,0,0.0348,0.000185,8.38e-05,0.086,0.359,125.042,64,Metal
Falling Away from Me,1999,270920,4,0.468,0.769,4,-7.036,1,0.041,0.00014,0.00124,0.271,0.17,104.102,72,Alt. Rock
Nobody But Me,1968,140000,4,0.568,0.75,2,-8.913,1,0.0466,0.0731,0.0,0.121,0.407,75.82,55,Pop
Low Self Opinion,1992,324826,4,0.281,0.915,7,-9.57,1,0.0791,0.0134,0.00916,0.1,0.463,173.055,31,Punk
I Only Have Eyes for You,1959,202773,3,0.552,0.313,5,-12.41,1,0.0296,0.916,0.0017,0.12,0.303,88.554,66,R&B
Powerslave,1984,431000,4,0.301,0.974,11,-5.341,0,0.102,0.0282,0.0498,0.242,0.328,136.013,43,Metal
Guitar Blues,1946,168573,4,0.827,0.244,0,-8.697,1,0.0465,0.987,0.887,0.129,0.624,141.061,19,Country
Plush - 2017 Remaster,1993,313946,4,0.426,0.94,7,-5.279,0,0.0424,0.00671,1.72e-06,0.14,0.466,144.472,65,Alt. Rock
Got To Give It Up - Pt. 1,1977,255133,4,0.854,0.847,2,-9.019,1,0.042,0.232,0.000569,0.345,0.89,122.644,65,R&B
Love Is,1993,255000,4,0.688,0.518,5,-4.285,1,0.0283,0.0642,0.0,0.1,0.314,116.714,80,Pop
Double Dare Ya,1993,160860,4,0.335,0.855,4,-6.762,1,0.0701,0.000298,0.00173,0.483,0.559,186.528,46,Punk
Never Ending Song Of Love,1971,200000,4,0.669,0.533,0,-14.096,1,0.0273,0.261,0.0,0.156,0.847,92.273,38,Pop
"Bad Case Of Loving You (DOCTOR,Doctor)",1979,195000,4,0.671,0.829,4,-9.118,1,0.0412,0.00103,8.97e-05,0.112,0.747,145.744,60,Pop
I Like Dreamin’,1977,212000,4,0.379,0.61,6,-7.681,1,0.0307,0.0749,0.0,0.0927,0.371,135.11,32,Pop
Smooth Criminal,1989,209000,4,0.653,0.964,9,-4.26,0,0.0578,0.00316,0.0051,0.144,0.872,126.928,75,Pop
Losing a Whole Year,1997,200640,4,0.421,0.848,4,-6.3,1,0.0347,3.37e-05,0.000159,0.0775,0.658,175.665,53,Alt. Rock
Tom’s Diner,1991,153000,4,0.687,0.866,7,-7.777,0,0.161,0.0116,4.51e-05,0.388,0.221,140.037,55,Pop
Looking at You,1969,181306,4,0.451,0.802,2,-5.568,1,0.048,0.226,1.85e-06,0.374,0.89,92.216,35,Punk
Too Many Fish In The Sea - Single Version,1964,148080,4,0.585,0.851,0,-4.35,1,0.0457,0.443,8.79e-05,0.0766,0.707,90.532,30,R&B
Disconnect,2018,252033,4,0.642,0.734,0,-6.788,0,0.031,0.1,3.19e-05,0.102,0.622,123.972,42,EDM
Walk On,1962,198000,4,0.87,0.699,5,-5.541,0,0.0459,0.245,6.76e-06,0.0588,0.727,126.967,70,Pop
A Runaway Train,2011,231000,4,0.458,0.978,2,-4.696,1,0.419,0.000207,0.0253,0.181,0.25,139.925,14,Rock
Please Don’t Go,1979,181000,4,0.683,0.554,6,-7.487,0,0.05,0.379,0.00011,0.0845,0.452,85.455,74,Pop
Everyday People,1968,141506,4,0.807,0.497,7,-10.656,1,0.0297,0.307,0.0327,0.043,0.765,114.524,64,Funk
Lean On,2015,176561,4,0.723,0.809,7,-3.081,0,0.0625,0.00346,0.00123,0.565,0.274,98.007,75,EDM
When I Been Drinking,1949,170488,1,0.651,0.0813,7,-20.343,1,0.0564,0.994,0.0612,0.117,0.784,137.585,6,Blues
Falling Away - Festival Mix (Radio Edit),2017,225014,4,0.476,0.83,7,-3.918,0,0.0564,0.0022,0.0,0.807,0.211,127.997,40,EDM
(If You're Not In It For Love) I'm Outta Here!,1995,231554,4,0.718,0.917,5,-2.183,1,0.041,0.169,0.0,0.228,0.854,119.969,39,Country
Cruel Summer,1984,178000,4,0.552,0.702,9,-5.707,1,0.157,0.117,2.06e-05,0.105,0.564,169.994,93,Pop
Have You Ever Seen The Rain / Hey Tonight,1971,158000,4,0.735,0.556,0,-5.863,1,0.0276,0.117,0.0,0.0738,0.877,127.983,0,Pop
More Than I Can Say,1981,220000,4,0.728,0.511,10,-11.178,1,0.0233,0.198,0.00052,0.322,0.714,96.406,48,Pop
What Cha Gonna Do With My Lovin',1979,246893,4,0.639,0.673,10,-6.449,0,0.0456,0.319,0.0159,0.0465,0.766,102.576,40,Disco
Solo,1973,266586,4,0.467,0.36,2,-7.752,1,0.0307,0.185,0.0748,0.121,0.441,64.81,11,Folk
Stayin Alive,1977,285373,4,0.702,0.773,10,-9.256,0,0.0343,0.0288,0.00871,0.147,0.953,103.564,72,Disco
The Sign of the Southern Cross - Live from Radio City Music Hall,2007,546906,4,0.346,0.758,7,-8.526,1,0.0471,0.027,0.00213,0.504,0.324,114.667,14,Metal
I'm Coming Out,1980,323346,4,0.72,0.828,5,-9.211,1,0.0462,0.185,0.429,0.0839,0.768,110.071,70,Disco
Streets Of Philadelphia,1994,195000,4,0.741,0.29,5,-13.251,1,0.0302,0.294,0.118,0.0924,0.443,93.699,76,Pop
Victory,1987,238000,4,0.597,0.755,4,-2.209,0,0.052,0.0423,0.0,0.582,0.0467,89.146,61,Pop
Jump,1984,241000,4,0.572,0.835,0,-6.219,1,0.0317,0.171,0.000377,0.0702,0.795,129.981,76,Metal
How Come the Sun,1964,313613,3,0.401,0.173,6,-15.513,0,0.0308,0.674,0.0595,0.153,0.157,131.296,1,Folk
Woman,1977,304040,4,0.703,0.595,7,-13.707,1,0.1,0.0125,0.0128,0.0537,0.838,124.14,27,Disco
Lovesick Blues,1949,165266,4,0.758,0.245,2,-10.746,0,0.0428,0.952,4.52e-05,0.132,0.714,126.324,47,Country
What’s The Matter With The Mill?,1929,170706,4,0.641,0.233,7,-13.58,0,0.0773,0.99,0.345,0.112,0.707,149.545,0,Blues
Cat's in the Cradle,1974,212405,4,0.463,0.484,10,-13.259,1,0.0395,0.456,0.0,0.125,0.513,77.521,49,Folk
Gigolos Get Lonely Too,1982,281706,4,0.618,0.476,11,-12.689,0,0.106,0.38,9.25e-06,0.0359,0.624,86.691,41,Funk
Keeper Of The Castle,1973,176000,4,0.57,0.625,8,-7.548,1,0.0347,0.47,0.0,0.0922,0.962,78.342,27,Pop
Superfly,1972,233600,4,0.784,0.708,2,-9.141,1,0.11,0.457,7.5e-05,0.0913,0.748,120.11,56,R&B
Circles,2019,215280,4,0.695,0.763,0,-3.497,1,0.0396,0.189,0.00242,0.0863,0.551,120.042,85,Rap
Dead And Gone,2008,299746,4,0.713,0.746,0,-4.99,1,0.259,0.0402,0.0,0.601,0.47,135.021,67,Rap
Super Freak (PART 1),1981,204000,4,0.863,0.649,9,-12.026,0,0.0577,0.0451,0.0,0.0357,0.962,132.504,9,Pop
Dr. Stein - 2024 Remaster,1988,306000,4,0.422,0.869,0,-6.973,1,0.0717,0.000826,0.0,0.199,0.525,148.983,43,Metal
Go Jimmy Go,1960,203000,4,0.796,0.579,11,-8.265,1,0.0941,0.0324,2.08e-05,0.0556,0.64,110.009,44,Pop
From Here to Eternity,1982,218000,4,0.289,0.942,9,-4.67,1,0.0653,0.00161,0.000675,0.139,0.498,154.601,33,Rock
Small World - Pt. 1,1988,235000,4,0.799,0.466,11,-13.338,0,0.0299,0.211,0.000167,0.0491,0.94,114.979,21,Rock
Galaxy,1977,494106,4,0.719,0.743,0,-10.735,1,0.0638,0.0545,0.00248,0.0782,0.488,118.284,41,Funk
Beat Your Heart Out,2003,169056,4,0.385,0.951,2,-4.198,1,0.0735,0.0307,1.36e-05,0.113,0.797,192.322,51,Punk
Era (Eptic Remix),2014,284800,4,0.482,0.887,10,-3.815,1,0.253,0.026,6.71e-05,0.376,0.392,149.841,32,EDM
You And I,1983,152000,4,0.469,0.909,10,-6.726,0,0.0389,0.135,0.000164,0.453,0.333,90.222,71,Pop
Humpin’ Around,1992,378000,4,0.71,0.8,1,-7.141,1,0.04,0.00223,0.211,0.0455,0.61,110.211,45,Pop
Little Jeannie,1980,313000,4,0.616,0.444,10,-14.224,1,0.0276,0.461,0.000115,0.0847,0.763,143.805,55,Pop
My True Story,1961,190000,4,0.453,0.587,4,-7.584,1,0.0406,0.475,0.0,0.109,0.625,145.334,47,Pop
Wheels,2001,198200,4,0.696,0.476,4,-7.955,0,0.0373,0.128,0.0,0.121,0.963,161.311,45,Alt. Rock
I Love You Because,1963,165000,4,0.557,0.152,5,-16.91,1,0.0319,0.912,4.41e-06,0.0906,0.457,110.879,49,Pop
Stagolee,1928,335880,4,0.566,0.261,2,-15.945,1,0.0323,0.789,8e-06,0.106,0.723,100.247,23,Blues
Remember - 1999/ Remastered,1966,342333,4,0.539,0.403,8,-9.168,1,0.0531,0.794,0.000613,0.278,0.699,165.301,48,Jazz
Come On / Deep Freeze - Hidden Track,1997,914613,4,0.126,9.77e-05,4,-6.882,1,0.0888,0.00614,0.00378,0.622,0.0951,84.758,22,Alt. Rock
"Don't Think Twice,It's All Right - Live",2017,274013,4,0.458,0.418,0,-7.078,1,0.0445,0.596,1.47e-06,0.973,0.338,80.788,41,Blues
Parting of the Sensory,2007,334373,4,0.59,0.954,9,-4.679,0,0.0726,0.16,0.000242,0.159,0.718,129.979,39,Alt. Rock
Just Tonight,2005,206373,4,0.393,0.939,8,-3.457,0,0.0963,0.000134,0.000114,0.134,0.694,172.977,47,Alt. Rock
A Hard Day's Night,1964,262706,4,0.59,0.362,1,-10.515,1,0.0362,0.361,0.0272,0.129,0.655,136.575,24,Jazz
Funky Cold Medina,1989,248000,4,0.988,0.633,5,-15.012,0,0.0888,0.0755,1.88e-06,0.0668,0.929,117.493,58,Pop
Always,2006,273053,4,0.535,0.936,7,-5.372,0,0.0377,0.000456,0.00359,0.356,0.316,115.005,48,Metal
Noise Annoys - 2001 Remastered Version,2001,173066,4,0.293,0.825,6,-7.432,0,0.169,0.00471,0.0845,0.172,0.575,157.569,18,Punk
Alley Cat,1962,142000,5,0.408,0.888,8,-6.74,0,0.0397,8.9e-05,0.805,0.432,0.524,112.238,46,Pop
Love in Vain - Take 1,1937,143200,4,0.74,0.0413,8,-18.767,1,0.0829,0.96,1.03e-06,0.104,0.477,89.864,33,Blues
Wake Me Up Before You Go-Go,1984,231000,4,0.62,0.573,0,-11.893,1,0.0423,0.271,0.0,0.0607,0.897,81.548,81,Pop
Avalon Blues,1928,263319,3,0.411,0.437,8,-14.015,1,0.0362,0.838,0.00777,0.171,0.692,100.607,25,Blues
Temptation,1982,419240,4,0.6,0.881,0,-9.478,1,0.0337,0.29,0.851,0.222,0.936,124.977,55,Alt. Rock
Valleri,1968,134000,4,0.402,0.564,8,-7.683,0,0.0577,0.145,0.00209,0.261,0.407,151.962,37,Pop
Goodbye Yellow Brick Road,1974,192000,4,0.559,0.473,5,-7.712,1,0.0279,0.446,0.00141,0.154,0.397,121.227,76,Pop
ATLiens,1996,230693,4,0.918,0.734,11,-2.832,0,0.269,0.0296,8.01e-06,0.191,0.608,97.044,70,Rap
Jailbreak,1976,240600,4,0.616,0.761,3,-9.199,1,0.126,0.196,0.0025,0.374,0.708,145.074,57,Metal
The Bird,1984,464333,4,0.675,0.548,6,-15.277,1,0.0907,0.0529,0.0216,0.784,0.453,128.837,39,Funk
Leave Before You Love Me (with Jonas Brothers),2021,154983,4,0.721,0.738,7,-4.77,1,0.0403,0.00226,4.41e-06,0.118,0.637,119.976,79,EDM
I'm Your Hoochie Coochie Man,1954,238533,3,0.542,0.588,2,-9.268,1,0.0665,0.67,0.158,0.241,0.881,113.948,56,Blues
Crying Time,1966,210000,4,0.164,0.796,1,-5.727,0,0.0458,0.327,0.782,0.118,0.46,150.234,47,Pop
An Innocent Man,1984,318000,4,0.509,0.382,0,-9.441,1,0.0351,0.0466,0.0,0.112,0.427,105.764,53,Pop
I Want Out - 2024 Remaster,1988,281840,4,0.47,0.907,0,-6.423,1,0.0443,0.000294,0.000227,0.199,0.609,91.033,54,Metal
My World Is Empty Without You,1965,152866,4,0.423,0.932,9,0.058,1,0.106,0.0497,0.000512,0.0996,0.472,90.516,14,R&B
Don’t Turn Around,1994,230000,4,0.745,0.771,4,-8.231,0,0.0755,0.00104,0.387,0.0574,0.752,95.623,58,Pop
The Boys Of Summer,1985,288000,4,0.516,0.549,6,-13.741,1,0.0373,0.501,0.00572,0.184,0.907,176.941,77,Pop
Here Comes Trouble,2014,234586,4,0.758,0.786,4,-4.897,0,0.108,0.156,0.0,0.0658,0.786,83.495,60,Reggae
Get At Me Dog,1998,243240,4,0.596,0.623,1,-8.444,1,0.496,0.04,0.0,0.729,0.477,97.002,45,Rap
In The Pines,1941,190400,3,0.564,0.332,9,-12.239,1,0.0336,0.812,0.000417,0.27,0.697,113.352,30,Country
Slave - Remastered 2021,1968,171000,4,0.629,0.597,1,-9.095,0,0.055,0.432,0.00726,0.128,0.0935,108.413,37,Rock
Nobody,1997,180000,3,0.358,0.284,7,-8.285,1,0.0285,0.805,0.0,0.183,0.276,99.796,86,Pop
It Must Be Magic,1981,366586,4,0.818,0.894,11,-7.248,0,0.0853,0.225,0.0,0.146,0.892,119.777,39,Disco
Ironbound,2010,397053,4,0.245,0.968,4,-5.353,0,0.141,0.000126,0.856,0.0662,0.157,95.808,24,Metal
I Don’t Wanna Live Without Your Love,1988,237000,4,0.432,0.668,0,-5.46,1,0.0396,0.173,9.81e-05,0.0892,0.152,145.692,28,Pop
Kodachrome,1973,215000,4,0.592,0.705,1,-10.276,0,0.0287,0.0291,1.97e-05,0.0456,0.902,135.754,63,Pop
"Baby,Baby - Live",1980,219760,4,0.6,0.713,4,-11.164,1,0.0355,0.0289,0.00103,0.157,0.763,110.356,26,Punk
Exodus,1961,126000,4,0.607,0.749,2,-4.497,1,0.0729,0.00645,7.27e-05,0.234,0.179,121.831,55,Pop
Waltz For Debby,1962,312426,4,0.478,0.314,2,-9.992,0,0.0389,0.732,2.85e-05,0.102,0.437,79.487,34,Jazz
Here I Am (JUST When I Thought I Was Over You),1981,230000,4,0.344,0.466,0,-8.453,1,0.0255,0.534,1.61e-05,0.569,0.132,137.974,65,Pop
What Is Love,1994,270000,4,0.683,0.772,7,-7.907,0,0.031,0.0222,0.0156,0.203,0.738,123.869,80,Pop
Please Don’t Go,1980,181000,4,0.683,0.554,6,-7.487,0,0.05,0.379,0.00011,0.0845,0.452,85.455,74,Pop
Dry Town (Demo),1998,175083,4,0.699,0.45,4,-10.022,1,0.039,0.311,9.18e-06,0.117,0.904,173.347,34,Folk
Seeing Red,1981,63013,4,0.319,0.836,2,-6.999,1,0.137,0.00787,0.00805,0.527,0.643,168.764,49,Punk
Darn That Dream,1959,309666,3,0.369,0.0151,7,-29.499,1,0.0458,0.994,0.93,0.0829,0.126,78.867,40,Jazz
O Dio Mio,1960,171000,4,0.389,0.412,5,-8.131,1,0.0304,0.192,3.11e-06,0.0936,0.363,115.882,23,Pop
Dreams,2006,286453,4,0.63,0.78,6,-5.353,1,0.221,0.00499,0.0,0.206,0.281,155.779,56,Rap
Runes To My Memory,2008,272693,4,0.485,0.991,4,-3.563,0,0.0855,3.22e-05,0.107,0.414,0.0366,125.991,40,Metal
Hair Of The Dog,1975,249000,4,0.688,0.745,4,-10.323,1,0.0519,0.00285,0.238,0.114,0.688,128.556,57,Metal
There Won't Be Anymore,1974,144360,4,0.537,0.331,5,-11.453,1,0.0272,0.869,7.09e-05,0.105,0.63,103.624,37,Country
Candle In The Wind,1988,228000,4,0.602,0.536,4,-9.74,1,0.0288,0.183,1.9e-05,0.0802,0.506,124.558,68,Pop
Search and Destroy [2023 Remaster] - Iggy Mix,2023,210056,4,0.265,0.845,1,-8.397,0,0.0851,0.0627,0.0794,0.173,0.307,152.888,45,Punk
It Seems to Hang On,1980,313066,4,0.654,0.676,11,-11.742,0,0.0646,0.167,7.6e-05,0.112,0.743,115.773,30,Disco
Remember,1981,395200,3,0.499,0.506,9,-16.778,0,0.149,1.65e-05,0.941,0.0784,0.353,186.328,23,Disco
Stay (feat. Maty Noyes),2016,239465,4,0.648,0.736,8,-7.948,1,0.0385,0.0444,0.000137,0.171,0.378,103.027,61,EDM
You,1999,157000,4,0.728,0.818,9,-5.068,1,0.0329,0.323,0.0,0.582,0.681,119.706,83,Pop
Whole Lotta Shakin' Goin' On,1957,173000,4,0.353,0.77,0,-3.467,1,0.0324,0.757,0.000101,0.15,0.498,161.308,56,Pop
Shoop (#5*),1993,236000,4,0.938,0.657,0,-7.615,1,0.236,0.0925,0.0,0.118,0.786,96.93,4,Pop
What Kind Of Man Would I Be?,1990,264000,4,0.651,0.498,0,-8.868,0,0.0318,0.39,0.0,0.143,0.423,109.906,50,Pop
I Ride an Old Paint,1948,147527,3,0.423,0.208,7,-14.767,1,0.0278,0.689,0.0,0.204,0.348,90.731,10,Country
Never Give You Up,1981,453826,4,0.697,0.826,6,-10.733,1,0.0574,0.00116,0.0159,0.0371,0.915,113.036,36,Disco
Gods of War,2007,446186,4,0.446,0.8,10,-5.444,0,0.0525,0.00641,0.0047,0.671,0.607,80.049,29,Metal
Ballad Of Forty Dollars,1973,181800,4,0.559,0.658,2,-16.085,1,0.0459,0.449,2.8e-06,0.239,0.799,114.086,45,Country
It's All Up to You,1976,181200,4,0.622,0.696,8,-11.1,0,0.0471,0.326,4.21e-06,0.318,0.933,202.097,5,Disco
The Worst That Could Happen,1969,138000,4,0.257,0.331,0,-11.132,1,0.0323,0.73,0.0,0.127,0.217,172.077,24,Pop
My Lovin' (You're Never Gonna Get It),1992,281613,4,0.767,0.839,8,-5.519,1,0.0613,0.0318,9.31e-06,0.111,0.461,98.055,58,R&B
Cry,2018,199942,4,0.653,0.656,8,-6.27,1,0.0441,0.0271,0.0,0.0897,0.511,161.964,38,EDM
Does Anybody Know,1980,208167,4,0.685,0.678,1,-5.629,1,0.0445,0.102,0.00137,0.104,0.788,149.88,48,Folk
Islands In The Stream,1983,249000,4,0.592,0.473,8,-9.834,1,0.0354,0.681,0.0,0.0732,0.741,203.989,71,Pop
On Bended Knee,1994,329800,4,0.631,0.516,8,-8.225,1,0.0353,0.413,0.0,0.115,0.18,116.655,56,R&B
My Love,1973,137000,4,0.504,0.308,9,-14.958,1,0.0321,0.868,0.135,0.158,0.121,113.95,89,Pop
Waitin' On A Dark Eyed Gal,1990,255000,4,0.58,0.365,6,-13.957,1,0.0299,0.223,0.0,0.0359,0.571,116.225,4,Rock
A House Is Not a Home,1981,427693,4,0.374,0.236,5,-15.565,1,0.0317,0.665,0.000177,0.247,0.0772,105.898,52,R&B
"Don't Get Mad,Get Even",1989,289000,4,0.464,0.575,2,-9.823,1,0.0536,0.0784,8.99e-05,0.0707,0.38,170.944,17,Rock
Puppy Love,1972,161000,4,0.234,0.443,7,-7.605,1,0.0361,0.701,0.0,0.25,0.448,68.69,57,Pop
The House That Jack Built,1968,139000,4,0.521,0.893,1,-4.168,1,0.0962,0.281,0.0,0.283,0.962,184.273,35,Pop
I Don't Believe You've Met My Baby,1955,100560,4,0.607,0.582,3,-9.223,1,0.063,0.886,2.09e-05,0.412,0.836,118.09,7,Country
Leaving Trunk,1968,289560,4,0.542,0.502,3,-10.607,0,0.0515,0.195,0.00812,0.174,0.948,174.11,51,Blues
I Believe,2002,236560,4,0.41,0.234,10,-10.767,1,0.0322,0.706,0.0,0.107,0.153,122.022,33,Country
Just Another Day,1992,233000,4,0.596,0.706,2,-5.562,1,0.0261,0.359,0.0,0.36,0.705,146.095,55,Pop
Cheater,1987,178866,4,0.787,0.509,4,-6.913,0,0.34,0.406,0.0,0.135,0.806,82.513,9,Reggae
N9,2014,225000,4,0.596,0.987,11,-5.591,1,0.178,0.000207,0.387,0.304,0.0583,128.002,51,EDM
Sail On,1979,240240,4,0.481,0.317,1,-17.356,1,0.0455,0.413,1.1e-05,0.0786,0.435,142.417,54,Disco
Yummy Yummy Yummy,1968,199000,4,0.641,0.922,4,-3.05,0,0.0927,0.136,0.0,0.414,0.793,107.98,44,Pop
The Receiving End of It All,2008,318413,4,0.322,0.929,1,-3.131,1,0.091,0.0382,0.0,0.0564,0.718,142.23,32,SKA
Some Day Baby,1948,188280,4,0.498,0.258,3,-12.622,1,0.0456,0.964,0.00486,0.124,0.687,82.476,23,Blues
Diggin' On You,1994,254560,4,0.719,0.631,6,-7.411,1,0.0451,0.0235,0.702,0.0686,0.456,80.127,54,R&B
Waiting For The B Train,1986,196693,4,0.654,0.298,11,-11.967,1,0.199,0.66,0.0,0.313,0.751,98.971,0,Folk
If I Were Your Woman - Single Version,1970,194533,4,0.472,0.492,6,-10.435,1,0.0583,0.711,0.107,0.679,0.555,74.09,43,R&B
The Beaches Of Cheyenne - Live,1995,307866,4,0.54,0.74,7,-10.429,1,0.258,0.487,7.08e-05,0.601,0.431,117.063,44,Country
Back To The Land,1944,234733,4,0.553,0.156,5,-15.558,1,0.0385,0.955,0.876,0.114,0.623,135.483,24,Jazz
Time,1981,229000,4,0.721,0.802,1,-5.797,1,0.0583,0.0921,0.0,0.694,0.724,124.022,85,Pop
Nite And Day,1988,238000,4,0.655,0.477,1,-9.616,0,0.0421,0.029,0.000221,0.0518,0.642,92.097,56,Pop
Because They’re Young,1960,116000,4,0.554,0.6,4,-9.619,1,0.0301,0.0339,0.778,0.2,0.742,120.433,4,Pop
Harbor Lights,1950,194000,4,0.26,0.29,5,-13.38,1,0.0293,0.913,0.000649,0.153,0.303,78.797,44,Pop
Walkin' After Midnight,1957,154666,4,0.757,0.196,0,-15.395,1,0.0386,0.809,0.0,0.14,0.813,90.305,60,Country
The Last Journey Home,2008,492480,4,0.197,0.965,1,-4.01,0,0.117,0.000294,0.000149,0.209,0.344,151.364,24,Metal
Alone,2016,161200,4,0.676,0.929,10,-3.194,1,0.0458,0.186,0.000405,0.121,0.157,97.019,61,EDM
Little Sister,1961,174000,4,0.364,0.959,1,-2.955,1,0.0627,0.0113,0.000953,0.411,0.927,161.797,62,Pop
Everybody Loves Somebody,1964,164000,3,0.366,0.391,3,-12.322,1,0.0425,0.854,0.0,0.352,0.461,119.182,67,Pop
Territory,1993,287480,4,0.332,0.946,2,-6.233,1,0.127,0.000275,0.0304,0.136,0.303,153.091,58,Metal
Jah Calling,1986,151586,4,0.81,0.166,7,-20.415,1,0.141,0.347,0.0792,0.097,0.349,119.563,35,Punk
Rags to Riches,1955,160840,4,0.237,0.324,5,-7.42,1,0.0315,0.967,1.3e-06,0.0821,0.165,84.838,13,R&B
Ambush,1983,194000,4,0.831,0.463,4,-13.055,1,0.0415,0.0141,0.00204,0.0674,0.587,113.714,9,Rock
Back to Boogie,1979,216217,4,0.797,0.888,0,-11.222,1,0.0303,0.0245,0.0202,0.04,0.962,128.583,26,Disco
Sprinkle Me (feat. Suga-T),1995,250000,4,0.778,0.694,7,-5.564,1,0.28,0.0203,0.0,0.0564,0.736,82.982,43,Rap
What'd I Say,1959,258000,4,0.447,0.732,6,-5.694,0,0.0667,0.0746,0.08,0.0213,0.383,88.786,39,Pop
No Ordinary Love,1992,440466,4,0.629,0.364,11,-12.259,0,0.038,0.467,0.0204,0.0941,0.701,166.266,68,R&B
Summertime,1936,173493,4,0.628,0.226,10,-14.075,0,0.0371,0.903,5.2e-06,0.171,0.608,99.393,35,Jazz
Reach for It,1977,293973,4,0.753,0.587,7,-8.932,1,0.0563,0.0151,0.00336,0.0374,0.747,88.188,30,Funk
Boogie Blues - 1999 - Remaster,1938,168994,4,0.766,0.303,3,-7.461,1,0.055,0.872,0.000875,0.183,0.772,136.677,13,Jazz
Confusion,1979,221000,4,0.7,0.577,0,-8.516,1,0.0277,0.662,5.06e-05,0.103,0.795,111.264,52,Rock
I Won’t Hold You Back,1983,293000,4,0.539,0.306,0,-15.067,0,0.0264,0.404,0.0,0.0608,0.0643,102.245,58,Pop
Strong Enough To Bend,1988,163773,4,0.632,0.374,8,-12.49,1,0.0271,0.75,8.45e-06,0.0879,0.694,91.806,38,Country
From A Distance,1991,276000,4,0.536,0.242,7,-11.716,1,0.0277,0.674,0.0,0.331,0.331,137.989,53,Pop
Date With The Rain,1977,160906,4,0.619,0.723,9,-12.351,1,0.128,0.353,0.0,0.122,0.563,123.132,33,Disco
Stop Messin' Round - Take 4,1968,155000,4,0.497,0.494,5,-8.963,1,0.0422,0.28,0.0,0.149,0.531,63.755,19,Rock
Tired Of Being Alone,1971,172000,4,0.772,0.397,7,-8.585,1,0.0391,0.339,0.00541,0.0753,0.617,97.964,69,Pop
"Knowing Me,Knowing You",1977,241920,4,0.546,0.733,2,-7.073,1,0.0299,0.0399,1.11e-06,0.235,0.91,107.285,67,Disco
If I Needed You,1969,224200,4,0.622,0.315,11,-16.641,1,0.0329,0.558,0.0303,0.0849,0.676,75.703,48,Folk
The 11th Hour,2003,147897,4,0.432,0.946,5,-5.149,1,0.184,0.00973,1.35e-05,0.152,0.619,170.196,43,Punk
Once You Get Started,1974,268200,4,0.621,0.769,5,-8.696,0,0.0547,0.0845,0.000317,0.0369,0.856,121.17,29,Funk
Nothing Else Matters,1991,388000,3,0.547,0.394,4,-9.793,0,0.0262,0.0522,6.4e-06,0.0795,0.17,142.37,70,Metal
I'm Bad,1960,196706,3,0.796,0.624,1,-7.63,1,0.166,0.794,0.0,0.333,0.746,111.97,12,Blues
House Of Flying Daggers,2003,231317,4,0.669,0.754,0,-5.34,0,0.265,0.0169,0.0,0.347,0.722,96.767,20,Rap
"L.A. Freeway - Live In New York,1972",1972,289133,4,0.516,0.561,10,-10.279,1,0.036,0.331,1.59e-05,0.21,0.791,119.86,33,Folk
Something Happened On The Way To Heaven,1990,291000,4,0.656,0.88,5,-4.137,0,0.0287,0.184,0.00609,0.272,0.88,114.613,59,Pop
I Love Your Smile,1992,257000,4,0.722,0.842,5,-8.745,0,0.126,0.00955,8.45e-06,0.178,0.751,93.954,59,Pop
How Low Can A Punk Get?,1983,159880,4,0.394,0.972,8,-2.955,0,0.13,0.0011,0.338,0.0649,0.338,142.445,36,Punk
I Can't Help It,1979,269333,4,0.684,0.394,5,-19.075,0,0.0908,0.704,5.76e-06,0.178,0.429,100.068,58,Disco
Isn't It A Pity,1959,207546,4,0.445,0.258,0,-12.442,1,0.0427,0.911,0.00648,0.12,0.45,81.914,7,Jazz
Levels - Original Version,2011,338866,4,0.602,0.834,1,-6.573,0,0.0358,0.0297,0.887,0.34,0.353,125.99,60,EDM
Knock! Knock!,1985,283320,4,0.596,0.274,9,-18.487,0,0.0349,0.606,9.23e-06,0.211,0.36,134.094,19,Funk
Running With The Night,1984,249000,4,0.767,0.6,9,-9.865,0,0.0374,0.0709,2.25e-05,0.39,0.734,120.191,39,Pop
I GOTCHA,1972,148813,4,0.84,0.856,8,-11.277,1,0.328,0.182,0.000297,0.306,0.763,93.41,35,R&B
Proud Mary,1969,187000,4,0.699,0.641,2,-7.564,1,0.0289,0.13,0.000218,0.0601,0.728,120.745,76,Pop
Shakedown,1987,300000,4,0.809,0.575,0,-12.176,1,0.0298,0.156,1.65e-06,0.0799,0.85,109.447,55,Pop
Something Like That,1999,183733,4,0.507,0.85,5,-5.679,1,0.0472,0.378,0.0,0.0567,0.847,171.8,72,Country
Bridge Over Troubled Water,1970,293000,4,0.149,0.206,3,-13.888,1,0.0323,0.822,0.000649,0.115,0.264,79.764,68,Pop
Kick Out the Jams,1969,160533,4,0.316,0.921,2,-3.491,1,0.0708,0.00407,0.0,0.37,0.723,145.559,44,Punk
Smooth Sailin' Tonight - Single Version; Remastered,1980,239746,4,0.663,0.41,9,-11.848,1,0.0477,0.282,0.0,0.0987,0.528,76.291,37,R&B
Travelin' Shoes,1974,440173,4,0.574,0.897,5,-6.23,1,0.054,0.0927,0.189,0.0357,0.91,119.954,32,Blues
Get Your Wish,2021,218509,4,0.541,0.685,11,-5.844,1,0.051,0.0983,0.0,0.124,0.442,95.008,54,EDM
Romeo And Juliet,1998,361000,4,0.602,0.574,5,-8.169,1,0.0278,0.437,0.00415,0.0751,0.486,87.318,54,Pop
The Stripper,1962,148000,4,0.625,0.667,1,-5.875,1,0.131,0.754,0.954,0.135,0.0805,80.046,72,Pop
Good Luck Charm,1962,264000,4,0.634,0.653,11,-5.89,1,0.0689,0.434,0.0,0.109,0.5,116.156,42,Pop
Laura,1955,461773,4,0.263,0.141,10,-17.687,1,0.0321,0.957,0.85,0.117,0.0513,94.881,14,Jazz
Wicked Inna Bed,1994,64087,4,0.794,0.574,2,-10.038,1,0.535,0.493,0.0,0.186,0.84,92.39,4,Reggae
One On One,1983,144000,4,0.915,0.453,10,-4.589,0,0.27,0.0872,0.000163,0.104,0.287,139.943,85,Pop
Your Great Name,2014,361413,4,0.302,0.685,7,-5.165,0,0.043,0.043,0.0193,0.0885,0.0668,147.823,46,Gospel
"Please Help Me,I’m Falling",1960,144000,4,0.557,0.388,7,-9.464,1,0.0259,0.731,0.0,0.306,0.504,107.951,49,Pop
Twilight Of The Thunder God,2008,248746,4,0.374,0.92,6,-4.653,1,0.0501,1.62e-05,0.026,0.0802,0.278,191.014,60,Metal
Is This Love - 2018 Remaster,1987,284000,4,0.263,0.759,0,-7.288,1,0.0431,0.0555,0.0,0.231,0.429,179.904,57,Metal
Bye-Bye Blues,1930,184373,4,0.451,0.22,6,-15.023,0,0.0365,0.97,0.000234,0.121,0.39,181.645,8,Blues
I Want It All,1989,280000,4,0.215,0.843,11,-5.119,0,0.0617,0.0252,8.22e-05,0.303,0.371,92.134,20,Rock
Foolin',1983,274000,4,0.607,0.787,9,-6.704,0,0.0277,0.000335,0.00773,0.111,0.479,113.795,60,Metal
He’ll Have To Stay,1960,94000,4,0.801,0.29,10,-13.307,1,0.0634,0.183,0.876,0.111,0.179,115.973,0,Pop
Anthem,1968,391000,4,0.344,0.351,9,-12.784,0,0.0329,0.479,0.00128,0.112,0.381,87.748,20,Rock
I Just Can’t Help Believing,1970,177000,4,0.554,0.464,5,-8.529,1,0.0266,0.483,0.0,0.174,0.537,134.475,37,Pop
Praise The Lord (Da Shine) (feat. Skepta),2018,205040,4,0.854,0.569,5,-8.151,0,0.106,0.0609,0.0816,0.1,0.294,80.015,82,Rap
B.Y.O.B.,2005,255466,4,0.538,0.981,1,-2.688,0,0.14,0.00662,0.0,0.219,0.711,101.414,76,Metal
Under The Gun,1996,278333,4,0.694,0.92,2,-6.631,0,0.0378,0.00125,0.107,0.122,0.72,118.019,3,Punk
Peaceful Day - 2005 Remaster,2005,171906,4,0.338,0.98,2,-3.463,0,0.142,0.00394,0.0,0.224,0.319,117.613,45,Punk
Stoner,2016,239999,4,0.876,0.675,3,-3.28,0,0.146,0.421,1.16e-06,0.0667,0.606,135.959,46,Rap
Razor Burn,1998,158106,4,0.31,0.935,4,-4.324,1,0.0744,6.29e-05,0.000116,0.101,0.659,144.343,34,Punk
Day Tripper,1966,169000,4,0.642,0.723,6,-10.553,0,0.0298,0.117,0.0,0.19,0.697,137.735,63,Pop
"No Woman,No Cry - Live At The Lyceum,London/1975",1975,427800,4,0.655,0.675,1,-9.352,1,0.086,0.272,0.0234,0.727,0.57,77.588,64,Reggae
Lovey Dovey,1954,164360,4,0.758,0.3,0,-12.514,1,0.0462,0.892,1.82e-05,0.161,0.771,109.331,19,R&B
Livin' for the Weekend,1976,396000,4,0.513,0.724,9,-8.536,0,0.0834,0.112,0.0,0.579,0.691,126.345,32,Disco
Corner Pocket,1960,315000,4,0.517,0.328,6,-12.07,1,0.0369,0.736,0.0469,0.0513,0.762,137.834,35,Jazz
"One Scotch,One Bourbon,One Beer",1953,176240,4,0.908,0.133,2,-17.63,1,0.0934,0.811,0.0938,0.0707,0.281,118.678,38,R&B
The Shoals of Herring,1960,234840,4,0.557,0.101,9,-15.589,1,0.0341,0.885,1.88e-06,0.21,0.524,126.396,26,Folk
King Henry - 2009 Remaster,1974,432040,4,0.51,0.448,2,-7.423,0,0.0288,0.654,0.000262,0.119,0.523,94.663,18,Folk
A Natural Woman (YOU Make Me Feel Like),1967,165000,3,0.603,0.271,5,-10.083,1,0.0284,0.679,0.0,0.141,0.405,110.89,67,Pop
Punk Rock Girl,1988,158333,4,0.554,0.694,2,-11.586,0,0.0394,0.00848,0.0,0.428,0.933,129.531,46,Punk
Instant Karma!,1970,200000,4,0.628,0.931,9,-9.973,1,0.0968,0.000689,0.00146,0.0997,0.144,119.976,52,Pop
Dancing In The Street,1964,165226,4,0.556,0.57,2,-9.472,1,0.0393,0.0118,0.000526,0.198,0.304,126.01,64,R&B
Your Precious Love,1967,187000,3,0.429,0.266,10,-14.701,1,0.0358,0.245,0.0,0.089,0.663,203.02,53,Pop
Breaking Up Is Hard To Do,1976,139000,4,0.743,0.799,8,-5.466,0,0.0375,0.699,0.0,0.0635,0.965,116.112,52,Pop
Baby Please Don't Leave Me,1992,322440,4,0.211,0.709,5,-9.784,1,0.0572,0.965,0.913,0.248,0.379,86.86,9,Blues
Give It Up,1971,229333,3,0.602,0.631,10,-7.906,1,0.18,0.603,0.0,0.0525,0.708,107.5,23,Funk
Hotel California,1977,391000,4,0.579,0.508,2,-9.484,1,0.027,0.00574,0.000494,0.0575,0.609,147.125,83,Pop
Can You Get To That,1971,169856,4,0.681,0.897,8,-5.44,1,0.0874,0.672,0.0,0.1,0.852,140.803,58,Funk
Love Like This,1999,275000,4,0.767,0.551,0,-7.328,1,0.0616,0.00364,0.0,0.0451,0.796,100.904,65,Pop
Same Girl (with Usher),2007,252933,4,0.717,0.583,1,-5.008,1,0.146,0.506,0.0,0.0821,0.816,139.76,60,R&B
Corduroy - Remastered,1994,277586,4,0.487,0.93,0,-7.3,1,0.0632,0.00241,2.82e-05,0.0841,0.134,131.304,54,Alt. Rock
5 Minutes Alone,1994,347440,4,0.504,0.856,7,-6.271,1,0.0423,0.000748,0.359,0.114,0.585,95.402,61,Metal
Pony,1997,258000,4,0.61,0.65,6,-6.199,1,0.0474,0.399,0.0,0.11,0.507,106.719,86,Pop
Chameleon,1973,941360,4,0.581,0.672,8,-8.279,1,0.0602,0.104,0.856,0.0458,0.808,111.154,51,Jazz
Dragonborn part 3 (Oceans Apart),2013,210163,4,0.244,0.692,9,-6.225,0,0.0536,0.00356,8.75e-06,0.12,0.0993,149.673,44,EDM
Burn Hard,1980,312893,4,0.798,0.539,2,-14.701,1,0.0408,0.0214,0.488,0.157,0.841,109.409,14,R&B
Guantanamera,1966,205000,4,0.784,0.646,1,-8.198,0,0.0408,0.018,0.00157,0.337,0.791,120.007,67,Pop
Hurting Each Other,1972,168000,3,0.341,0.325,4,-9.421,1,0.038,0.765,0.0,0.3,0.292,93.265,51,Pop
21 Questions,2003,224426,4,0.576,0.807,6,-3.908,0,0.316,0.353,0.000363,0.0512,0.908,90.01,71,Rap
Go Down Ye Murderers,1964,207293,4,0.73,0.157,3,-15.343,1,0.0811,0.983,0.00197,0.118,0.643,87.766,14,Folk
Angel (feat. Dante Leon),2019,209651,4,0.512,0.85,7,-4.956,0,0.0329,0.0247,0.0,0.334,0.331,128.031,32,EDM
Brown Girl in the Ring,1978,242093,4,0.732,0.743,8,-7.083,1,0.0486,0.22,0.00154,0.0173,0.893,105.64,50,Disco
Dante's Prayer,1997,431173,4,0.159,0.18,0,-18.472,1,0.0324,0.974,0.372,0.0726,0.0573,85.261,36,Folk
Not Enough,2006,165906,4,0.523,0.944,0,-5.95,1,0.0488,0.0049,0.546,0.145,0.742,108.28,19,SKA
The Threat,1991,229466,4,0.528,0.959,7,-5.538,1,0.0658,0.0007,9.17e-05,0.392,0.421,114.726,47,Metal
"For the Love of You,Pts. 1 & 2",1975,339960,4,0.686,0.374,11,-11.029,0,0.0439,0.665,1.91e-05,0.101,0.693,102.879,57,Funk
Early Morning Blues,1926,171680,4,0.501,0.395,11,-14.561,1,0.0301,0.985,0.000502,0.124,0.887,92.881,6,Blues
Turn It Up (REMIX)/FIRE It Up,1998,237000,4,0.817,0.84,2,-8.598,1,0.0923,0.00511,0.000345,0.288,0.89,104.295,46,Pop
Painkiller,1990,365000,4,0.435,0.987,1,-4.667,0,0.16,0.000195,0.0879,0.268,0.1,103.162,66,Metal
Street of Glory,1968,182266,4,0.841,0.868,5,-6.159,0,0.126,0.432,1.11e-06,0.14,0.889,123.924,0,SKA
Anything,1994,202000,4,0.388,0.291,3,-12.952,1,0.0421,0.774,1.93e-05,0.0874,0.51,83.943,76,Pop
Do Wah Diddy Diddy,1964,144000,4,0.66,0.583,4,-7.361,1,0.0512,0.282,0.0,0.0553,0.941,125.44,63,Pop
"Love For Sale - Live At Chez Club,Hollywood/1966/Remix",1966,291456,4,0.408,0.812,5,-8.629,0,0.149,0.441,0.271,0.945,0.593,112.14,28,Jazz
"Gee Baby,Ain't I Good To You",1960,238386,4,0.622,0.149,2,-16.228,1,0.0534,0.864,0.733,0.144,0.22,70.344,46,Jazz
Elvira,1981,225626,4,0.825,0.285,8,-17.491,1,0.0326,0.188,0.00131,0.0539,0.86,126.946,57,Country
I'll Be You,1989,209293,4,0.592,0.844,7,-6.369,1,0.0307,0.00568,4.06e-06,0.344,0.593,129.437,24,Punk
Every Heartbeat,1991,213000,4,0.648,0.89,2,-3.834,1,0.0429,0.288,0.0,0.119,0.808,126.956,39,Pop
You're the Reason,1982,323893,4,0.661,0.34,0,-10.375,1,0.0347,0.506,2.44e-05,0.185,0.326,138.554,22,Disco
Truckin' My Blues Away,1936,188453,4,0.619,0.302,7,-12.257,0,0.0605,0.995,0.00225,0.161,0.679,181.332,27,Blues
With God On Our Side,1964,385093,3,0.444,0.162,8,-19.562,1,0.0382,0.869,1.86e-06,0.979,0.223,148.041,21,Folk
Ready Steady Go - Extended Mix,2004,253933,4,0.556,0.944,1,-5.556,0,0.0296,0.00154,0.0295,0.209,0.341,128.012,45,EDM
All This Time,1989,168000,3,0.519,0.964,6,-3.442,1,0.0721,8.1e-05,0.0,0.238,0.197,100.484,59,Pop
Moonglow,1934,213333,4,0.532,0.112,10,-18.836,1,0.0279,0.913,0.439,0.284,0.391,105.729,47,Jazz
The Sound of Silence,2015,248466,4,0.215,0.278,9,-9.359,1,0.031,0.464,1.1e-06,0.102,0.178,166.388,1,Metal
Let's Get Dirty (I Can't Get In Da Club),2001,235533,4,0.539,0.966,1,-5.02,1,0.433,0.0542,0.0,0.466,0.432,99.142,38,Rap
Unstoppable,2000,188573,4,0.604,0.931,7,-4.516,1,0.0439,0.126,0.0,0.107,0.905,167.965,34,SKA
Baby Don’t Go,1965,162000,4,0.72,0.705,5,-6.82,1,0.0408,0.506,1.12e-06,0.147,0.775,106.332,53,Pop
Are You Teasing Me,1952,156533,4,0.498,0.263,4,-13.613,1,0.0308,0.835,8.41e-05,0.159,0.514,133.287,15,Country
"Here's That Rainy Day - Live At Bourbon Street,Toronto,Canada/1975",1975,438426,4,0.429,0.199,5,-21.473,0,0.0527,0.892,0.535,0.713,0.222,74.574,4,Jazz
Jive Turkey,1974,429466,4,0.782,0.563,0,-11.933,1,0.0474,0.0324,0.0273,0.0792,0.88,138.795,25,R&B
Skegee,2018,186167,3,0.389,0.613,1,-8.289,1,0.399,0.283,0.0,0.12,0.449,70.178,43,Rap
Mirror in the Bathroom - 2012 Remaster,2012,188586,4,0.636,0.644,7,-10.379,1,0.0413,0.161,0.0353,0.0295,0.948,171.844,45,SKA
A Worried Man - Remastered,1961,207333,4,0.616,0.298,2,-17.204,1,0.0427,0.788,8.85e-05,0.119,0.585,100.04,25,Folk
Far From Over,1983,238000,4,0.403,0.962,0,-3.232,0,0.0924,0.000778,0.0,0.117,0.377,154.068,40,Pop
It Ain’t Over ‘TIL It’s Over,1991,242000,4,0.679,0.568,6,-10.74,1,0.0423,0.422,0.00928,0.322,0.93,159.69,76,Pop
Israelites (1970 Live Version),1970,291293,4,0.654,0.682,11,-9.148,1,0.0639,0.785,0.00404,0.292,0.954,80.331,5,SKA
Among The Living,1987,316866,4,0.307,0.987,4,-10.409,1,0.113,0.00024,0.000192,0.139,0.0395,155.737,42,Metal
Diamonds And Pearls,1992,285000,4,0.549,0.547,7,-10.119,1,0.0328,0.0532,0.321,0.0655,0.287,81.051,47,Pop
(YOUR Love Keeps Lifting Me) Higher And Higher,1967,179000,4,0.634,0.677,2,-7.19,1,0.0448,0.318,0.0,0.0902,0.939,95.792,68,Pop
Bank Account,2017,220306,4,0.884,0.347,8,-8.227,0,0.35,0.015,7e-06,0.0871,0.376,75.016,74,Rap
Mama's Hand,1976,271493,4,0.382,0.276,9,-11.017,1,0.0285,0.695,0.0,0.13,0.398,144.066,0,Folk
When I Get Old,1982,149600,4,0.3,0.983,0,-6.314,1,0.0835,0.0152,3.11e-05,0.379,0.526,151.658,44,Punk
Please Don’t Go,1992,181000,4,0.683,0.554,6,-7.487,0,0.05,0.379,0.00011,0.0845,0.452,85.455,74,Pop
Love Or Let Me Be Lonely,1970,203000,4,0.565,0.564,9,-12.923,1,0.0274,0.371,0.0,0.197,0.775,95.465,31,Pop
Street Justice,1986,93426,4,0.404,0.924,7,-10.437,1,0.044,0.000401,0.944,0.0952,0.377,83.254,28,Punk
Con Alma,1954,305066,4,0.719,0.34,8,-13.352,1,0.0308,0.829,0.893,0.154,0.713,113.897,32,Jazz
I’ll Take You There,1994,227000,4,0.775,0.587,11,-12.71,1,0.0397,0.053,0.0102,0.0879,0.888,101.555,17,Pop
Humoresque - Live,1956,225893,3,0.485,0.336,10,-15.036,0,0.0408,0.991,0.923,0.621,0.427,98.513,21,Jazz
Love Means Never To Say I'm Sorry,1984,231666,4,0.403,0.4,4,-15.412,1,0.311,0.672,0.0,0.41,0.494,81.341,27,Reggae
If I Had A Hammer,1963,113666,4,0.409,0.438,8,-12.395,1,0.0727,0.681,0.164,0.969,0.842,89.462,3,Folk
Rock the Boat,1974,202573,4,0.596,0.58,3,-9.72,1,0.0446,0.256,0.0,0.1,0.884,107.182,64,Disco
"G’Z UP (with 2 Chainz,Mike Dimes)",2023,213293,4,0.756,0.623,5,-4.422,0,0.174,0.0739,0.0,0.192,0.333,143.984,64,Rap
Macarthur Park,1968,235000,4,0.579,0.667,4,-12.361,0,0.0401,0.0829,0.000616,0.0547,0.449,131.023,50,Pop
Try Me Again,2003,380040,4,0.28,0.937,6,-4.912,1,0.205,0.00192,0.0,0.696,0.547,164.894,11,Gospel
Down In The Boondocks,1965,153000,4,0.675,0.588,9,-11.031,1,0.0457,0.492,9.45e-06,0.0953,0.94,82.949,40,Pop
Pipeline,1963,139000,4,0.444,0.459,9,-16.485,0,0.0388,0.752,0.885,0.13,0.735,152.111,49,Pop
The Sharpest Lives,2006,200880,4,0.513,0.937,1,-3.427,0,0.0532,0.000111,0.000102,0.083,0.543,155.015,65,Alt. Rock
Evil,1983,284960,4,0.288,0.904,0,-9.455,1,0.114,0.000273,0.382,0.0894,0.556,133.838,44,Metal
Ebony Eyes,1978,212000,4,0.698,0.676,11,-11.717,1,0.0277,0.0101,2.57e-05,0.112,0.961,116.486,48,Pop
Piss Off,1997,177253,4,0.593,0.976,8,-4.206,1,0.114,0.00233,0.0,0.0682,0.735,116.025,23,SKA
Teenage Love,1988,288613,4,0.799,0.536,7,-9.862,1,0.231,0.0479,0.0,0.127,0.631,83.701,32,Rap
Gave You Everything,2016,187515,4,0.445,0.967,2,-4.009,1,0.0896,0.000112,0.000736,0.295,0.476,163.078,51,SKA
Hooray For Hazel,1966,149000,4,0.656,0.795,9,-7.338,1,0.0314,0.0328,3.42e-06,0.0898,0.96,116.475,27,Pop
San Francisco (You've Got Me),1977,205506,4,0.744,0.662,5,-10.87,1,0.0415,0.0348,0.0,0.0526,0.919,125.201,7,Disco
4th Chamber,1994,276967,4,0.708,0.447,1,-6.305,1,0.0952,0.0271,0.000728,0.102,0.0384,89.62,55,Rap
That's Why (I Love You So),1960,126226,4,0.72,0.803,5,-8.443,1,0.0868,0.673,0.0,0.362,0.961,146.618,35,R&B
"Turn Around,Look At Me",1968,166000,3,0.171,0.32,1,-12.494,1,0.0313,0.601,3.11e-05,0.0463,0.328,180.861,36,Pop
Jimmy Mack,1967,163000,4,0.701,0.517,2,-7.951,1,0.0357,0.765,0.0,0.385,0.688,127.401,52,Pop
I'm So Lonesome I Could Cry,1949,168773,3,0.678,0.218,4,-13.084,1,0.0288,0.874,0.000697,0.125,0.652,110.964,56,Country
My Baby Daddy,1997,200000,4,0.532,0.467,0,-9.083,1,0.0361,0.291,0.0,0.176,0.346,73.006,30,Pop
Get It Right,2015,172500,4,0.464,0.833,0,-4.242,1,0.0981,0.108,1.71e-05,0.0592,0.26,159.686,46,EDM
Bad News Is Coming,1972,445533,3,0.639,0.496,1,-6.844,0,0.0375,0.713,0.254,0.0545,0.467,140.394,49,Blues
Mr. Tambourine Man,1965,149000,4,0.456,0.47,2,-9.564,1,0.0294,0.513,3.76e-05,0.444,0.639,120.336,62,Pop
Glenn Song,2017,169000,4,0.671,0.345,5,-8.395,1,0.0289,0.221,0.434,0.0978,0.341,61.513,23,Rock
Oh How Wondrous,1994,318053,4,0.662,0.812,1,-6.516,1,0.0704,0.0183,0.0,0.675,0.849,104.086,33,Gospel
Square Biz,1981,383706,4,0.769,0.922,2,-7.479,1,0.119,0.148,0.000197,0.5,0.723,113.621,51,Funk
Round And Round,1991,265000,4,0.628,0.934,11,-6.026,1,0.0527,0.00682,1.11e-05,0.0853,0.491,126.539,68,Pop
99 Problems,1999,234626,4,0.494,0.887,6,-4.297,0,0.398,0.00661,0.0,0.103,0.548,89.554,63,Rap
Got Money,2008,244626,4,0.694,0.661,7,-4.847,1,0.118,0.00188,0.0,0.676,0.702,82.48,55,Rap
Flowers On The Wall,1966,139000,4,0.53,0.51,8,-11.053,0,0.187,0.596,0.0,0.0712,0.808,201.594,51,Pop
You Keep Her,1965,144666,3,0.518,0.477,7,-9.507,1,0.123,0.781,0.0,0.12,0.601,106.637,3,R&B
Mama Talk To Your Daughter,1954,141666,4,0.606,0.369,9,-8.977,0,0.177,0.831,0.00314,0.0761,0.569,136.734,35,Blues
Map Ref 41 Degrees N 93 Degrees W - 2006 Remastered Version,2006,220413,4,0.422,0.894,7,-5.22,1,0.0667,0.439,1.47e-05,0.339,0.798,140.729,33,Punk
I Got Love,2001,236226,4,0.912,0.416,10,-5.943,0,0.164,0.437,0.306,0.09,0.677,90.013,55,Rap
One More Day,1961,146933,4,0.561,0.482,9,-10.582,1,0.0307,0.764,0.000231,0.101,0.751,81.498,14,Blues
The Old Love Letters,1992,162333,4,0.605,0.511,9,-8.422,1,0.0275,0.43,0.0,0.169,0.613,160.941,17,Gospel
Sister Christian,1984,302000,4,0.448,0.35,5,-16.239,1,0.0393,0.147,2.27e-06,0.0842,0.234,177.279,62,Pop
New Jack Hustler (Nino's Theme),1986,283306,4,0.83,0.859,7,-9.213,1,0.124,0.000971,0.0,0.214,0.654,109.321,40,Rap
The Midnight Special,1934,125173,4,0.643,0.315,10,-11.056,1,0.0547,0.894,0.0291,0.0903,0.914,100.505,23,Blues
I’d Love You To Want Me,1972,196000,4,0.545,0.684,3,-10.036,1,0.0428,0.637,0.00018,0.0929,0.576,123.847,18,Pop
Smokin’ In The Boys Room,1974,207000,4,0.387,0.939,2,-4.792,1,0.0731,0.00151,1.61e-06,0.346,0.635,134.748,57,Pop
Amor,1961,187400,4,0.548,0.566,10,-11.876,1,0.0307,0.672,1.22e-05,0.112,0.805,100.813,33,R&B
Outdoor Miner - 2006 Remastered Version,2006,104506,4,0.568,0.636,4,-8.862,1,0.0297,0.431,3.02e-06,0.492,0.71,124.37,43,Punk
Honey Bucket,1993,181146,4,0.414,0.892,2,-10.722,1,0.0523,5.31e-06,0.346,0.345,0.594,88.064,51,Punk
Neither One Of Us (WANTS To Be The First To Say Goodbye),1973,264000,4,0.511,0.346,5,-14.28,1,0.0388,0.685,0.000124,0.294,0.599,140.29,55,Pop
All For The Love Of A Girl,1956,165440,4,0.519,0.15,2,-15.933,1,0.0282,0.853,6.44e-06,0.0967,0.34,88.022,28,Country
I Heard It Through The Grapevine,1968,194293,4,0.711,0.362,3,-10.851,0,0.0381,0.272,0.0,0.127,0.616,117.287,73,R&B
The Devil Went Down To Georgia,1979,214000,4,0.523,0.626,0,-9.425,1,0.0523,0.155,0.0,0.0869,0.917,134.127,68,Pop
Makin' Love,1976,194000,4,0.34,0.957,9,-6.176,1,0.202,0.53,1.46e-06,0.0378,0.39,171.75,31,Rock
You Sexy Thing,1976,244000,4,0.791,0.733,5,-5.465,1,0.0633,0.523,0.0016,0.167,0.962,105.853,73,Pop
10 Bands (feat. Timbaland),2018,214944,4,0.879,0.875,11,-5.298,1,0.0685,0.0741,0.000265,0.0926,0.784,130.011,44,Rap
Hoy Es Adios (feat. Alejandro Lerner),2002,277000,4,0.52,0.702,9,-5.639,0,0.0371,0.33,5.22e-05,0.514,0.721,180.129,31,Rock
Toy Soldiers,1989,287000,4,0.513,0.591,1,-6.407,0,0.0274,0.405,0.0,0.126,0.173,130.167,61,Pop
Burning Bridges,1960,241000,4,0.447,0.356,10,-7.596,0,0.0275,0.599,2.66e-06,0.103,0.333,157.628,47,Pop
Soul Power,1971,406946,4,0.716,0.78,0,-8.024,1,0.0682,0.0323,0.843,0.715,0.796,107.384,5,Funk
I Was Wrong,1996,237573,4,0.413,0.984,3,-3.404,1,0.0472,0.000434,0.0155,0.0939,0.405,122.024,48,Punk
The Real Me,2013,292746,4,0.332,0.434,8,-8.081,1,0.0304,0.353,5.45e-05,0.0932,0.18,139.637,23,Gospel
I'm Here Again,1977,392666,4,0.522,0.701,10,-10.869,0,0.0944,0.214,0.000377,0.0811,0.646,122.41,11,Disco
Shop Around,1960,170560,4,0.563,0.689,7,-5.66,1,0.0293,0.607,0.0,0.753,0.874,132.448,14,R&B
The Prisoner's Song,1958,178586,4,0.557,0.416,10,-13.465,1,0.0375,0.661,0.0,0.277,0.701,121.12,17,Country
Back For Good,1995,242000,4,0.601,0.504,5,-9.761,1,0.0284,0.31,0.0,0.137,0.564,78.986,70,Pop
Rico Suave,1991,291000,4,0.798,0.817,11,-11.337,0,0.121,0.00596,6.29e-05,0.0548,0.446,105.931,35,Pop
I Wanna,2005,208600,4,0.415,0.913,7,-5.361,1,0.0482,0.000543,3.02e-05,0.284,0.427,164.289,51,Alt. Rock
The Search Is Over,1985,252000,4,0.527,0.342,3,-12.272,1,0.0336,0.59,0.0,0.0803,0.148,124.209,50,Pop
Step Into Christmas - Remastered 1995,1974,272000,4,0.54,0.929,2,-6.252,1,0.0338,0.0888,1.06e-05,0.314,0.784,140.419,43,Rock
Shake It Up,1981,215440,4,0.692,0.74,0,-7.466,1,0.0329,0.0723,8.83e-05,0.136,0.864,147.274,47,Alt. Rock
Feels so Bad - Previously Unreleased Take,1998,137413,4,0.672,0.534,4,-7.535,1,0.0297,0.699,0.325,0.107,0.746,149.772,33,Blues
Cherry Bomb,1988,138000,4,0.501,0.813,11,-8.192,1,0.0639,0.0455,4.75e-05,0.131,0.495,136.59,67,Pop
When A Man Loves A Woman,1992,173000,3,0.516,0.15,1,-20.41,1,0.0272,0.13,0.0755,0.122,0.205,97.398,66,Pop
Sunshine (The Light),2006,149725,4,0.8,0.832,0,-5.497,1,0.266,0.087,0.0,0.322,0.736,106.983,56,Rap
"Take The ""A"" Train",1941,196533,4,0.461,0.0916,0,-19.121,1,0.0441,0.994,0.911,0.0795,0.111,90.66,27,Jazz
All That You Need (feat. Caroline Byrne),2015,177546,4,0.663,0.924,3,-4.558,0,0.038,0.0395,0.121,0.151,0.639,128.005,28,EDM
Todd Killings,1982,38666,4,0.42,0.819,0,-11.0,1,0.0848,5.97e-05,0.182,0.326,0.532,160.326,18,Punk
Ain't It Fun,2013,296520,4,0.61,0.893,9,-3.681,1,0.0921,0.154,4.41e-05,0.021,0.673,104.031,59,Alt. Rock
Do You Believe In Us,1993,239000,4,0.662,0.891,3,-7.245,1,0.0349,0.0103,3.64e-06,0.634,0.743,107.75,42,Pop
Nothing From Nothing,1974,156200,4,0.808,0.83,9,-3.995,0,0.0283,0.613,0.0112,0.198,0.909,102.8,57,Funk
Swimming In Your Ocean,1996,229066,4,0.613,0.795,0,-7.064,1,0.028,0.0986,0.0683,0.0809,0.643,93.873,37,Alt. Rock
Absolute Zero,2012,229840,4,0.552,0.988,1,-2.555,0,0.0787,0.000108,0.309,0.846,0.619,139.941,65,Metal
New Year,1986,457333,3,0.477,0.504,7,-10.425,1,0.0438,0.617,0.59,0.0784,0.479,113.318,13,Jazz
You Don't Know My Name,2003,366733,4,0.264,0.663,9,-8.264,1,0.187,0.59,0.00443,0.342,0.249,167.078,66,R&B
No Disturb Sign,1991,266933,4,0.766,0.752,8,-7.231,1,0.0856,0.062,0.000176,0.11,0.947,153.115,35,Reggae
Raindrops,1961,188000,4,0.804,0.539,7,-5.949,0,0.0391,0.0972,0.0,0.347,0.12,111.975,73,Pop
A Sailor's Life,1971,668360,4,0.364,0.413,2,-12.602,1,0.0262,0.0946,0.371,0.118,0.249,86.851,21,Folk
Dancing In The Street,1964,241000,4,0.527,0.942,1,-5.64,0,0.0366,0.0115,0.0,0.188,0.495,148.723,84,Pop
Personally,1982,221040,4,0.812,0.399,11,-13.519,1,0.0512,0.294,0.000418,0.0369,0.91,104.872,5,Disco
Daydreamer (feat. Example) - Radio Edit,2017,212973,4,0.539,0.914,9,-5.786,0,0.0345,0.00219,0.0806,0.199,0.432,141.349,33,EDM
"Up,Up And Away",1967,147000,4,0.661,0.665,4,-6.356,0,0.053,0.538,0.0,0.0981,0.486,75.059,65,Pop
Anything For You,1988,89000,4,0.531,0.495,2,-11.262,1,0.0247,0.241,0.346,0.135,0.762,90.044,61,Pop
Love T.K.O.,1980,299120,4,0.779,0.543,8,-10.544,0,0.0923,0.367,0.000443,0.0541,0.842,145.869,58,Disco
West Side Baby,1950,165906,3,0.579,0.123,8,-14.505,1,0.112,0.897,0.000222,0.0903,0.492,178.259,14,Blues
Maybe Baby,1981,303000,4,0.572,0.63,7,-15.511,1,0.0326,0.0985,0.404,0.55,0.62,138.675,15,Rock
Hope,1982,120333,4,0.502,0.898,2,-8.912,1,0.0469,0.00164,0.0,0.336,0.765,117.246,54,Punk
Switch It Up (feat. Koffee),2013,234920,4,0.781,0.831,10,-6.061,0,0.111,0.0596,0.0,0.187,0.661,139.98,49,Reggae
Doralice - Stereo Version,1963,166400,4,0.559,0.236,2,-14.287,1,0.116,0.878,0.00233,0.114,0.706,158.869,52,Jazz
She Sells Sanctuary,1985,252533,4,0.55,0.765,7,-8.684,1,0.0287,4.76e-06,0.873,0.132,0.419,139.46,67,Metal
Justified Black Eye,1995,158933,4,0.384,0.981,7,-5.971,1,0.099,0.000536,5.86e-05,0.0574,0.631,158.2,42,Punk
I Know,1995,211000,4,0.927,0.619,5,-4.441,0,0.0539,0.0186,0.0,0.104,0.817,117.995,85,Pop
Holiday,1980,216000,4,0.615,0.834,7,-5.726,1,0.0318,0.0311,2.94e-06,0.143,0.688,131.606,31,Metal
The American,2016,269000,4,0.573,0.729,4,-7.536,1,0.0267,0.308,1.22e-05,0.157,0.341,120.02,14,Rock
Rap God,2013,363521,4,0.709,0.843,7,-2.66,1,0.314,0.395,0.0,0.799,0.625,148.134,74,Rap
New Coat Of Paint,1991,208000,4,0.521,0.658,5,-7.562,0,0.0354,0.34,0.00227,0.11,0.573,118.333,21,Rock
Let Me Make Love To You,1975,216600,3,0.333,0.634,10,-7.503,1,0.0568,0.589,0.00103,0.163,0.544,176.33,34,Disco
It's Too Late,1959,155880,4,0.353,0.338,5,-7.802,1,0.028,0.792,0.0,0.376,0.523,100.533,15,R&B
Hello Walls,1961,146840,4,0.62,0.406,0,-10.421,1,0.0281,0.722,6.73e-06,0.114,0.695,101.489,52,Country
Crimson And Clover,1969,208000,4,0.404,0.591,11,-12.277,1,0.0724,0.256,0.0346,0.177,0.654,82.44,60,Pop
Here We Are - Live,1997,277706,4,0.465,0.177,5,-18.378,1,0.0325,0.761,0.0,0.11,0.15,89.385,44,Gospel
Jesse,1980,231000,4,0.397,0.348,6,-8.322,1,0.0281,0.224,4.44e-06,0.126,0.297,140.786,50,Pop
"Jenny,Jenny",1957,121946,4,0.698,0.694,5,-7.063,1,0.0537,0.664,0.0,0.244,0.839,88.709,34,R&B
Country Road,1972,205733,4,0.529,0.343,2,-16.192,1,0.044,0.654,5.97e-05,0.121,0.661,153.466,44,Folk
Masterpiece,1973,206000,4,0.324,0.863,10,-3.716,0,0.123,0.000109,0.0,0.311,0.394,177.985,70,Pop
Sweet And Dandy,1969,187506,4,0.617,0.516,3,-12.331,1,0.0467,0.502,0.0,0.0748,0.967,159.488,35,SKA
Kill All the White Man,1994,168266,4,0.397,0.68,0,-7.511,1,0.102,0.000959,0.0,0.145,0.862,79.08,36,Punk
Real Real Real,1991,220000,4,0.702,0.846,7,-6.555,1,0.0296,0.382,0.306,0.187,0.949,142.433,48,Pop
Suit And Tie Guy,1983,224211,4,0.287,0.516,1,-15.612,1,0.0454,1.85e-05,0.123,0.0789,0.62,139.78,27,Punk
My Ideal,1955,262626,3,0.534,0.0123,0,-26.88,0,0.0646,0.817,2.2e-05,0.0822,0.254,77.084,47,Jazz
"Working My Way Back To You/Forgive Me,Girl",1980,245000,4,0.837,0.703,9,-9.385,0,0.0415,0.415,2.81e-05,0.153,0.914,121.556,52,Pop
Spiritwalker,1985,193200,4,0.359,0.878,0,-7.678,1,0.0657,6.56e-05,0.116,0.326,0.54,164.291,34,Metal
Ebb Tide,1953,186000,3,0.179,0.211,5,-11.936,1,0.0326,0.896,0.76,0.431,0.231,174.248,49,Pop
Everything Is Broken,1989,193000,4,0.773,0.803,11,-7.936,0,0.0589,0.00425,0.0151,0.0815,0.867,132.15,36,Rock
Hey Jude,1968,425000,4,0.386,0.607,10,-7.7,1,0.0261,0.0112,1.38e-05,0.088,0.532,147.207,71,Pop
Dumb Reminders,1995,169000,4,0.494,0.934,2,-4.785,1,0.0655,0.00285,1.78e-06,0.352,0.811,89.945,42,Punk
Bird Calls,1959,377533,4,0.485,0.481,1,-13.403,1,0.0934,0.281,5.97e-05,0.406,0.662,151.775,27,Jazz
River,1971,245040,4,0.402,0.152,0,-13.901,1,0.0403,0.979,9.07e-05,0.104,0.387,59.173,51,Folk
In Plain View,2011,245626,4,0.545,0.959,10,-4.874,0,0.0725,0.000306,0.00975,0.11,0.395,110.031,34,Metal
Empathy,2017,260571,4,0.382,0.976,11,-2.909,1,0.0729,1.28e-05,0.556,0.109,0.337,140.014,39,EDM
The Reason A Dog,1985,252000,4,0.606,0.726,7,-10.508,1,0.0251,0.054,0.0,0.0956,0.59,108.568,19,Rock
Loving Him (aka You Can't Be Loving Him),1970,123293,4,0.349,0.373,0,-12.267,1,0.0315,0.873,0.0,0.357,0.559,118.305,14,R&B
Break Every Chain - Live,2013,498426,4,0.362,0.685,9,-6.53,1,0.0542,0.0155,0.0,0.569,0.161,112.941,55,Gospel
All Your Love,1967,176186,4,0.433,0.7,11,-8.197,1,0.163,0.843,0.324,0.102,0.8,80.623,44,Blues
Seven Drunken Nights,1967,196506,5,0.565,0.485,9,-11.136,1,0.0539,0.562,2.04e-06,0.217,0.918,117.781,45,Folk
Undercover Angel,1977,211000,4,0.673,0.662,5,-7.021,1,0.04,0.226,0.0,0.121,0.725,98.564,33,Pop
Loop De Loop,1963,594000,0,0.0,0.000273,1,-47.359,1,0.0,0.62,0.973,0.111,0.0,0.0,61,Pop
Still Not a Player (feat. Joe) - Radio Version,1998,236800,4,0.9,0.62,4,-6.518,0,0.312,0.2,0.00156,0.0647,0.867,94.121,71,Rap
We Got A Love Thang,1992,328000,4,0.669,0.644,0,-10.47,1,0.0302,0.000172,0.00585,0.356,0.764,120.012,41,Pop
Cut You Loose,1962,243000,4,0.752,0.0871,2,-17.778,1,0.0597,0.76,0.00337,0.325,0.499,76.846,8,Blues
Listen To What The Man Said,1975,240000,4,0.499,0.616,7,-8.325,1,0.0392,0.179,0.000151,0.552,0.622,113.254,49,Pop
Sisters of Mercy,1967,215586,3,0.443,0.241,11,-13.834,1,0.033,0.84,1.91e-06,0.179,0.44,136.695,44,Folk
Man of Constant Sorrow,1962,187000,3,0.377,0.397,7,-8.427,1,0.0312,0.817,0.0496,0.187,0.462,108.591,33,Rock
Pictures of You,1989,288026,4,0.458,0.746,9,-6.129,1,0.0315,0.00393,0.0135,0.102,0.624,172.781,45,Alt. Rock
Show Me The Way,1976,243000,4,0.7,0.726,2,-7.717,1,0.0329,0.434,1.1e-06,0.0963,0.641,130.109,65,Pop
Disco Nights (ROCK-FREAK),1979,354000,4,0.798,0.528,5,-12.228,0,0.0531,0.0116,0.00379,0.0446,0.898,122.61,39,Pop
Any Day Now,1982,222400,4,0.696,0.532,5,-9.705,1,0.0237,0.148,0.00246,0.0842,0.624,103.359,48,Country
Cemetery Gates,1992,422933,4,0.274,0.726,9,-11.541,1,0.0449,0.000212,0.0113,0.0993,0.426,146.449,66,Metal
Johnny Reb,1959,139840,4,0.833,0.425,4,-13.332,1,0.0434,0.806,0.0,0.17,0.887,115.063,37,Country
Universal Soldier,1969,140000,4,0.512,0.208,8,-15.605,1,0.0522,0.777,0.0,0.102,0.426,97.745,38,Folk
Pride And Joy,1963,219000,4,0.427,0.626,8,-11.821,1,0.0385,0.0274,0.00395,0.106,0.743,126.877,66,Pop
Does He Love You,1993,260399,4,0.449,0.434,9,-10.657,1,0.0282,0.37,0.0,0.113,0.259,144.664,51,Country
Chic Cheer - 2018 Remaster,1978,284666,4,0.862,0.67,2,-15.172,1,0.326,0.00285,0.185,0.845,0.534,113.05,36,R&B
The Satanist,2014,333826,4,0.391,0.934,6,-4.105,0,0.0569,0.000124,8.6e-05,0.105,0.365,112.073,32,Metal
Made of Scars,2008,203680,4,0.529,0.841,1,-4.025,1,0.0428,5.16e-06,0.000846,0.0404,0.283,101.695,44,Metal
(It Will Have To Do) Until The Real Thing Comes Along - Remastered,1963,409840,4,0.487,0.228,10,-9.211,1,0.0438,0.954,0.000408,0.0737,0.197,61.598,38,Jazz
Crazy,1961,173001,3,0.509,0.194,0,-12.424,1,0.0289,0.849,9.82e-05,0.0931,0.296,99.488,44,Country
Miles Beyond,1973,278946,3,0.377,0.691,0,-12.55,1,0.0471,0.0211,0.921,0.0998,0.544,88.656,7,Jazz
Breaking Up (Is Hard to Do),1971,180840,4,0.669,0.604,11,-6.202,1,0.143,0.255,0.000578,0.223,0.846,76.525,24,Reggae
Medley: I Stood On The Banks Of Jordan / Lord Do It For Me / Lord Help Me To Hold Out / Peace Be Still,1962,419506,3,0.494,0.743,5,-6.595,1,0.0906,0.977,0.39,0.643,0.606,113.276,22,Gospel
Shattered Dreams,1988,207000,4,0.655,0.72,10,-9.423,1,0.0312,0.0318,4.71e-05,0.25,0.745,121.311,63,Pop
Li’l Red Riding Hood,1966,161000,4,0.779,0.418,11,-8.432,0,0.036,0.72,0.0,0.197,0.581,121.997,42,Pop
Should I Come Home (Or Should I Go Crazy),1979,152866,4,0.571,0.399,8,-9.508,1,0.0282,0.802,0.000134,0.129,0.625,141.9,39,Country
The Big Guns,1979,245466,4,0.677,0.586,5,-12.923,0,0.0291,0.0177,0.849,0.0521,0.777,111.755,35,Disco
Burn Rubber On Me (Why You Wanna Hurt Me),1980,252306,4,0.764,0.733,11,-10.763,0,0.0538,0.0986,0.00104,0.171,0.887,116.185,53,Disco
She,1998,181543,4,0.716,0.739,6,-5.359,1,0.0608,0.143,0.0,0.379,0.741,77.981,41,SKA
The Night They Drove Old Dixie Down,1971,211000,4,0.505,0.486,0,-9.272,1,0.0336,0.545,0.0,0.222,0.484,125.839,59,Pop
Not Gon' Cry,1996,294266,4,0.758,0.424,2,-8.935,0,0.0468,0.664,0.0,0.095,0.455,110.087,51,R&B
Let's Put It All Together,1974,177226,4,0.499,0.41,0,-9.29,1,0.0287,0.699,0.0,0.0854,0.513,132.399,25,Disco
I'm Walkin',1957,126666,4,0.65,0.89,9,-8.11,1,0.0553,0.611,0.056,0.0786,0.972,114.513,48,R&B
Movin',1975,521426,4,0.697,0.923,9,-3.914,0,0.0921,0.0686,0.809,0.0251,0.87,121.508,34,Funk
We Didn’t Start The Fire,1990,287000,4,0.712,0.967,7,-5.206,1,0.047,0.0771,0.0,0.356,0.895,145.024,76,Pop
Start the Fire,1985,225800,4,0.507,0.921,4,-10.351,1,0.044,0.000248,0.00261,0.364,0.475,148.757,39,Metal
That’s The Way I’ve Always Heard It Should Be,1971,258000,4,0.4,0.0897,0,-19.012,1,0.0288,0.938,0.000521,0.0847,0.24,70.387,1,Pop
Beautiful Flyaway,1970,181000,4,0.465,0.356,0,-15.416,1,0.0458,0.751,0.0382,0.0893,0.0886,113.301,13,Rock
Get The Cream Off The Top,1978,187440,4,0.726,0.679,1,-10.418,1,0.0648,0.331,0.0,0.517,0.944,108.474,8,Disco
Bossa Nova Hop,1963,170386,4,0.72,0.632,2,-12.831,1,0.0532,0.593,0.0346,0.362,0.9,128.365,0,SKA
Love On A Two-Way Street,1970,217000,4,0.472,0.339,2,-10.969,1,0.0392,0.61,0.0,0.289,0.242,141.357,42,Pop
Cool Water,1959,189093,4,0.552,0.372,4,-9.782,1,0.0363,0.893,1.86e-05,0.303,0.53,126.136,50,Country
Too Much Alcohol - Live,1977,301573,4,0.504,0.849,2,-5.126,1,0.0686,0.885,0.146,0.655,0.709,136.395,13,Blues
Kool Thing,1990,246333,4,0.262,0.82,7,-11.621,1,0.0428,0.0103,0.0914,0.101,0.254,155.197,56,Alt. Rock
Gimme Some More,1998,158466,4,0.591,0.855,11,-8.339,0,0.339,0.00832,5.87e-05,0.771,0.78,136.734,59,Rap
Forbidden Voices,2012,230634,4,0.534,0.711,10,-5.927,0,0.0368,0.05,0.0031,0.135,0.3,128.102,57,EDM
She's Got the Answer,1991,348000,3,0.514,0.555,4,-10.117,0,0.0295,0.38,4.73e-05,0.0526,0.202,89.968,9,Rock
The Candy Man,1972,188000,4,0.634,0.56,0,-10.883,1,0.037,0.681,0.0,0.367,0.88,131.641,41,Pop
Tennessee Waltz,1950,181000,3,0.481,0.107,5,-14.688,1,0.0338,0.873,0.0,0.182,0.378,87.004,47,Pop
Matador,1964,651800,4,0.609,0.428,0,-15.854,0,0.0303,0.814,0.00712,0.124,0.697,97.816,12,Jazz
Me And Those Dreamin' Eyes Of Mine,1995,286800,4,0.512,0.401,4,-10.695,0,0.217,0.7,0.000143,0.11,0.503,83.339,44,R&B
Hell Cat,1976,175000,4,0.524,0.759,5,-13.416,0,0.0621,0.000648,2.92e-05,0.337,0.776,119.253,23,Rock
There’s A Moon Out Tonight,1961,132000,4,0.785,0.755,3,-8.877,1,0.119,0.00106,0.945,0.111,0.372,136.999,0,Pop
Heroes of Our Time,2008,433920,4,0.138,0.987,2,-3.368,1,0.153,0.000101,0.00038,0.372,0.298,199.983,40,Metal
Who Do You Love,2019,226733,4,0.51,0.846,3,-4.595,1,0.0461,0.0101,0.0,0.208,0.475,139.927,66,EDM
Believe,1993,342160,4,0.303,0.495,0,-9.591,1,0.0348,0.0368,0.000412,0.0857,0.136,59.59,24,Metal
Round Midnight,1957,193840,4,0.542,0.32,8,-9.975,1,0.0387,0.907,0.649,0.0609,0.206,116.648,51,Jazz
Cattle Call,1955,162333,3,0.428,0.186,3,-12.286,1,0.0275,0.943,3.83e-05,0.108,0.497,78.629,48,Country
The Girl from the Hiring Fair,1974,289200,4,0.286,0.274,4,-14.366,0,0.0318,0.88,0.0366,0.105,0.333,153.061,15,Folk
Endless Love,1981,266360,4,0.477,0.293,10,-11.562,1,0.0249,0.592,0.00211,0.144,0.174,93.542,45,R&B
Police Truck,1980,144973,4,0.207,0.967,4,-5.381,1,0.0982,0.0627,6.32e-05,0.504,0.598,202.423,53,Alt. Rock
Bass Cannon,2011,309546,4,0.674,0.883,6,-3.936,1,0.0408,0.00179,0.929,0.671,0.0397,139.974,45,EDM
(EVERY Time I Turn Around) Back In Love Again,1978,280000,4,0.824,0.636,8,-11.856,1,0.109,0.0842,0.000381,0.47,0.914,109.337,42,Pop
Cool It Now,1984,347666,4,0.871,0.532,10,-13.335,0,0.0677,0.126,0.00819,0.321,0.74,116.574,53,R&B
Caribou,1989,194200,3,0.432,0.643,0,-10.678,1,0.0398,0.0643,0.00738,0.361,0.277,115.043,45,Alt. Rock
Finer Things,2019,182386,4,0.506,0.45,2,-12.565,1,0.364,0.0683,0.000225,0.103,0.131,177.978,64,Rap
A Horse With No Name,1972,252000,4,0.653,0.507,11,-17.18,0,0.0534,0.687,0.0147,0.155,0.831,123.188,77,Pop
Cool Struttin',1958,563613,4,0.58,0.48,7,-7.682,0,0.0339,0.837,0.00432,0.171,0.48,108.892,46,Jazz
Crimson And Clover,1982,208000,4,0.404,0.591,11,-12.277,1,0.0724,0.256,0.0346,0.177,0.654,82.44,60,Pop
I Just Can’t Stop Loving You,1987,251000,4,0.657,0.467,5,-8.925,1,0.0341,0.667,1.92e-06,0.0295,0.276,100.139,61,Pop
Back In Your Own Backyard - Take 2,1937,196680,4,0.589,0.229,10,-13.115,1,0.0485,0.78,0.0,0.0384,0.73,130.014,19,Jazz
Ghetto Cowboy,1999,325000,4,0.692,0.55,0,-8.553,1,0.216,0.00107,0.00662,0.089,0.204,170.266,51,Pop
The Hanging Tree,1959,170400,4,0.625,0.425,9,-11.805,1,0.0424,0.623,0.0,0.346,0.778,91.079,44,Country
Baby,1995,97000,4,0.762,0.604,7,-5.296,0,0.11,0.114,0.0,0.0271,0.847,168.007,85,Pop
Leavin' On Your Mind,1966,147026,4,0.292,0.0739,7,-19.293,1,0.0356,0.932,2.73e-06,0.607,0.37,67.753,48,Country
"Sugar,Sugar",1969,229000,4,0.494,0.842,7,-4.784,1,0.0843,0.00579,0.0,0.122,0.574,162.011,78,Pop
I Will Always Love You,1974,176093,4,0.446,0.142,9,-13.498,1,0.0335,0.96,0.00114,0.101,0.156,135.724,59,Country
What The Water Gave Me,2011,333466,4,0.492,0.565,0,-6.445,0,0.0319,0.00933,0.000224,0.114,0.183,124.095,45,Alt. Rock
My Song,1978,369666,4,0.443,0.0944,0,-16.703,1,0.0406,0.914,0.517,0.123,0.118,119.517,35,Jazz
No One Needs To Know,1995,183960,4,0.663,0.525,7,-9.674,1,0.0331,0.108,0.0,0.349,0.731,134.748,61,Country
The Day You Died,2014,292866,4,0.135,0.926,5,-3.184,0,0.0776,2.89e-05,0.264,0.09,0.247,156.473,31,Metal
G.O.M.D,2013,301064,4,0.889,0.4,4,-10.586,0,0.26,0.322,1.32e-05,0.331,0.336,128.073,70,Rap
Georgia On My Mind,1960,219000,4,0.19,0.323,7,-12.405,1,0.0303,0.626,2.17e-06,0.176,0.281,94.34,56,Pop
A Satisfied Mind,1955,166040,3,0.732,0.243,4,-7.638,1,0.0299,0.945,3.85e-05,0.0955,0.432,115.14,29,Country
Deeper Than the Holler,1988,219080,4,0.647,0.482,5,-8.591,1,0.0262,0.29,0.0,0.232,0.437,142.648,66,Country
Late In The Evening,1980,242000,4,0.72,0.88,5,-8.988,1,0.0406,0.199,0.0246,0.0865,0.961,118.623,55,Pop
"Tie Me Kangaroo Down,Sport",1963,162000,4,0.712,0.451,9,-14.916,1,0.516,0.695,0.0,0.164,0.656,93.457,25,Pop
Cotton Eye Joe,1995,193000,4,0.738,0.937,9,-7.788,0,0.0668,0.0124,0.00206,0.0338,0.614,131.994,60,Pop
"Sunflower (Remix) [with Swae Lee,Nicky Jam,and Prince Royce]",2019,210000,4,0.603,0.754,2,-4.243,1,0.119,0.271,3.53e-06,0.0947,0.279,179.831,57,Rap
54-46 Was My Number,1969,204026,4,0.685,0.36,0,-9.572,1,0.0568,0.18,0.0,0.112,0.597,160.448,65,SKA
Photograph,1983,247000,4,0.602,0.877,4,-6.606,1,0.0514,0.000327,0.634,0.0551,0.617,123.679,67,Metal
Big Poppa,1997,249866,4,0.765,0.671,9,-5.249,0,0.278,0.344,0.0,0.0506,0.798,84.5,46,Rap
At Seventeen,1975,161000,4,0.557,0.853,8,-5.116,1,0.16,0.00223,0.0,0.267,0.565,174.985,53,Pop
"Fly,Robin,Fly",1976,230000,4,0.826,0.406,0,-14.153,0,0.0317,0.00719,0.731,0.0725,0.939,100.278,48,Pop
Shogun,2008,714986,4,0.227,0.964,11,-4.329,0,0.0549,2.04e-05,0.00557,0.296,0.206,139.959,40,Metal
Blues For Pablo - master,1959,317893,4,0.234,0.0458,10,-22.449,1,0.0324,0.901,0.613,0.12,0.122,61.823,4,Jazz
Deportee (Plane Wreck at Los Gatos),1967,291640,3,0.516,0.276,5,-13.913,1,0.244,0.857,0.0,0.322,0.551,142.504,7,Folk
Potions - SLANDER & Bossfight Remix,2020,238800,4,0.437,0.753,8,-4.738,1,0.0567,0.00441,0.000494,0.367,0.129,149.943,27,EDM
Love Letters,1962,93000,4,0.828,0.449,3,-11.712,1,0.181,0.411,0.0048,0.103,0.48,99.965,47,Pop
"Oh,Lonesome Me",1957,150506,4,0.714,0.592,10,-12.388,1,0.0356,0.76,1.23e-05,0.0885,0.929,102.987,42,Country
Hard Knock Life (Ghetto Anthem),1998,238466,4,0.884,0.679,10,-5.857,0,0.282,0.0957,0.00209,0.0289,0.591,76.993,66,Rap
Not Your Savior,1995,224666,4,0.185,0.9,0,-6.443,1,0.0637,7.82e-05,0.0,0.402,0.49,175.537,34,Punk
Get Up (I Feel Like Being A) Sex Machine,1970,316333,4,0.838,0.616,10,-8.351,0,0.0711,0.18,7.17e-06,0.193,0.848,107.695,47,Disco
I Need You (Live),1996,323877,4,0.45,0.709,1,-6.451,1,0.0651,0.101,1.6e-05,0.432,0.419,155.821,36,Gospel
Cry to Me,1961,154906,4,0.733,0.624,4,-9.849,1,0.0374,0.623,0.0,0.407,0.912,114.586,70,R&B
Love Child,1968,181573,4,0.574,0.96,9,-0.81,0,0.0456,0.125,2.27e-05,0.23,0.651,105.008,46,R&B
Expect No Mercy,1977,205000,4,0.496,0.903,7,-7.866,1,0.0441,0.0405,0.93,0.291,0.681,133.351,21,Metal
"Whole Lotta Love - Live: O2 Arena,London - December 10,2007",2012,446000,4,0.196,0.909,2,-8.932,1,0.111,0.000142,0.658,0.968,0.242,90.505,33,Rock
I Mean It (feat. Remo),2018,236480,4,0.712,0.562,10,-6.008,1,0.129,0.125,0.0,0.136,0.142,140.0,66,Rap
The Heart Of Rock & Roll,1984,304000,4,0.594,0.757,10,-8.82,1,0.0379,0.0318,0.000106,0.222,0.956,143.297,52,Pop
Stomp!,1980,380400,4,0.869,0.729,7,-12.668,0,0.0418,0.134,0.269,0.0872,0.917,119.711,51,Funk
Chains,1990,149413,4,0.733,0.544,2,-11.864,1,0.0297,0.145,0.0,0.0685,0.961,116.798,44,Country
Bastard,2011,369386,4,0.531,0.549,7,-9.949,1,0.324,0.734,0.0,0.715,0.308,145.567,51,Rap
Sinful Love,1976,208000,4,0.596,0.866,9,-6.7,0,0.0587,0.162,1.85e-06,0.17,0.89,124.443,35,Metal
La Bamba,1958,126000,4,0.516,0.809,0,-6.419,1,0.0545,0.787,0.000331,0.303,0.939,75.099,67,Pop
Everybody Hurts,1992,320266,3,0.467,0.324,2,-10.451,1,0.0255,0.615,0.0248,0.118,0.166,94.301,73,Alt. Rock
Somewhere My Love,1966,242000,4,0.652,0.714,0,-9.891,1,0.0278,0.104,0.0,0.124,0.575,133.841,39,Pop
Afternoon Delight,1976,193000,4,0.486,0.443,5,-11.728,1,0.0301,0.492,0.0,0.101,0.785,147.206,61,Pop
Harry Truman - 2002 Remaster,2006,229000,4,0.617,0.834,11,-5.594,0,0.0617,0.0588,5.47e-06,0.312,0.604,104.987,8,Rock
God Bless The Child,1944,190733,4,0.426,0.145,8,-12.006,1,0.0334,0.944,1.74e-05,0.238,0.24,108.218,42,Jazz
All I Want,1992,225000,4,0.494,0.723,6,-4.559,0,0.0441,0.0192,0.0322,0.134,0.152,144.036,72,Pop
No Presents for Christmas,1985,261665,4,0.376,0.926,4,-10.785,0,0.0755,0.00116,0.55,0.231,0.245,133.299,20,Metal
Stir It Up - Jamaican Version,1967,217800,4,0.688,0.487,9,-8.256,1,0.174,0.157,0.00304,0.0488,0.926,146.035,66,Reggae
Things That Make You Go Hmmm…,1991,322000,4,0.807,0.935,8,-5.932,0,0.0498,0.0534,0.000844,0.343,0.97,113.327,44,Pop
Looks That Kill,1983,247840,4,0.485,0.949,0,-5.79,1,0.0404,0.00327,0.00631,0.115,0.742,135.972,62,Metal
The Spark,2014,240893,4,0.651,0.898,11,-4.942,1,0.0391,0.152,0.0,0.11,0.599,126.051,53,EDM
Try Sleeping with a Broken Heart,2009,249013,5,0.496,0.821,5,-5.155,1,0.112,0.158,0.246,0.13,0.549,110.977,60,R&B
Sundown,1974,213000,4,0.794,0.427,11,-15.492,1,0.029,0.334,1.04e-05,0.0703,0.751,105.732,68,Pop
Together,2012,412483,4,0.647,0.916,6,-3.134,1,0.0381,0.000491,0.00414,0.124,0.352,128.0,36,EDM
Sad And Beautiful World,1993,219293,4,0.652,0.479,9,-8.153,1,0.198,0.656,1.2e-05,0.115,0.638,129.208,16,Blues
Rosalie,1975,176600,4,0.539,0.811,1,-11.224,0,0.0886,0.0616,0.000899,0.0644,0.553,133.829,44,Metal
You Must Be Good,1998,236626,4,0.728,0.675,10,-7.719,1,0.139,0.0201,0.0,0.125,0.86,146.032,23,SKA
Heartbeat – It’s A Lovebeat,1973,194000,4,0.48,0.761,6,-9.895,0,0.0346,0.2,0.0,0.05,0.794,145.338,31,Pop
No Charge,1971,206893,3,0.574,0.27,10,-15.139,1,0.0354,0.502,6.87e-05,0.152,0.4,104.392,29,Gospel
I Believe I Can Fly,1996,320666,4,0.55,0.444,7,-7.588,1,0.0292,0.241,0.0,0.187,0.0438,120.179,59,R&B
I Don’t Know How To Love Him,1971,220000,4,0.408,0.417,2,-7.099,1,0.0269,0.259,1.1e-06,0.154,0.34,71.334,31,Pop
Blues With A Feeling,1969,289960,4,0.491,0.283,4,-16.36,1,0.0496,0.419,0.00504,0.0846,0.433,71.695,7,Blues
Thoughtless,2002,272920,4,0.593,0.933,5,-4.894,1,0.119,0.000445,0.384,0.068,0.497,153.993,56,Alt. Rock
Memories,1982,308826,4,0.374,0.614,0,-13.728,1,0.0769,6.16e-05,0.00103,0.187,0.605,141.102,18,Punk
Sexual Healing,1982,238600,4,0.805,0.602,0,-9.7,0,0.0579,0.119,0.000122,0.0581,0.744,94.382,71,R&B
Good Good Father,2015,293398,3,0.431,0.587,9,-4.588,1,0.0275,0.314,0.0,0.108,0.165,145.008,65,Gospel
Doin' Time,1996,253840,4,0.708,0.757,7,-5.121,1,0.0791,0.0362,0.0,0.17,0.552,80.976,70,SKA
Bennie And The Jets,1974,322000,4,0.665,0.673,0,-7.95,1,0.0493,0.259,7.62e-06,0.497,0.779,132.642,74,Pop
Watercolors,1977,389266,4,0.302,0.338,8,-17.849,1,0.0286,0.897,0.891,0.184,0.38,165.825,25,Jazz
She Caught the Katy and Left Me a Mule to Ride,1968,208733,4,0.572,0.407,3,-11.61,1,0.0563,0.75,3.7e-05,0.0792,0.895,207.425,37,Blues
Single Life,1985,266693,4,0.755,0.761,7,-8.409,1,0.0598,0.108,0.000356,0.292,0.827,110.605,42,Funk
Better Get It In Your Soul,1959,547306,4,0.342,0.572,10,-15.84,1,0.0451,0.318,0.263,0.704,0.589,93.964,7,Jazz
Bad Bad Whiskey,1953,178466,4,0.873,0.168,7,-14.465,1,0.0454,0.848,5.04e-05,0.153,0.776,114.65,19,R&B
Don't Tell Me,1995,356000,4,0.637,0.795,6,-4.691,0,0.0272,0.00516,2.7e-05,0.0848,0.658,105.96,44,Rock
Freaky Girl,2021,225293,4,0.761,0.626,7,-2.862,1,0.0522,0.0361,2.71e-05,0.121,0.663,147.019,45,Rap
You Should Be Mine (DON’T Waste Your Time),1997,287000,4,0.77,0.519,1,-7.594,1,0.035,0.00417,0.000431,0.285,0.65,94.774,31,Pop
We Will Rise,2004,246706,4,0.466,0.98,6,-5.068,1,0.145,1.15e-05,0.0145,0.335,0.21,113.974,44,Metal
21 Guns,2009,321093,4,0.268,0.742,5,-4.939,1,0.0355,0.0518,0.0,0.626,0.416,159.779,75,Alt. Rock
Love Hurts,1976,180000,4,0.724,0.45,4,-5.763,0,0.0497,0.0315,1.42e-05,0.111,0.464,140.978,65,Pop
Mama Told Me (NOT To Come),1970,198000,4,0.673,0.673,1,-13.941,1,0.0493,0.373,0.0265,0.206,0.825,119.994,60,Pop
Write This Down,1999,219600,4,0.729,0.688,3,-7.468,1,0.0264,0.127,9.44e-06,0.295,0.671,123.867,69,Country
Macarena (BAYSIDE Boys Mix),1997,204000,4,0.766,0.74,1,-8.581,1,0.0417,0.0185,0.695,0.0576,0.902,112.979,10,Pop
Love Me Tomorrow,2015,223960,4,0.577,0.765,4,-4.468,0,0.226,0.0359,0.0,0.0782,0.15,180.111,30,Rap
Everything Went Numb,2003,209973,4,0.652,0.897,8,-5.165,1,0.0562,0.0131,0.015,0.0447,0.913,134.923,49,SKA
"Come On,Come Over",1976,233200,4,0.688,0.72,7,-10.796,1,0.0449,0.564,0.000744,0.0464,0.96,109.516,43,Jazz
Release Me,1990,169000,1,0.152,0.00504,0,-34.183,1,0.0432,0.953,0.928,0.102,0.0303,136.702,57,Pop
Use Ta Be My Girl,1978,240986,4,0.602,0.566,6,-7.677,1,0.0515,0.348,1.13e-06,0.343,0.843,112.478,41,R&B
Suspicion,1964,220000,4,0.776,0.384,9,-10.976,0,0.0431,0.776,0.0,0.112,0.387,110.001,51,Pop
Grazing In The Grass,1968,174000,4,0.595,0.857,1,-6.89,0,0.163,0.498,0.0,0.355,0.74,127.629,46,Pop
Make That Move,1980,373160,4,0.788,0.685,7,-7.806,1,0.103,0.0354,0.000891,0.0636,0.753,116.947,39,Disco
Fuck Love,2017,146520,4,0.797,0.533,0,-9.74,0,0.0412,0.0172,0.000152,0.103,0.329,131.036,84,Rap
The Diamond Sea - Radio Edit,1994,328781,4,0.397,0.561,2,-11.601,1,0.0332,0.0741,0.0077,0.153,0.289,111.8,33,Punk
Shining Star,1980,170000,4,0.676,0.692,9,-13.093,1,0.052,0.668,0.00915,0.13,0.799,102.516,64,Pop
La Isla Bonita,1987,242000,4,0.724,0.822,1,-4.374,0,0.0333,0.304,1.38e-05,0.0553,0.964,99.9,72,Pop
The Sick Bed of Cuchulainn,1985,180346,3,0.546,0.918,5,-9.237,1,0.0762,0.0971,1.11e-06,0.25,0.355,140.409,40,Punk
East Side Beat,2007,225640,4,0.625,0.853,4,-10.93,0,0.0518,0.239,0.00284,0.156,0.967,169.514,20,SKA
Return To Innocence,1994,255000,4,0.476,0.584,10,-12.357,1,0.038,0.119,0.0,0.274,0.417,88.026,67,Pop
The Wurlitzer Prize (I Don't Want to Get over You),1977,130626,4,0.59,0.347,7,-13.731,1,0.0395,0.845,0.0031,0.11,0.52,118.102,38,Country
The Closer You Get,1983,271866,4,0.755,0.416,7,-14.941,1,0.031,0.18,1.81e-06,0.123,0.83,113.997,49,Country
Loungin,1996,229000,4,0.817,0.584,7,-9.785,1,0.174,0.432,0.00588,0.225,0.502,99.947,59,Pop
Sulfur,2008,277800,4,0.278,0.985,11,-1.934,1,0.129,0.000234,0.000235,0.104,0.342,104.803,56,Metal
Live To Tell,1986,351000,4,0.652,0.521,2,-6.752,0,0.0256,0.263,0.0011,0.107,0.235,109.943,59,Pop
Los Angeles Is Burning,2004,203733,4,0.417,0.963,0,-3.302,1,0.0403,0.000305,0.000131,0.148,0.644,163.148,52,Punk
Someday,1999,183000,4,0.539,0.521,9,-7.46,1,0.0299,0.00425,0.0,0.367,0.679,106.035,72,Pop
Even Flow,1991,292580,4,0.394,0.944,10,-6.506,0,0.0761,0.00178,4.54e-06,0.298,0.265,105.338,78,Alt. Rock
The Circle Game,1969,182133,4,0.502,0.578,2,-9.112,1,0.0401,0.553,0.0,0.123,0.77,147.922,34,Folk
It Was A Good Day,1992,260000,4,0.798,0.744,7,-5.328,0,0.136,0.33,0.000106,0.292,0.794,82.356,79,Rap
Secret Agent Man,1966,187000,4,0.464,0.791,4,-8.373,0,0.0811,0.605,0.0,0.685,0.902,159.423,47,Pop
How Can You Mend a Broken Heart,1972,383502,3,0.467,0.42,4,-6.957,1,0.0398,0.509,2.56e-05,0.0707,0.365,146.512,62,Blues
Spit It Out,2001,159773,4,0.331,0.946,7,-4.599,1,0.0775,0.0309,5.62e-06,0.254,0.534,139.965,63,Metal
"Never,Never Gonna Give Ya Up",1973,290666,4,0.615,0.804,2,-11.04,0,0.0752,0.0823,0.0,0.085,0.932,85.164,58,Disco
And so I Know,1996,237866,4,0.576,0.311,9,-13.101,1,0.0268,0.757,0.0271,0.109,0.361,107.261,41,Alt. Rock
Christmas Eve (Sarajevo 12/24),1995,204306,3,0.198,0.632,4,-6.434,0,0.0326,0.21,0.926,0.119,0.144,186.576,23,Metal
Roses,2015,226738,4,0.713,0.802,4,-7.055,1,0.0561,0.0435,0.00377,0.309,0.343,100.001,73,EDM
Welcome to My Nightmare,1975,320000,4,0.438,0.717,11,-13.226,0,0.05,0.305,0.00122,0.07,0.593,112.408,41,Metal
Midnight Blues,1990,298493,4,0.39,0.176,0,-17.612,0,0.0318,0.496,0.00132,0.107,0.452,169.23,49,Blues
Rapid Fire,1981,248000,4,0.375,0.994,2,-5.829,1,0.0902,0.000267,0.00075,0.316,0.259,135.431,44,Metal
To Be Loved,1959,154173,4,0.242,0.436,5,-7.528,1,0.0367,0.658,0.0,0.324,0.345,69.182,46,R&B
Emergency,2015,253125,4,0.618,0.961,11,-2.191,0,0.0548,0.00024,0.687,0.497,0.505,127.992,40,EDM
Beneath the Remains,1989,314160,4,0.31,0.998,9,-5.236,0,0.132,8.7e-05,0.00973,0.417,0.0398,118.933,42,Metal
Rather Be,1997,337240,4,0.438,0.69,9,-5.533,0,0.0261,0.0117,3.89e-06,0.0802,0.539,81.733,19,Alt. Rock
Spies Like Us,1986,287000,4,0.606,0.643,7,-10.438,1,0.0305,0.0286,0.00247,0.238,0.717,96.088,19,Pop
Touch Me,1969,190000,4,0.425,0.903,1,-4.801,1,0.0732,0.405,0.0128,0.117,0.769,108.748,63,Pop
Everything Crash,1970,157333,4,0.927,0.547,0,-6.786,1,0.0604,0.314,0.0128,0.0517,0.921,117.418,34,Reggae
Daddy’s Home,1973,197000,4,0.327,0.816,8,-7.88,1,0.318,0.804,0.00031,0.974,0.636,205.747,30,Pop
Adrenaline,2018,212560,4,0.594,0.807,9,-4.973,1,0.199,0.000867,0.000147,0.33,0.485,140.249,27,EDM
I’ll Be There,1992,232000,4,0.527,0.852,2,-6.18,1,0.0456,0.0209,3.01e-06,0.187,0.254,112.491,61,Pop
Tell Me,1996,255000,4,0.553,0.67,4,-12.251,0,0.0329,0.104,0.16,0.0648,0.936,148.26,10,Pop
Push It,2009,208600,4,0.66,0.765,7,-7.121,1,0.245,0.227,0.0,0.376,0.771,151.073,53,Rap
Gold Dust,2015,234254,4,0.242,0.746,2,-4.496,1,0.0361,0.00635,0.00397,0.107,0.128,127.997,44,EDM
She's Strange,1984,431666,4,0.816,0.593,1,-11.751,1,0.0867,0.136,0.0358,0.0631,0.883,109.006,38,Funk
Fallen,2016,300093,4,0.315,0.744,2,-4.609,1,0.059,0.000219,0.000433,0.106,0.532,72.55,59,Metal
My Testimony,2007,625293,4,0.454,0.381,5,-9.132,0,0.0341,0.685,1.39e-05,0.0988,0.163,109.743,45,Gospel
Swing My Way,1998,249000,4,0.557,0.865,9,-6.075,0,0.139,0.00323,0.0,0.106,0.501,139.382,52,Pop
We Are In The Mood,1970,131506,4,0.748,0.499,9,-7.716,0,0.0418,0.529,0.00074,0.236,0.824,82.174,3,Reggae
Party Up (Up In Here),1999,228400,4,0.554,0.941,11,-2.68,1,0.331,0.065,0.0,0.19,0.411,100.805,45,Rap
Mothership Connection (Star Child),1975,373213,4,0.662,0.585,8,-10.238,0,0.101,0.531,1.08e-05,0.443,0.829,89.212,44,Funk
Peace Train,1971,253000,4,0.594,0.682,0,-8.858,1,0.0487,0.051,4.56e-05,0.0919,0.76,82.487,67,Pop
The Way You Do The Things You Do,1964,165744,4,0.618,0.704,4,-4.686,1,0.0321,0.159,0.000264,0.358,0.742,124.218,57,R&B
Little By Little,2019,229000,4,0.65,0.597,2,-6.327,1,0.0499,0.357,0.0,0.176,0.662,123.56,31,Blues
Same Ol' Situation (S.O.S.),1989,252000,4,0.495,0.986,2,-3.109,1,0.133,0.0312,2.07e-05,0.431,0.246,139.677,60,Metal
"(What's So Funny 'Bout) Peace,Love And Understanding",1978,211630,4,0.381,0.918,7,-9.451,1,0.0803,0.000466,0.0511,0.321,0.368,142.34,40,Alt. Rock
Dragula,1998,222826,4,0.59,0.963,0,-6.489,0,0.0676,8.75e-05,0.000105,0.0781,0.586,125.033,78,Alt. Rock
A Kiss From Your Lips,1959,181786,3,0.407,0.181,7,-16.264,1,0.0339,0.964,0.011,0.161,0.31,103.243,23,R&B
North Cumberland Blues,1973,208600,4,0.571,0.644,9,-14.321,1,0.0342,0.0388,0.000326,0.0757,0.955,90.663,7,Folk
Are You Jimmy Ray?,1998,201000,4,0.75,0.914,10,-5.707,0,0.0704,0.13,2.33e-05,0.392,0.673,99.083,38,Pop
Go Light Your World,1994,246066,4,0.551,0.39,6,-9.998,1,0.036,0.494,0.0,0.145,0.315,67.864,34,Gospel
Stay Hungry,1984,183000,4,0.355,0.991,2,-3.055,1,0.162,2.23e-05,9.54e-05,0.122,0.273,131.478,44,Metal
American Soldier,2003,263333,4,0.565,0.541,9,-8.427,1,0.0376,0.193,3.54e-06,0.0582,0.225,82.006,59,Country
Bankshot - 2007 Remaster,2007,93426,4,0.267,0.988,5,-4.193,1,0.0663,0.0165,0.959,0.346,0.964,174.022,39,Punk
Too Late For Goodbyes,1985,214000,4,0.867,0.743,11,-8.229,0,0.0325,0.16,0.00365,0.0451,0.969,122.42,52,Pop
Mama Can’t Buy You Love,1979,244000,4,0.529,0.432,5,-14.245,1,0.0333,0.524,0.0,0.115,0.555,94.382,36,Pop
Always,1994,223000,4,0.174,0.742,8,-5.93,1,0.0485,0.00181,0.281,0.198,0.36,163.378,78,Pop
A Night In Tunisia - Remastered 2005,2005,676320,4,0.41,0.761,5,-8.036,1,0.111,0.0634,0.532,0.0994,0.418,155.267,29,Jazz
Sing a Simple Song - Single Version,1969,235826,4,0.463,0.693,11,-10.387,0,0.0782,0.327,2.76e-06,0.236,0.735,100.965,36,Funk
Dreamland,1976,165573,4,0.865,0.292,1,-16.271,1,0.41,0.0206,0.000107,0.0586,0.818,143.2,42,Reggae
Daydreamin' (feat. Jill Scott),2008,234306,4,0.533,0.739,5,-3.573,0,0.0602,0.029,0.0,0.266,0.617,81.37,60,Rap
Your Sister Can't Twist (But She Can Rock'n' Roll) - Remastered 2014,1973,161000,4,0.464,0.972,4,-6.887,1,0.0553,0.0111,1.47e-06,0.818,0.91,95.407,36,Rock
Somebody’s Been Sleeping,1970,162000,4,0.799,0.528,11,-15.649,0,0.0731,0.0122,0.739,0.0479,0.826,148.03,13,Pop
The New Order,1988,266573,4,0.382,0.837,11,-10.775,1,0.0403,1.49e-05,0.201,0.0554,0.58,96.933,29,Metal
"That Lady,Pts. 1 & 2",1973,334386,4,0.344,0.769,5,-9.112,0,0.0606,0.261,0.000122,0.335,0.923,126.318,54,R&B
1612,2016,199639,4,0.678,0.392,0,-11.328,1,0.274,0.177,0.0045,0.0839,0.711,171.276,55,Funk
Where Do I Belong,2012,206506,4,0.698,0.833,5,-3.971,0,0.231,0.522,1.88e-06,0.165,0.955,167.999,40,EDM
Ain't Gonna Bump No More (With No Big Fat Woman),1977,403640,4,0.745,0.835,6,-10.961,0,0.0346,0.014,0.113,0.139,0.936,113.897,32,R&B
The Bonny Black Hare,1960,177266,1,0.65,0.12,7,-15.079,1,0.0389,0.955,0.0,0.11,0.636,91.022,0,Folk
Race Against Time,1982,164066,4,0.302,0.859,1,-9.645,0,0.071,4e-06,0.0972,0.138,0.404,147.182,30,Punk
Mule Skinner Blues,1960,188000,4,0.57,0.806,11,-9.849,1,0.0536,0.295,0.000221,0.112,0.747,128.873,42,Pop
For Every Mountain - Live,1997,445293,4,0.306,0.824,2,-5.01,0,0.131,0.809,4.05e-05,0.972,0.176,106.204,39,Gospel
Hey Lover,1996,284693,4,0.707,0.427,5,-12.216,0,0.07,0.341,0.0,0.105,0.542,88.079,58,Rap
Speedy Gonzales,1962,204000,4,0.586,0.945,2,-6.465,1,0.165,0.136,2.18e-06,0.89,0.849,181.983,46,Pop
Clockworks,2016,435040,1,0.431,0.98,10,-5.313,0,0.107,2.01e-06,0.831,0.289,0.366,129.935,41,Metal
Here Comes The Hotstepper,1995,250000,4,0.889,0.453,4,-8.598,0,0.221,0.0141,0.000205,0.202,0.437,100.358,68,Pop
Nothing To Smile About,1994,205026,4,0.695,0.661,7,-5.642,1,0.255,0.641,0.0,0.323,0.77,82.031,34,Reggae
Can You Handle It?,1975,310466,4,0.645,0.776,0,-10.937,1,0.0519,0.111,0.000813,0.334,0.76,101.339,19,Funk
Shining Star,1975,170160,4,0.676,0.692,9,-13.093,1,0.052,0.668,0.00915,0.13,0.799,102.516,63,R&B
Goodbye,1997,222626,4,0.396,0.745,2,-5.446,0,0.0442,0.045,0.0,0.0696,0.593,92.482,31,SKA
Bop-Ting-A-Ling,1956,185506,4,0.576,0.289,5,-10.669,1,0.0748,0.84,0.0,0.543,0.891,76.703,16,R&B
I Wonder,1992,236840,3,0.677,0.367,3,-14.149,0,0.0457,0.413,1.98e-05,0.144,0.513,162.264,37,Blues
Old Hippie,1985,245106,4,0.674,0.75,11,-6.032,1,0.041,0.0306,1.29e-05,0.0884,0.693,103.87,48,Country
Love Is the Message,1973,396533,4,0.643,0.683,0,-8.998,1,0.0861,0.0434,0.879,0.186,0.636,113.865,20,Disco
Hong Kong Flu,1970,138746,4,0.937,0.662,2,-8.98,1,0.168,0.553,0.0353,0.0382,0.874,129.395,22,Reggae
You Got The Love,1975,278440,4,0.572,0.758,0,-8.094,1,0.116,0.63,0.000169,0.496,0.92,97.103,40,Funk
Hey Boy Hey Girl,2002,290493,4,0.632,0.92,2,-4.976,1,0.0531,0.119,0.508,0.114,0.363,127.001,63,EDM
Hideaway - Mono,1961,193560,4,0.369,0.759,9,-4.718,1,0.0361,0.000815,0.364,0.329,0.868,132.281,40,Blues
Kiddio,1960,191000,4,0.854,0.278,1,-12.581,1,0.0961,0.731,0.0012,0.138,0.694,110.651,28,Pop
Making Love,1982,341000,4,0.388,0.72,7,-5.541,1,0.033,0.202,0.000288,0.283,0.554,141.283,71,Pop
Wildwood Flower,1928,195040,4,0.696,0.299,4,-11.554,1,0.0299,0.98,0.0215,0.21,0.42,95.282,36,Country
Given A Chance,1996,261493,4,0.667,0.616,11,-8.218,1,0.0342,0.27,0.0,0.0434,0.665,77.984,27,R&B
Last Kiss,1964,369000,3,0.557,0.362,10,-8.641,1,0.0263,0.443,3.57e-06,0.1,0.187,79.573,69,Pop
Ill Mind of Hopsin 5,2015,289004,4,0.737,0.707,1,-11.113,1,0.448,0.514,0.0,0.393,0.561,98.121,54,Rap
From The Beginning - Live,1972,117000,4,0.279,0.261,0,-21.894,1,0.0448,0.472,0.707,0.149,0.52,96.505,31,Rock
Stomp,1997,336533,4,0.814,0.918,0,-5.389,1,0.147,0.114,0.0,0.0436,0.732,105.86,39,Gospel
Silver Stallion,1985,192426,4,0.625,0.523,1,-14.647,0,0.0311,0.526,0.0564,0.252,0.723,148.03,57,Folk
Slow Drag (Cincinnati Flow Rag) - Instrumental,1957,144373,4,0.53,0.453,7,-8.94,1,0.0446,0.712,0.898,0.095,0.933,169.852,33,Blues
Mississippi County Farm Blues,1965,170213,3,0.608,0.269,11,-12.911,1,0.0508,0.994,0.772,0.102,0.504,116.067,8,Blues
He's so Shy,1980,218320,4,0.871,0.736,0,-7.896,0,0.0675,0.22,0.000725,0.0894,0.967,115.149,52,Disco
"Young,Wild & Free (feat. Bruno Mars)",2011,207346,4,0.553,0.652,0,-6.685,1,0.206,0.0897,0.0,0.111,0.551,94.505,67,Rap
Palisades Park,1962,110000,4,0.305,0.75,1,-6.764,1,0.0431,0.0825,0.0,0.189,0.883,83.086,37,Pop
Dem Bow,1994,216826,4,0.912,0.871,11,-6.628,1,0.164,0.267,0.0,0.0502,0.961,98.32,31,Reggae
Get Off,1978,215000,4,0.78,0.407,5,-8.026,1,0.0473,0.0151,0.0,0.156,0.0558,121.937,63,Pop
Feel Like Dancing,1979,437173,4,0.733,0.737,8,-8.885,0,0.043,0.0715,0.124,0.0594,0.955,115.987,23,Disco
"The Good,The Bad And The Ugly",1968,162000,4,0.304,0.657,0,-13.567,1,0.0824,0.787,0.954,0.113,0.102,120.338,58,Pop
Columbus - 2002 Remastered Version,2002,217333,4,0.682,0.446,7,-9.384,1,0.221,0.316,0.00485,0.0428,0.928,152.088,42,Reggae
Blue 7 - Rudy Van Gelder Remaster 1956,1956,677706,4,0.548,0.344,0,-13.479,0,0.0363,0.549,0.0152,0.11,0.441,133.223,25,Jazz
Tracy,1969,273000,4,0.275,0.971,2,-4.66,1,0.154,0.025,0.00557,0.899,0.267,121.395,32,Pop
I Stand Alone,2003,246040,4,0.219,0.92,0,-4.479,1,0.0623,2.81e-05,0.0,0.102,0.376,166.188,69,Metal
Sing Along Forever,1999,95506,4,0.592,0.964,0,-3.672,1,0.0816,0.00912,0.0,0.27,0.585,101.252,40,Punk
Holiday in Cambodia,1980,224866,4,0.133,0.927,7,-5.371,1,0.0741,0.00344,0.00044,0.0915,0.5,197.708,53,Alt. Rock
You Should Do It,1979,229813,4,0.848,0.37,0,-15.463,0,0.05,0.0109,0.0006,0.0639,0.771,109.585,9,Disco
"Ruby,Don't Take Your Love To Town",1974,161586,4,0.58,0.603,0,-11.924,1,0.0624,0.767,0.0138,0.793,0.859,115.323,6,Country
"Love,Love,Love",1953,189400,4,0.37,0.301,5,-10.183,1,0.0319,0.828,0.0,0.28,0.275,110.983,0,R&B
Hills And Valleys,1995,273040,4,0.687,0.544,3,-8.642,1,0.162,0.477,0.0,0.0937,0.742,72.082,58,Reggae
"Lady Be Good (Take 2,Alternate)",1959,270400,4,0.496,0.574,7,-8.448,1,0.0311,0.639,0.00818,0.108,0.632,97.03,5,Jazz
Cowboy Take Me Away,1999,287266,4,0.467,0.622,6,-7.255,1,0.031,0.365,0.00527,0.0982,0.455,164.418,69,Country
Which Side are You On?,1941,131466,4,0.496,0.263,7,-12.325,0,0.0408,0.993,3.14e-05,0.0763,0.72,176.134,33,Folk
Hangover Heart,1949,184106,4,0.552,0.229,9,-12.242,1,0.0309,0.802,0.0,0.125,0.442,122.789,40,Country
Down Low (NOBODY Has To Know),1996,288000,4,0.603,0.417,10,-9.408,0,0.0273,0.282,0.000183,0.0651,0.172,107.72,46,Pop
Girls It Ain't Easy,1971,194760,4,0.716,0.465,8,-10.119,1,0.0308,0.166,0.0,0.148,0.847,111.83,25,Disco
I Can Hear You Calling - Single Version,1970,179000,4,0.682,0.556,9,-12.257,1,0.0413,0.412,0.00164,0.523,0.967,90.032,23,Rock
Wayfaring Stranger/You Got me Runnin',1969,788533,3,0.299,0.239,0,-17.196,1,0.0523,0.715,2.33e-05,0.702,0.194,62.12,6,Folk
Cold Blooded,1983,359280,4,0.939,0.487,10,-7.641,0,0.153,0.0172,0.0124,0.05,0.646,117.637,44,Funk
Roots and Culture,1982,368720,4,0.735,0.507,6,-11.17,0,0.0842,0.136,0.0176,0.373,0.783,144.093,44,Reggae
The Price,1965,167706,3,0.403,0.57,4,-6.624,1,0.034,0.453,1.93e-05,0.318,0.527,153.814,20,R&B
Jesus To A Child,1996,411000,4,0.534,0.415,1,-11.781,0,0.0278,0.314,0.000365,0.0847,0.188,173.561,59,Pop
65 Love Affair,1982,233000,4,0.654,0.764,9,-4.046,0,0.0289,0.558,0.0,0.204,0.88,154.549,40,Pop
The Fool On The Hill,1968,179000,4,0.357,0.258,4,-10.577,0,0.0313,0.915,2.06e-06,0.105,0.499,144.19,55,Pop
Justify My Love,1991,300000,4,0.696,0.655,7,-12.594,1,0.124,0.00218,0.738,0.0526,0.48,99.648,44,Pop
Mercy Mercy Me (The Ecology),1971,193573,4,0.498,0.634,6,-12.16,0,0.0475,0.328,0.748,0.0962,0.515,93.161,68,R&B
Tonight's the Night,1957,168560,4,0.447,0.485,8,-11.018,1,0.0254,0.784,0.0,0.116,0.905,78.826,2,R&B
I'm Actin' Different,1991,270000,4,0.748,0.369,11,-11.644,1,0.0424,0.0135,4.41e-05,0.0663,0.735,86.49,8,Rock
All Night Long - Single Version,1983,260493,4,0.744,0.583,1,-12.595,1,0.0429,0.153,7.81e-05,0.0248,0.852,108.792,58,R&B
Shake Your Love,1988,222000,4,0.784,0.746,11,-10.681,0,0.0477,0.405,0.0,0.0568,0.83,120.55,42,Pop
Looking For A New Love,1987,242000,4,0.905,0.604,4,-7.433,0,0.0413,0.149,9.24e-05,0.0523,0.899,109.196,40,Pop
Hangar 18,1990,314560,4,0.169,0.949,7,-10.595,1,0.114,0.000101,0.616,0.297,0.147,159.678,52,Metal
Long Time Gone,2002,249412,4,0.549,0.693,2,-5.572,1,0.0311,0.18,1.75e-06,0.153,0.819,170.241,52,Country
Land Of Make Believe,1978,258693,4,0.269,0.447,10,-12.713,1,0.0457,0.441,0.747,0.13,0.402,152.744,25,Jazz
Because Of You,1999,266000,4,0.81,0.538,0,-5.783,0,0.0357,0.53,0.0,0.0951,0.832,109.97,74,Pop
I Wanna Be Sedated,1978,149786,4,0.56,0.965,11,-2.341,1,0.0409,0.121,6.23e-06,0.169,0.964,162.825,69,Alt. Rock
The Camera Never Lies,1988,276000,4,0.701,0.887,5,-7.402,1,0.0477,0.0197,0.000482,0.372,0.792,116.408,13,Rock
Down the Dirt Road Blues,1929,174573,4,0.473,0.302,1,-10.009,1,0.0344,0.971,0.036,0.106,0.524,119.147,28,Blues
Can We Talk,1994,284000,4,0.66,0.646,2,-9.111,0,0.0426,0.0312,5.06e-06,0.033,0.621,172.376,64,Pop
MC's Act Like They Don't Know,1995,295933,4,0.855,0.798,1,-4.018,1,0.237,0.0101,0.000615,0.628,0.855,90.429,55,Rap
You Are So Beautiful,1974,289026,4,0.336,0.539,8,-7.823,1,0.0352,0.603,0.0012,0.122,0.385,137.323,28,Funk
There's A Doctor,1969,23000,4,0.812,0.319,5,-10.956,1,0.0358,0.675,0.0,0.08,0.975,90.098,1,Rock
Don’t You Want Me,1988,265000,4,0.763,0.624,1,-6.295,1,0.0432,0.388,0.00501,0.316,0.783,97.743,46,Pop
"Whoot,There It Is",1993,276000,4,0.783,0.498,7,-14.387,1,0.0556,0.0157,0.245,0.456,0.519,132.952,26,Pop
New San Antonio Rose,1940,157266,4,0.666,0.191,8,-17.371,1,0.0382,0.977,0.916,0.121,0.836,104.614,23,Country
Jesus Is Coming Soon,1928,191066,4,0.612,0.36,0,-12.973,1,0.0378,0.994,0.000154,0.102,0.628,139.734,8,Blues
Dancing In The Dark,1936,181986,3,0.334,0.148,5,-12.504,1,0.0311,0.94,0.66,0.256,0.149,106.501,22,Jazz
Hate Me Now (feat. Diddy),1999,284000,4,0.678,0.77,9,-4.399,0,0.222,0.00583,0.0,0.109,0.412,90.0,57,Rap
Rubber Band Man,2003,347506,4,0.601,0.768,8,-5.712,1,0.386,0.141,0.0,0.482,0.634,152.45,51,Rap
Tighten Up,1968,211000,4,0.504,0.705,6,-6.179,0,0.0665,0.00121,4.12e-06,0.453,0.567,108.965,67,Pop
Who Ride Wit Us,1999,261173,4,0.829,0.821,9,-6.184,1,0.367,0.141,0.0,0.585,0.602,104.966,46,Rap
Electric Boogie,1983,242773,4,0.769,0.898,1,-9.347,1,0.0355,0.116,0.000648,0.261,0.968,108.141,41,Reggae
In the Name of Love,1981,392040,4,0.853,0.575,0,-8.077,1,0.0432,0.0729,4.71e-05,0.0832,0.502,127.02,22,Disco
I Don't Hurt Anymore,1954,175266,4,0.548,0.349,11,-10.805,1,0.0295,0.812,0.0,0.13,0.702,94.379,27,Country
Sodom And Gomorrow,1977,371080,4,0.753,0.749,0,-7.307,1,0.0405,0.021,0.00178,0.276,0.881,123.198,12,Reggae
Fourteen Carat Mind,1981,153893,3,0.497,0.801,5,-5.285,1,0.052,0.186,1.05e-06,0.47,0.805,193.856,47,Country
United We Dance - Vicetone Edit,2018,255483,4,0.594,0.65,10,-5.073,1,0.0404,0.014,0.0142,0.267,0.106,126.0,38,EDM
Change (In the House of Flies),2000,299533,4,0.269,0.853,7,-4.647,0,0.0854,0.000249,0.000246,0.118,0.179,141.581,78,Alt. Rock
Illinois Blues,1931,194666,4,0.432,0.0988,4,-22.731,0,0.0488,0.818,1.11e-06,0.178,0.557,86.71,10,Blues
Dreamer,1974,213000,4,0.664,0.414,5,-14.113,1,0.0675,0.864,0.0367,0.0813,0.831,147.883,60,Rock
"Me,Myself & I",2015,251466,4,0.756,0.674,0,-6.518,0,0.0959,0.0184,0.0,0.158,0.389,111.995,80,Rap
Empire State Express,1965,270706,4,0.664,0.416,0,-8.34,1,0.0398,0.815,1.07e-05,0.0787,0.649,99.727,23,Blues
Stricken,2005,245226,4,0.402,0.969,8,-2.825,1,0.181,9.14e-05,0.0325,0.225,0.262,173.847,71,Alt. Rock
Crack Rock Steady,1996,184400,4,0.74,0.938,1,-3.207,1,0.147,0.219,0.000626,0.313,0.964,99.758,39,SKA
Too Late,1974,237240,4,0.609,0.893,1,-3.894,1,0.031,0.2,0.0,0.127,0.961,115.875,11,Funk
I Got Rhythm,1967,198000,4,0.487,0.376,0,-18.236,0,0.0368,0.924,0.866,0.276,0.798,145.012,39,Pop
The World At Large,2004,272506,4,0.523,0.477,6,-9.076,1,0.0254,0.0961,0.000106,0.101,0.249,76.973,54,Alt. Rock
Never Can Say Goodbye,1971,179773,4,0.527,0.821,2,-7.19,1,0.047,0.337,1.68e-06,0.394,0.835,166.139,55,R&B
Big Rock Candy Mountain,1960,159933,4,0.63,0.0589,4,-18.238,1,0.0784,0.963,0.000176,0.273,0.492,78.99,34,Folk
Airegin,1965,266666,4,0.431,0.412,5,-12.342,0,0.041,0.946,0.765,0.212,0.685,145.221,28,Jazz
Main Squeeze,1978,329746,4,0.752,0.691,5,-13.096,0,0.0372,0.236,0.577,0.0597,0.928,126.897,29,Jazz
Send Me Down To Tucson,1976,118685,3,0.337,0.564,9,-9.001,1,0.0316,0.681,1.8e-05,0.352,0.351,103.077,18,Country
I Never Walk Alone,1986,224000,4,0.61,0.85,4,-10.962,1,0.0318,0.031,5.85e-06,0.12,0.891,127.892,28,Rock
Award Tour (feat. Trugoy The Dove),1993,226440,4,0.812,0.6,7,-9.414,1,0.253,0.00304,7.79e-06,0.173,0.557,97.338,62,Rap
Jelly Bean Blues,1924,199400,4,0.474,0.0912,11,-15.926,1,0.0308,0.996,0.142,0.288,0.44,77.106,4,Blues
Sweet Lady,1999,290000,4,0.588,0.522,9,-6.254,0,0.0383,0.233,0.0,0.24,0.584,66.024,60,Pop
Troops of Tomorrow,1982,294760,4,0.642,0.806,8,-5.932,1,0.0453,0.0392,0.017,0.124,0.624,102.377,26,Punk
The Rhumba Boogie,1951,167320,4,0.65,0.706,2,-7.49,1,0.0329,0.171,0.000409,0.287,0.943,94.483,11,Country
Word Up,1986,260000,4,0.878,0.84,6,-13.105,0,0.064,0.0421,0.0035,0.053,0.882,116.222,63,R&B
Running Back And Forth,1975,165066,4,0.644,0.59,11,-12.381,0,0.0492,0.774,5.78e-05,0.475,0.884,103.157,33,Disco
FRIENDS,2018,202620,4,0.626,0.88,9,-2.384,0,0.0504,0.205,0.0,0.128,0.534,95.079,75,EDM
Don't Be Stupid (You Know I Love You),1997,214011,4,0.782,0.657,2,-4.952,1,0.0321,0.159,0.0,0.351,0.84,122.102,52,Country
"Promises,Promises",1971,130906,4,0.668,0.739,3,-7.845,1,0.0449,0.164,0.0,0.178,0.894,120.898,4,Country
There for You,2017,221904,4,0.611,0.644,6,-7.607,0,0.0553,0.124,0.0,0.124,0.13,105.969,64,EDM
Mother Long Tongue,1970,131053,4,0.8,0.433,10,-8.192,1,0.0311,0.68,0.055,0.0367,0.927,80.96,14,Reggae
Forever Your Girl,1989,300000,4,0.702,0.891,2,-7.873,1,0.0446,0.185,0.0453,0.0712,0.748,119.963,46,Pop
I Got You Babe,1969,148773,4,0.625,0.783,10,-6.028,0,0.245,0.324,0.0176,0.277,0.843,99.125,45,R&B
Hold It Right There,1968,147826,4,0.781,0.507,6,-11.891,0,0.049,0.0971,0.00116,0.0829,0.788,114.309,18,Jazz
Space Truckin',1972,274000,4,0.624,0.815,9,-10.542,1,0.0425,0.00343,0.622,0.175,0.758,129.191,47,Metal
I Got the Answer (John Morales Disco Remix),1977,519229,4,0.659,0.655,10,-11.297,0,0.0344,0.089,0.0102,0.185,0.904,130.388,0,Disco
Family Affair,2001,265866,4,0.911,0.551,8,-3.75,0,0.045,0.133,4.35e-05,0.0863,0.969,92.887,78,R&B
Angie - Giles Martin 2020 Mix,1976,268000,4,0.62,0.822,0,-4.097,1,0.0276,0.0698,0.0752,0.249,0.712,116.069,38,Rock
Blowin' In The Wind - Live,1963,155333,4,0.267,0.369,10,-12.416,1,0.0501,0.676,0.0,0.925,0.527,182.343,42,Folk
He Heard My Cry (feat. Sir The Baptist & Arnetta Murrill-Crooms),2001,270623,4,0.583,0.582,1,-7.143,0,0.381,0.329,0.0,0.18,0.466,73.872,18,Gospel
Stinkfist,1999,312120,4,0.286,0.728,0,-6.608,1,0.0616,0.000174,0.836,0.133,0.467,171.441,67,Metal
Almost Blue,1987,475026,3,0.367,0.0489,0,-23.242,1,0.0345,0.933,0.463,0.684,0.0778,107.596,43,Jazz
Give It Away,1991,282906,4,0.666,0.936,7,-9.919,1,0.0476,0.00244,0.086,0.153,0.776,91.577,73,Alt. Rock
Blue Trombone,1960,548240,4,0.466,0.395,5,-18.022,0,0.0432,0.442,0.00531,0.278,0.664,118.5,21,Jazz
All You Need To Know (feat. Calle Lehmann) - SampliFire & Ivory Remix,2019,220389,4,0.614,0.949,6,-1.829,0,0.388,0.0332,9.26e-06,0.97,0.405,150.17,16,EDM
Layla,1993,423000,4,0.404,0.902,1,-3.88,1,0.0665,0.577,0.297,0.287,0.497,115.669,71,Pop
Buy U a Drank (Shawty Snappin') (feat. Yung Joc),2007,227960,4,0.693,0.549,1,-8.141,1,0.119,0.0109,0.0,0.0677,0.605,80.028,77,Rap
Ghetto Supastar (THAT Is What You Are),1998,261000,4,0.818,0.653,1,-8.396,1,0.204,0.0335,5.46e-06,0.22,0.533,99.931,67,Pop
Niton (The Reason),2009,485200,4,0.522,0.843,11,-5.736,0,0.0309,0.00046,0.256,0.28,0.231,127.981,24,EDM
Freedom,1996,366333,4,0.503,0.678,7,-5.552,1,0.103,0.000893,0.0134,0.348,0.501,112.277,54,Alt. Rock
I Want To Know What Love Is,1985,304000,4,0.477,0.471,6,-10.036,1,0.0277,0.193,1.76e-06,0.131,0.423,81.204,80,Pop
Beat on the Brat - 2016 Remaster,1978,151960,4,0.481,0.88,4,-1.108,1,0.176,0.00305,0.642,0.13,0.961,156.859,52,Alt. Rock
Mr. Pitiful,1964,162159,4,0.806,0.489,0,-12.898,1,0.104,0.0544,2.88e-05,0.0696,0.899,123.754,35,R&B
Fire,1979,210640,4,0.65,0.615,1,-9.332,1,0.0342,0.201,0.00235,0.0805,0.637,118.294,53,Disco
Under My Voodoo,1996,205466,4,0.348,0.937,9,-4.051,1,0.0992,0.000803,0.618,0.735,0.413,104.977,43,SKA
Doctor Doctor - 2007 Remaster,1974,252453,4,0.361,0.799,2,-6.962,0,0.0392,0.000173,9.13e-05,0.496,0.576,143.077,60,Metal
Are You With Me - Radio Edit,2014,138013,4,0.763,0.608,5,-8.1,0,0.035,0.262,2.5e-05,0.12,0.393,121.02,69,EDM
Cheese Cake - Rudy Van Gelder Edition / Remastered 1999,1963,393746,4,0.523,0.681,5,-6.093,0,0.0364,0.535,0.0,0.122,0.814,111.231,39,Jazz
I’ll Be Loving You (FOREVER),1989,364000,4,0.371,0.71,11,-6.437,1,0.0481,0.0964,0.0,0.74,0.223,135.003,15,Pop
Minuano (Six Eight),1985,566426,3,0.34,0.367,4,-13.505,0,0.0307,0.825,0.0471,0.0536,0.3,155.899,39,Jazz
Roll Over Beethoven,1956,144600,4,0.715,0.797,3,-10.154,1,0.193,0.837,0.0,0.209,0.841,92.739,61,R&B
Theme From Baroque Weirdos,1992,93000,4,0.435,0.254,5,-14.588,1,0.0307,0.651,0.00727,0.133,0.198,170.131,6,Rock
Theme From Hill Street Blues,1981,193000,4,0.657,0.267,3,-15.333,1,0.0288,0.592,0.907,0.077,0.204,97.714,33,Pop
Not Gon’ Cry,1996,294000,4,0.758,0.424,2,-8.935,0,0.0468,0.664,0.0,0.095,0.455,110.087,50,Pop
Animal,2013,197661,4,0.601,0.916,4,-2.155,0,0.0318,0.0248,0.00124,0.362,0.14,123.991,56,EDM
Mr. Smiley,1997,166040,4,0.497,0.811,2,-12.489,1,0.0507,0.000253,0.00979,0.0715,0.861,183.31,47,SKA
Rosie,1980,191933,4,0.674,0.569,11,-12.311,1,0.0723,0.329,0.00971,0.18,0.961,162.905,37,Folk
Buddy Holly,1994,159226,4,0.556,0.92,8,-4.606,1,0.0367,0.00271,0.00021,0.117,0.771,121.138,76,Alt. Rock
Higher,2001,285733,4,0.849,0.503,0,-6.336,1,0.0469,0.0143,3.55e-05,0.149,0.846,143.435,16,SKA
Then You Can Tell Me Goodbye,1967,226000,4,0.504,0.148,11,-18.457,1,0.0285,0.951,0.00578,0.105,0.45,91.118,49,Pop
Salt Peanuts,1944,196640,4,0.701,0.393,5,-9.868,1,0.155,0.919,0.384,0.0964,0.791,75.908,41,Jazz
Counting Blue Cars,1996,291000,4,0.454,0.79,11,-4.361,0,0.0285,0.00604,3.09e-05,0.225,0.362,100.225,57,Pop
Shadowboxin',2000,209973,4,0.704,0.642,1,-10.11,1,0.39,0.00704,1.43e-06,0.161,0.72,92.09,61,Rap
No Tears,1994,146280,4,0.88,0.818,1,-7.427,1,0.359,0.0353,0.0,0.713,0.726,81.93,57,Rap
I’ll Never Get Over You (GETTING Over Me),1993,228000,4,0.405,0.394,8,-7.692,1,0.0289,0.139,0.0,0.257,0.0984,171.999,0,Pop
The Wake of Magellan,1994,370400,4,0.424,0.735,2,-8.327,1,0.0357,0.0699,0.0,0.202,0.494,99.372,15,Metal
Jesus Christ Pose - Remastered 2016,1991,351360,4,0.341,0.965,9,-5.976,1,0.107,6.66e-06,0.723,0.317,0.273,134.328,49,Alt. Rock
Key Largo,1982,198000,4,0.503,0.659,0,-6.829,1,0.0356,0.443,0.0,0.153,0.33,101.668,55,Pop
The Pool Shark,1970,171933,4,0.67,0.528,8,-9.424,1,0.0468,0.757,0.000123,0.155,0.821,101.514,17,Country
Emotions,1991,248093,4,0.74,0.752,9,-7.008,0,0.0359,0.0409,0.00125,0.0233,0.939,114.851,61,R&B
Lil' Devil,1987,166040,4,0.567,0.863,7,-8.155,1,0.0328,0.00277,0.00468,0.346,0.492,130.004,49,Metal
You Can't Put Your Arms Round a Memory,1978,226079,4,0.478,0.679,2,-7.645,1,0.0348,0.0674,0.0248,0.224,0.295,121.985,38,Punk
Anarchy-X,1988,87000,4,0.434,0.989,0,-4.759,1,0.0624,0.025,0.913,0.356,0.336,110.042,29,Rock
Faretheewell (Fred's Tune),1965,241440,4,0.409,0.0862,9,-21.619,1,0.0385,0.759,0.408,0.112,0.0433,123.325,26,Folk
Do It ('Til You're Satisfied),1974,353986,4,0.703,0.761,10,-10.136,1,0.0552,0.115,4.99e-06,0.103,0.652,104.838,38,Funk
Don’t Stop ‘TIL You Get Enough,1979,365000,4,0.878,0.821,11,-9.875,1,0.089,0.126,0.0461,0.183,0.947,118.881,75,Pop
Steppin' Out,1981,266560,4,0.815,0.899,9,-7.62,0,0.0385,0.102,0.845,0.0632,0.966,144.414,34,Disco
Follow You Down,1996,270066,4,0.461,0.924,4,-7.047,0,0.0449,0.0123,0.0,0.0342,0.68,155.829,54,Alt. Rock
You’re The Only Woman (YOU & I),1980,101000,4,0.91,0.0332,9,-16.874,0,0.465,0.642,0.931,0.1,0.255,126.006,0,Pop
While We're Young,1961,135240,4,0.394,0.00653,2,-36.612,1,0.0459,0.978,0.877,0.106,0.13,78.238,52,Jazz
Take A Letter Maria,1970,164000,4,0.582,0.5,2,-11.647,1,0.0459,0.636,9.71e-06,0.134,0.971,160.414,46,Pop
Captain Stupido,2017,101651,4,0.658,0.69,11,-7.866,1,0.0388,0.238,0.261,0.1,0.638,103.833,43,Funk
Jennifer Juniper,1968,160160,4,0.615,0.291,2,-19.48,1,0.0317,0.258,0.000917,0.519,0.881,129.367,37,Folk
"Puff,the Magic Dragon",1963,206866,4,0.507,0.088,9,-23.309,1,0.0343,0.51,0.0,0.0984,0.398,144.226,57,Folk
I'm A Business Man,1977,202266,4,0.608,0.751,0,-9.922,1,0.0378,0.191,0.0297,0.33,0.86,148.144,1,Blues
Another One Bites The Dust,1980,214000,4,0.932,0.528,5,-6.472,0,0.161,0.115,0.329,0.163,0.757,109.975,74,Pop
Hold Me Now,1984,286000,4,0.787,0.616,7,-9.811,1,0.0324,0.601,1.56e-05,0.0978,0.858,108.347,64,Pop
I Surrender,1997,258000,4,0.825,0.741,11,-6.029,0,0.0511,0.102,0.0309,0.0668,0.844,109.865,29,Rock
For The Cool In You,1993,293733,4,0.668,0.77,6,-7.661,0,0.0447,0.142,0.515,0.0585,0.611,92.079,36,R&B
All Mine,1997,240640,4,0.601,0.656,8,-2.692,0,0.0403,0.11,0.0148,0.103,0.342,60.161,53,Alt. Rock
Anouman,1937,165320,4,0.434,0.201,9,-16.366,0,0.0339,0.972,0.696,0.107,0.283,107.059,6,Jazz
An Old Fashioned Love Song,1972,230000,4,0.46,0.498,10,-12.718,1,0.0373,0.478,0.00884,0.0817,0.84,101.392,45,Pop
Nasty,1986,243133,4,0.839,0.89,1,-11.697,0,0.0628,0.452,0.0224,0.0866,0.575,103.652,52,R&B
Love On Top Of Love,1980,368146,4,0.708,0.951,10,-5.638,0,0.0729,0.00718,0.00113,0.193,0.712,105.157,9,Disco
Rainbow in the Dark,1983,256933,4,0.512,0.947,9,-5.659,0,0.0401,0.000692,0.114,0.0283,0.612,117.461,59,Metal
Over the Wall,1987,246066,4,0.212,0.687,0,-15.09,1,0.0677,7.45e-06,0.0693,0.0972,0.308,103.188,39,Metal
Clean Up Woman,1972,169000,4,0.865,0.652,5,-9.046,1,0.143,0.566,0.000919,0.0833,0.829,90.081,54,Pop
How Can It Be,2015,259293,4,0.446,0.52,7,-6.125,1,0.0301,0.0427,0.0,0.11,0.168,75.976,60,Gospel
Everybody Plays The Fool,1991,202000,4,0.485,0.641,3,-8.752,1,0.0418,0.704,9.92e-05,0.159,0.855,168.645,46,Pop
The Tide Is High,1981,233000,4,0.778,0.667,11,-7.273,1,0.0258,0.0514,0.0312,0.092,0.964,96.954,55,Pop
Mouth,1996,237000,4,0.329,0.954,8,-7.006,0,0.0722,4.2e-06,0.000614,0.051,0.627,156.899,64,Pop
Give Me Back My Wig,1984,247000,4,0.515,0.739,8,-10.322,1,0.0597,0.000358,0.324,0.0778,0.709,109.394,15,Rock
They Don’t Know,1984,274000,4,0.699,0.388,6,-10.722,1,0.0531,0.589,1.98e-06,0.0658,0.566,125.861,62,Pop
Born to Be Alive - The Original,1978,188133,4,0.704,0.868,2,-5.808,1,0.0315,0.0834,0.0,0.206,0.808,131.468,73,Disco
Looking Through Your Eyes,1998,245000,4,0.487,0.271,10,-11.566,1,0.0283,0.618,0.0,0.16,0.194,80.126,39,Pop
Can’t Stop This Thing We Started,1991,269000,4,0.536,0.88,9,-6.873,1,0.0404,0.0256,0.0,0.467,0.521,113.044,43,Pop
Spaceships,2019,259293,4,0.838,0.652,1,-6.027,0,0.103,0.168,2.39e-05,0.13,0.666,137.045,26,Funk
Bloody Canvas,2020,265404,4,0.772,0.48,6,-11.392,0,0.46,0.242,0.0,0.0975,0.339,91.047,52,Rap
What's My Name,1999,232333,5,0.647,0.98,7,-3.463,1,0.356,0.0301,8.4e-05,0.045,0.4,188.302,54,Rap
Trodding To Zion,1994,224560,4,0.749,0.627,7,-8.047,1,0.13,0.165,2.6e-05,0.0562,0.887,81.764,7,Reggae
Lovin' Only Me,1986,214600,4,0.622,0.778,7,-7.942,1,0.0308,0.436,4.4e-05,0.0845,0.919,173.263,20,Country
Put Your Hand In The Hand,1971,176000,4,0.833,0.475,9,-14.951,1,0.0403,0.0489,0.000104,0.0759,0.978,136.384,35,Pop
Keep Their Heads Ringin’,1995,305000,4,0.672,0.777,9,-4.238,0,0.0956,0.0379,0.00141,0.159,0.238,90.575,63,Pop
God Is Still Good,2010,233506,3,0.722,0.401,8,-8.068,1,0.0282,0.807,0.0,0.262,0.424,81.966,21,Gospel
I Can Dream About You,1984,252600,4,0.754,0.562,9,-11.275,1,0.0489,0.0835,0.0,0.0328,0.897,113.019,57,Disco
Sack O' Woe - Live,1964,629160,4,0.528,0.641,5,-11.306,1,0.0549,0.509,0.0135,0.968,0.754,102.295,11,Jazz
Speed of the Sound of Loneliness,1986,209826,4,0.581,0.275,7,-20.341,1,0.0307,0.395,0.00347,0.111,0.657,162.905,40,Folk
DOWN BEAT STOMP,2020,254866,4,0.53,0.985,4,-2.837,1,0.116,0.0455,6.04e-06,0.523,0.732,167.508,18,SKA
Gorilla Biscuits,1988,82866,4,0.372,0.937,9,-6.493,1,0.134,0.00037,0.0,0.664,0.17,106.447,30,Punk
Code Blue,1981,128906,4,0.192,0.983,7,-2.85,1,0.097,0.00601,0.0,0.397,0.339,136.36,45,Punk
Valley of the Damned - 2010 Remastered Edition,2003,432293,4,0.0918,0.97,7,-3.037,1,0.105,0.000912,0.000696,0.533,0.202,200.3,35,Metal
A Hard Day’s Night,1964,149000,4,0.767,0.331,1,-10.777,0,0.0337,0.64,0.0,0.0681,0.636,113.312,73,Pop
Give Me Love (GIVE Me Peace On Earth),1973,215000,4,0.365,0.57,5,-11.674,1,0.0466,0.499,0.0128,0.13,0.639,81.149,60,Pop
Sooner Or Later,1971,218000,4,0.493,0.843,5,-4.893,0,0.0482,0.0019,0.0086,0.0835,0.416,92.827,52,Pop
The Same Love That Made Me Laugh,1977,204706,4,0.8,0.544,2,-10.02,0,0.0285,0.359,0.00324,0.108,0.713,99.952,50,R&B
Happy Days,1976,76000,4,0.212,0.554,0,-8.352,1,0.0473,0.00325,0.859,0.324,0.625,137.787,51,Pop
All Your Love,1975,395413,3,0.334,0.745,2,-4.933,0,0.0382,0.435,0.0192,0.278,0.597,172.705,4,Blues
Mirror,2018,306889,4,0.534,0.668,3,-7.713,1,0.0536,0.00362,0.0,0.0815,0.35,111.922,47,EDM
Mercedes Boy,1988,295000,4,0.795,0.333,8,-14.609,1,0.0769,0.052,0.0295,0.319,0.967,114.764,39,Pop
Brigadier Sabari,1983,283973,4,0.881,0.74,10,-6.763,0,0.159,0.239,1.56e-06,0.305,0.961,88.274,36,Reggae
Ain't Talkin' 'Bout Love,1978,227000,4,0.518,0.938,8,-5.964,0,0.0416,0.021,0.000305,0.288,0.71,139.138,67,Metal
Twist Of Cain,1988,258360,4,0.527,0.664,1,-9.201,0,0.0615,0.00746,0.000611,0.0973,0.357,119.282,50,Metal
Midnight Mood,1987,383626,3,0.415,0.0611,5,-16.875,1,0.0391,0.957,0.179,0.154,0.115,93.465,39,Jazz
Bama Lama Bama Loo,1956,133013,4,0.493,0.851,5,-6.145,1,0.0596,0.564,0.0,0.327,0.961,153.577,21,R&B
Run Rudolph Run,2017,238000,4,0.373,0.975,2,-3.851,1,0.0968,0.00276,0.441,0.248,0.236,163.986,3,Rock
She Can't Let Go,1987,287000,4,0.555,0.57,9,-12.913,0,0.0324,0.169,0.00385,0.0338,0.687,133.514,14,Rock
Caught Up In You,1982,279000,4,0.425,0.681,1,-8.604,0,0.0316,0.0229,0.000219,0.0543,0.933,131.011,63,Rock
Atomic Dog,1982,287106,4,0.899,0.491,6,-11.043,0,0.259,0.148,3.82e-06,0.411,0.826,107.706,53,Funk
Special Rider Blues,1931,309173,4,0.606,0.0796,1,-21.13,1,0.0397,0.582,0.00423,0.0985,0.308,104.043,10,Blues
Nervous Breakdown,1979,129173,4,0.401,0.907,11,-11.422,0,0.0679,0.524,0.0,0.48,0.317,90.302,49,Punk
Don't Leave Me,2001,143573,4,0.338,0.94,9,-7.094,1,0.0906,0.00862,4.5e-06,0.304,0.245,145.538,55,Alt. Rock
Deep Purple,1976,160000,3,0.507,0.32,5,-12.472,1,0.0305,0.881,2.59e-05,0.153,0.575,130.565,30,Pop
Body And Soul,1944,378400,3,0.435,0.0901,8,-15.469,1,0.0582,0.809,1.19e-05,0.101,0.221,178.85,35,Jazz
Roll With It,1988,207000,4,0.709,0.654,5,-7.753,1,0.0267,0.106,0.0,0.277,0.488,119.989,55,Pop
Learn to Fly,1999,235293,4,0.465,0.919,4,-4.025,1,0.0408,1.83e-05,2.07e-05,0.262,0.537,135.997,76,Alt. Rock
Lost In Emotion,1987,307000,4,0.779,0.756,0,-9.47,1,0.0497,0.0236,0.012,0.0907,0.962,119.762,42,Pop
Tennessee River,1980,183120,4,0.392,0.608,2,-9.797,1,0.0719,0.289,9.97e-05,0.261,0.565,95.381,43,Country
"A-Tisket,A-Tasket",1938,142333,4,0.665,0.697,8,-7.101,1,0.104,0.639,0.0,0.0935,0.934,100.779,45,Jazz
Smile Like You Mean It,2004,234106,4,0.346,0.965,3,-4.255,0,0.146,0.000461,0.012,0.214,0.384,125.043,68,Alt. Rock
Wet Dreamz,2013,239266,4,0.495,0.722,6,-8.108,0,0.357,0.0697,0.0,0.113,0.539,175.627,80,Rap
Jumpin’ Jack Flash,1968,223000,4,0.592,0.911,3,-6.641,1,0.0531,0.0812,0.634,0.0988,0.662,137.252,61,Pop
Dying Crapshooters Blues,1940,186760,4,0.617,0.235,4,-13.787,1,0.318,0.89,0.0,0.131,0.581,72.141,23,Blues
Midnight Train,1978,258213,4,0.808,0.71,5,-10.063,0,0.0517,0.125,0.00457,0.13,0.899,112.785,6,Disco
Chelsea Morning - Single Version,1966,201053,4,0.52,0.489,9,-9.174,1,0.0347,0.607,0.0,0.217,0.651,142.066,16,Folk
In the Blood,2019,206000,4,0.31,0.981,5,-2.329,1,0.0806,0.00247,0.0269,0.144,0.165,169.987,12,Rock
Stoned Love,1971,177000,4,0.547,0.657,2,-6.86,1,0.0384,0.357,0.000449,0.0695,0.486,120.035,39,Pop
King Inna The Jungle,1985,242866,4,0.827,0.354,10,-14.223,1,0.264,0.0106,0.0,0.114,0.771,73.117,11,Reggae
Bad Mouth,1995,155626,4,0.456,0.649,9,-8.315,1,0.036,0.000593,0.564,0.321,0.64,91.173,56,Punk
Headline News,1978,312040,4,0.658,0.707,9,-13.651,1,0.0377,0.0139,0.00147,0.0918,0.881,117.663,5,Disco
You Can Do Magic,1982,237000,4,0.859,0.568,4,-12.516,0,0.0387,0.29,0.0,0.31,0.936,129.72,63,Pop
Three Minute Hero,1980,183273,4,0.765,0.766,2,-11.071,0,0.0594,0.2,2.37e-06,0.111,0.967,150.261,37,SKA
Da’ Dip,1997,163000,4,0.528,0.749,7,-7.571,1,0.0479,0.00488,9.6e-05,0.0949,0.729,163.944,64,Pop
Lady Madonna,1968,136000,4,0.65,0.777,2,-4.984,1,0.0294,0.141,0.343,0.215,0.574,109.608,50,Pop
Walk,1992,315120,4,0.43,0.704,1,-8.008,0,0.0804,0.000155,0.00221,0.0933,0.703,118.242,75,Metal
Souvenirs,1979,390567,4,0.633,0.97,5,-4.153,1,0.038,0.000667,0.202,0.396,0.757,127.776,29,Disco
A Forest - 2006 Remaster,1980,354933,4,0.633,0.62,0,-11.271,1,0.0648,0.34,0.605,0.0977,0.421,81.117,55,Alt. Rock
Sheena Is a Punk Rocker - 2017 Remaster,1977,169920,4,0.42,0.965,0,-1.986,1,0.0403,0.0981,0.000335,0.0784,0.846,176.243,58,Alt. Rock
Security,1968,157960,4,0.755,0.433,0,-10.3,1,0.0438,0.255,0.00694,0.23,0.832,115.044,36,R&B
Hurt,1994,374440,4,0.566,0.124,11,-18.166,0,0.0431,0.709,0.0104,0.132,0.11,79.924,59,Alt. Rock
Lovin’ Every Minute Of It,1985,213000,4,0.524,0.69,9,-13.527,1,0.0416,0.211,0.0,0.243,0.846,173.274,51,Pop
Close to Me,1985,220533,4,0.67,0.482,11,-12.511,1,0.145,0.273,0.134,0.318,0.947,184.924,39,Alt. Rock
They Gonna Talk,1996,237200,4,0.742,0.649,9,-6.568,1,0.0811,0.161,0.0,0.0449,0.903,153.983,49,Reggae
AIN't THAT ENOUGH FOR YOU,1977,539725,4,0.761,0.922,8,-4.806,0,0.0369,0.0173,0.177,0.0331,0.971,130.853,23,Disco
The Rain (Supa Dupa Fly),1997,251000,4,0.836,0.595,6,-9.338,1,0.201,0.141,0.00375,0.329,0.762,79.98,56,Rap
Love Won’t Let Me Wait,1975,227000,1,0.597,0.291,11,-13.837,0,0.0352,0.917,3.05e-05,0.122,0.226,115.666,37,Pop
I Can't Turn Around,1975,391160,4,0.72,0.793,4,-11.517,0,0.0487,0.208,0.000466,0.351,0.688,114.57,7,Disco
Spoonful,1960,170000,4,0.821,0.376,0,-13.622,1,0.0487,0.669,1.39e-05,0.106,0.824,119.039,57,Blues
Give It Away,2006,199106,4,0.669,0.333,6,-11.909,1,0.0374,0.562,0.00351,0.0995,0.404,79.1,9,Country
Level The Vibes,1982,223640,4,0.737,0.495,0,-13.162,1,0.0681,0.000399,0.038,0.16,0.694,162.478,25,Reggae
Born to Die - Millions of Dead Cops - Full Length,1983,117346,4,0.462,0.982,9,-3.81,0,0.19,0.0083,0.0,0.596,0.154,101.966,22,Punk
Cool,1981,606266,4,0.79,0.339,4,-16.511,1,0.0614,0.0261,0.0128,0.161,0.869,125.703,29,Funk
White Innocence - 2006 Remaster,1991,465000,4,0.628,0.589,0,-10.883,1,0.0245,0.318,0.0017,0.124,0.453,92.036,9,Rock
Something Else,1978,127293,4,0.472,0.703,9,-5.636,0,0.0388,0.0744,0.0677,0.369,0.961,153.569,28,Punk
Black Nile - Remastered 2004 / Rudy Van Gelder Edition,1967,388146,3,0.438,0.594,7,-10.111,0,0.0583,0.78,0.177,0.0751,0.589,75.926,31,Jazz
Po' Folks,1961,169053,4,0.691,0.351,7,-12.373,1,0.0456,0.638,0.0,0.115,0.805,75.378,30,Country
With Your Love,1976,232000,4,0.629,0.479,10,-10.608,1,0.0271,0.22,0.0,0.0587,0.345,138.231,70,Pop
Please Please Please - Mono Version,1965,165000,4,0.639,0.53,9,-7.809,1,0.03,0.268,0.0,0.154,0.843,95.716,8,Rock
Lucky Star,1984,337000,4,0.803,0.814,4,-4.579,0,0.0381,0.198,1.15e-05,0.223,0.933,117.08,55,Pop
Off Broadway,1981,326306,4,0.817,0.628,9,-13.514,1,0.0328,0.333,0.779,0.024,0.93,124.501,29,Jazz
Pet,2004,274333,4,0.542,0.806,8,-4.973,1,0.0482,0.0021,0.436,0.291,0.333,140.155,58,Metal
Feel Like I Do,2001,213133,4,0.383,0.989,9,-3.256,1,0.118,0.000347,0.0,0.32,0.46,180.048,43,Metal
Our Father,1997,262092,4,0.425,0.478,2,-7.637,1,0.0261,0.466,0.00232,0.476,0.308,80.963,48,Gospel
Everytime You Go Away,1985,322000,4,0.453,0.234,7,-16.943,1,0.0342,0.577,0.00119,0.0431,0.197,146.831,45,Pop
Dream Lover,1959,151000,4,0.526,0.608,5,-6.855,1,0.0468,0.703,0.0,0.438,0.723,131.851,60,Pop
Rock of America,1988,235000,4,0.546,0.767,9,-11.766,1,0.0427,0.00295,0.00801,0.246,0.707,120.985,17,Rock
A Lover’s Concerto,1965,158000,4,0.675,0.74,2,-5.551,1,0.052,0.633,0.0,0.149,0.836,123.651,35,Pop
Punk Rock Girls,1996,157880,4,0.474,0.816,7,-4.605,1,0.0318,0.00194,0.0,0.106,0.872,150.437,31,Punk
I Wish It Would Rain Down,1990,327000,4,0.51,0.667,8,-4.715,1,0.0294,0.292,0.00683,0.313,0.356,125.887,64,Pop
Dance Wit' Me,1978,440266,4,0.756,0.879,4,-6.348,0,0.0369,0.159,0.00111,0.429,0.906,122.157,39,Funk
Vaya Con Dios,1953,175000,4,0.388,0.594,7,-8.014,1,0.0317,0.0118,0.000143,0.326,0.277,69.367,52,Pop
Let’s Stay Together,1972,199000,4,0.756,0.401,7,-10.702,0,0.0526,0.582,0.011,0.0541,0.514,101.954,76,Pop
Gimme Little Sign,1967,141000,4,0.742,0.663,10,-5.06,0,0.0321,0.154,0.0,0.197,0.913,113.005,57,Pop
A Cent Tchu Ate The Positive,1966,180920,4,0.641,0.341,2,-10.115,1,0.0946,0.762,0.0,0.198,0.546,72.6,24,Jazz
Line For Lyons,1952,188960,4,0.543,0.133,7,-16.846,0,0.1,0.805,0.00135,0.125,0.464,171.493,46,Jazz
Orgasm Addict - 2001 Remastered Version,2001,122960,4,0.353,0.883,4,-6.577,1,0.15,0.000782,0.0,0.248,0.65,92.634,38,Punk
Hawaii Five-O,1969,113000,4,0.518,0.782,9,-9.753,1,0.0631,0.265,0.654,0.0769,0.861,163.647,49,Pop
Cover Girl,1989,183000,4,0.908,0.78,6,-4.369,0,0.0956,0.00745,9.87e-06,0.611,0.761,127.974,52,Pop
Angel Of The Morning,1968,250000,4,0.452,0.313,8,-9.309,1,0.026,0.433,2.6e-05,0.0772,0.344,75.806,63,Pop
When The Children Cry,1989,258000,4,0.493,0.242,4,-13.593,0,0.0291,0.68,0.0,0.071,0.345,130.258,57,Pop
Innuendo,1991,393000,4,0.209,0.731,1,-5.751,1,0.0665,0.185,0.00484,0.296,0.172,74.168,39,Rock
Kokomo,1988,217000,4,0.682,0.635,0,-10.05,1,0.0346,0.00863,0.0,0.137,0.927,115.584,71,Pop
Lost Boys And Golden Girls,1993,268000,4,0.243,0.462,0,-6.141,1,0.0294,0.93,0.0337,0.101,0.313,171.261,19,Rock
Hotline Bling,2015,267066,4,0.891,0.628,2,-7.863,1,0.0551,0.00258,0.00019,0.0504,0.552,134.966,76,Rap
End Of The Road,1992,351466,3,0.641,0.428,5,-9.29,0,0.024,0.0666,0.0,0.0579,0.53,149.705,70,R&B
Dink's Song,1963,226853,1,0.495,0.0682,9,-19.994,1,0.0271,0.844,0.00914,0.0903,0.0848,105.436,24,Folk
Black And White,1972,193000,4,0.443,0.582,2,-6.015,1,0.0482,0.0302,0.0,0.127,0.233,147.587,64,Pop
No Mystery,1975,429186,4,0.667,0.688,11,-8.011,0,0.0348,0.301,0.856,0.0767,0.511,138.153,3,Jazz
We Got Love,1960,159000,4,0.786,0.34,11,-15.819,1,0.0285,0.35,0.0139,0.0954,0.8,87.259,42,Pop
Alone,2019,273802,4,0.631,0.953,2,-3.739,1,0.0343,0.0241,0.0155,0.108,0.422,141.99,69,EDM
Shock Wave,1978,314000,4,0.368,0.847,4,-8.89,0,0.0468,0.0138,1.61e-06,0.123,0.505,132.26,24,Rock
Ghosts Are Gone,2011,366000,4,0.474,0.94,2,-3.989,1,0.063,0.0189,0.000447,0.742,0.572,130.964,16,Rock
Shake Everything You've Got,1985,607349,4,0.579,0.778,0,-12.197,1,0.203,0.507,0.0103,0.964,0.727,165.89,25,Funk
You Are Good,2009,322952,4,0.523,0.854,9,-5.918,1,0.0707,0.00147,0.0,0.523,0.433,127.944,51,Gospel
I Just Want To Dance With You,1998,210866,4,0.715,0.469,0,-8.674,1,0.0279,0.439,8.69e-05,0.104,0.502,113.991,60,Country
Communist Eyes,1979,135533,4,0.361,0.895,7,-8.816,1,0.0519,9.45e-06,0.00783,0.402,0.855,126.523,37,Punk
Swan Lake,1986,253240,4,0.442,0.786,0,-12.117,1,0.0569,1.01e-05,0.503,0.104,0.723,122.249,21,Punk
Pushover,1963,175160,4,0.734,0.725,0,-6.143,1,0.113,0.508,0.0,0.562,0.917,120.344,20,Blues
Twenty-Five Miles,1969,198000,4,0.814,0.836,1,-7.376,1,0.0607,0.0595,1.49e-05,0.224,0.964,124.567,51,Pop
Just Be Good To Me,1983,549000,4,0.608,0.909,2,-11.065,1,0.0315,0.0207,0.127,0.0795,0.857,100.872,42,Disco
Be Together,2015,233010,4,0.494,0.627,6,-6.141,0,0.0324,0.00142,0.0,0.619,0.197,79.961,49,EDM
I Love How You Love Me,1961,184000,4,0.692,0.883,7,-4.698,1,0.0582,0.0512,0.0,0.228,0.614,122.984,65,Pop
Can’t Fight This Feeling,1985,294000,4,0.408,0.48,9,-11.017,1,0.0266,0.155,1.82e-05,0.0877,0.19,156.344,73,Pop
You And Me Against The World,1974,191000,4,0.384,0.283,9,-15.493,1,0.0288,0.544,1.09e-06,0.154,0.259,78.568,38,Pop
Down on easy street,1979,182981,4,0.59,0.852,0,-7.416,1,0.0648,0.319,7.16e-06,0.175,0.463,134.779,8,Disco
Ain't It Funky Now - Remastered,1961,596666,4,0.727,0.825,0,-10.866,0,0.0464,0.796,0.495,0.098,0.758,99.257,18,Jazz
Dancing Barefoot,1978,256533,4,0.492,0.639,2,-9.944,1,0.0319,0.235,0.0,0.0738,0.792,115.519,57,Punk
Like The Rain,1996,261533,4,0.515,0.532,9,-8.276,1,0.0322,0.238,0.0,0.306,0.278,79.785,52,Country
Heaven,1985,179000,4,0.677,0.556,9,-6.544,1,0.0306,0.263,0.0,0.105,0.521,80.006,71,Pop
You Shook Me,1968,166493,4,0.531,0.337,9,-13.388,0,0.0288,0.49,0.00554,0.159,0.6,68.476,23,Blues
There's A Meeting Here Tonight - Performed Live On The Ed Sullivan Show 12/18/60,1960,113346,4,0.625,0.847,4,-10.025,1,0.469,0.909,0.00171,0.706,0.322,120.472,1,Folk
Summer,1976,396840,4,0.628,0.415,7,-12.552,1,0.0339,0.293,0.00029,0.0877,0.687,105.138,42,R&B
It's a Love Thing,1980,310179,4,0.786,0.711,5,-8.9,0,0.0837,0.114,0.00023,0.339,0.918,117.576,30,Disco
We Dem Boyz,2014,224933,4,0.717,0.862,8,-4.736,1,0.054,0.00689,0.0,0.321,0.52,130.021,63,Rap
Feel the Pain,1994,259600,4,0.34,0.804,0,-8.355,1,0.0516,0.00331,0.0191,0.0727,0.854,131.5,55,Alt. Rock
Waiting On A Friend,1982,274000,4,0.611,0.794,0,-6.042,1,0.0283,0.155,0.0365,0.568,0.905,116.981,61,Pop
Teardrops from My Eyes,1950,175586,4,0.589,0.34,10,-15.363,0,0.0371,0.276,0.0,0.0839,0.79,141.569,20,R&B
Old Days,1975,195000,4,0.599,0.71,1,-7.39,1,0.576,0.351,0.0,0.113,0.572,82.243,59,Pop
Mr. Tanner - Live; 1975,1975,317733,4,0.424,0.377,7,-13.707,1,0.0632,0.553,3.69e-06,0.964,0.221,97.75,28,Folk
Lip up Fatty,1980,168133,4,0.718,0.872,9,-9.829,1,0.23,0.0103,0.0109,0.0549,0.971,145.697,48,SKA
Walk Right Back,1961,139000,4,0.625,0.358,1,-13.199,1,0.0342,0.749,0.0,0.0593,0.871,135.797,47,Pop
Little Boy Blue - Remastered,1960,221506,4,0.533,0.522,2,-8.197,1,0.0294,0.987,0.0108,0.27,0.602,80.865,9,Blues
Hollywood,1977,249400,4,0.654,0.401,4,-16.35,1,0.0563,0.841,0.155,0.0996,0.685,92.744,33,Disco
School Is Out,1961,109000,4,0.685,0.62,8,-6.096,0,0.137,0.658,0.0,0.203,0.612,148.157,27,Pop
Together Again,1998,301000,4,0.865,0.505,7,-11.813,1,0.102,0.0631,0.0151,0.102,0.475,123.102,63,Pop
Heart Of Glass,1979,229000,4,0.77,0.654,4,-6.107,1,0.0361,0.0548,0.000498,0.0819,0.686,114.82,63,Pop
Where Did You Sleep Last Night,1939,181892,3,0.57,0.241,4,-12.138,1,0.0473,0.948,0.0224,0.111,0.543,115.352,46,Folk
String of Pearls,1942,184080,4,0.545,0.137,0,-18.163,1,0.0448,0.933,0.539,0.359,0.346,139.723,42,Jazz
Blue And Sentimental,1957,146093,4,0.551,0.114,3,-24.78,0,0.0451,0.977,0.874,0.141,0.124,70.141,59,Jazz
Pour Some Sugar On Me,1987,267000,4,0.267,0.953,1,-4.899,0,0.096,0.00211,0.0,0.283,0.568,84.989,65,Metal
I Can Tell by the Way You Dance (You're Gonna Love Me Tonight),1984,160226,4,0.755,0.627,4,-10.087,1,0.0296,0.101,0.0,0.109,0.922,109.81,43,Country
Tear-Stained Letter,1991,282266,4,0.41,0.812,2,-11.578,1,0.0396,0.116,0.00271,0.0755,0.783,183.039,16,Folk
The Days,2014,278480,4,0.59,0.724,0,-3.278,1,0.0439,0.04,4.07e-05,0.142,0.526,127.059,65,EDM
Limitless (feat. Delaney Jane),2017,244610,4,0.509,0.724,0,-4.333,0,0.0499,0.0766,1.07e-05,0.155,0.132,80.033,39,EDM
Bump n' Grind,1993,256133,4,0.621,0.481,11,-8.016,1,0.0371,0.0984,0.0,0.241,0.679,65.004,57,R&B
Kiss Off,1983,176720,4,0.661,0.662,4,-8.88,0,0.0931,0.255,0.0,0.131,0.825,87.119,56,Alt. Rock
Make It Rain,2004,247413,4,0.744,0.697,11,-5.063,0,0.197,0.0106,0.0,0.0842,0.767,149.28,58,Rap
Iron Man,1970,355000,4,0.336,0.792,9,-10.875,1,0.084,0.00351,0.00175,0.0437,0.427,155.587,65,Metal
In The Rain,1972,225000,4,0.534,0.409,7,-9.559,1,0.0378,0.844,0.000656,0.115,0.243,127.357,68,Pop
Jump Out The Window,2017,213693,4,0.747,0.704,1,-6.744,1,0.1,0.134,0.0,0.131,0.507,136.933,55,Rap
Midnight (feat. Liam Payne),2018,220140,4,0.588,0.648,11,-6.927,0,0.0435,0.0561,0.0,0.115,0.283,144.029,55,EDM
Europe - 2007 Digital Remaster,1980,274293,4,0.508,0.919,5,-8.106,1,0.0325,0.122,0.323,0.0971,0.652,149.511,23,Punk
Depending On You,1964,156000,4,0.504,0.678,2,-10.38,1,0.0366,0.00865,0.0,0.0805,0.953,140.615,27,Rock
Ghost Town,1981,219306,4,0.664,0.765,10,-9.454,0,0.0507,0.0493,0.333,0.113,0.907,73.676,62,Punk
"The Fresh Prince of Bel Air - Live at Live 8,Benjamin Franklin Parkway,Philadelphia,2nd July 2005",2005,128050,4,0.378,0.951,8,-8.194,1,0.463,0.0191,1e-06,0.961,0.252,203.94,25,Rap
Just Fine,2007,242133,4,0.923,0.795,11,-3.61,0,0.117,0.0394,0.000565,0.101,0.588,123.021,60,R&B
The River - Live,1992,272506,4,0.426,0.435,2,-14.382,1,0.361,0.66,0.000392,0.426,0.427,69.698,44,Country
The Love You Save (May Be Your Own),1966,174779,3,0.502,0.3,10,-13.698,1,0.0372,0.771,0.0,0.133,0.453,94.582,30,Funk
Been Caught Stealing,1990,214706,4,0.639,0.929,0,-4.762,1,0.212,0.00326,0.0501,0.242,0.688,103.758,53,Alt. Rock
Christmas Christmas,2017,136000,4,0.336,0.942,9,-3.963,1,0.141,0.00225,0.00524,0.0974,0.143,180.38,5,Rock
A Million Miles Away,1977,415900,4,0.498,0.654,2,-10.398,0,0.0381,0.00829,0.00595,0.417,0.608,135.805,47,Blues
My Dawg,2017,215423,4,0.943,0.544,10,-6.292,0,0.0642,0.0336,0.0,0.0954,0.515,133.012,59,Rap
Feels Like The First Time,1977,232000,4,0.498,0.802,7,-4.537,1,0.0544,0.0136,1.44e-06,0.128,0.505,107.704,49,Pop
We’ve Got Tonight,1979,215000,4,0.379,0.387,8,-9.283,1,0.0278,0.757,0.0,0.103,0.222,61.53,26,Pop
SMUCKERS (feat. Lil Wayne & Kanye West),2015,334363,4,0.427,0.849,7,-2.945,1,0.348,0.015,0.00373,0.153,0.55,79.155,64,Rap
Write Me A Letter,1950,172266,4,0.689,0.189,1,-17.845,1,0.0662,0.993,0.136,0.12,0.742,119.274,4,R&B
"Church,I'm Fully Saved Today",1929,186360,4,0.49,0.304,5,-12.028,1,0.127,0.99,0.0,0.213,0.652,195.707,16,Blues
Take It or Leave It,1975,296000,4,0.726,0.421,0,-12.889,0,0.0371,0.493,0.000116,0.106,0.918,110.473,16,Rock
Parabola,2001,363680,4,0.314,0.929,9,-6.238,1,0.105,2.03e-05,0.516,0.139,0.285,100.935,63,Metal
Funky Miracle,1969,147800,4,0.826,0.478,11,-14.113,0,0.321,0.1,0.881,0.0772,0.571,96.052,30,Funk
I Go to the Rock,1981,226280,4,0.512,0.545,0,-10.719,1,0.0959,0.769,0.0,0.256,0.421,127.589,7,Gospel
Autumn Leaves,1972,151506,4,0.557,0.153,4,-22.915,0,0.0519,0.952,0.893,0.141,0.339,106.575,38,Jazz
Eye In The Sky,1982,276000,4,0.823,0.417,2,-12.643,1,0.032,0.562,0.00098,0.0765,0.522,111.928,72,Pop
Cape Of Our Hero,2013,229093,4,0.515,0.954,0,-4.76,1,0.0444,0.000114,3.27e-05,0.111,0.534,104.28,39,Metal
Ruby Baby,1963,156000,4,0.643,0.538,4,-14.049,1,0.132,0.788,0.0,0.226,0.599,121.728,34,Pop
I’ll Be Missing You,1997,306000,4,0.833,0.619,7,-5.595,1,0.0535,0.111,2.16e-05,0.159,0.903,109.918,19,Pop
Sealed With A Kiss,1962,162000,4,0.449,0.362,5,-10.38,0,0.0279,0.743,0.0,0.132,0.6,90.822,59,Pop
I'm Your Hoochie Coochie Man,1954,287106,4,0.587,0.25,7,-20.245,1,0.0383,0.352,0.0821,0.327,0.808,83.864,17,Blues
Lead Me On,1989,352000,4,0.472,0.209,9,-18.207,1,0.0296,0.837,1.9e-05,0.0984,0.214,139.231,23,Rock
Light Comes Out Of Black,2002,298560,4,0.512,0.965,9,-9.107,1,0.0777,3.36e-06,0.00144,0.226,0.178,135.838,20,Metal
Seven Seas Symphony,1969,252000,4,0.185,0.146,0,-15.309,1,0.0325,0.94,0.844,0.127,0.0887,78.106,12,Rock
Quadrant 4,1973,267453,4,0.397,0.814,6,-12.501,1,0.0693,1.16e-05,0.897,0.0468,0.532,121.431,28,Funk
Cryin' Like A Bitch!!,2006,201666,4,0.543,0.808,10,-5.484,1,0.0407,7.19e-05,0.00336,0.114,0.472,95.19,65,Metal
The Three of Us,2008,318013,4,0.534,0.897,6,-3.927,0,0.0542,0.00295,0.000132,0.115,0.887,130.144,45,SKA
Rainy Night In Georgia,1970,233000,4,0.301,0.309,4,-19.155,0,0.042,0.524,0.0758,0.129,0.384,75.165,49,Pop
Boogie Oogie Oogie,1978,254880,4,0.743,0.567,0,-15.188,1,0.039,0.0271,0.00782,0.0424,0.964,126.259,23,Disco
Sweet Pea,1966,129000,4,0.946,0.289,11,-9.413,1,0.0584,0.152,2e-05,0.234,0.816,102.073,66,Pop
Get Free,1979,126573,4,0.5,0.978,7,-3.278,1,0.065,0.000163,1.27e-06,0.287,0.602,138.802,58,Punk
By The Time I Get To Phoenix,1967,164200,4,0.218,0.336,5,-12.997,1,0.0301,0.0736,1.61e-06,0.134,0.231,176.648,50,Country
Waiting for a Train,1928,163920,3,0.596,0.274,7,-10.59,1,0.046,0.993,0.000145,0.0978,0.608,75.591,26,Country
Built for Comfort,1968,297586,3,0.553,0.355,7,-9.432,1,0.0437,0.75,1.44e-05,0.103,0.329,140.702,7,Blues
Used To Be,1977,306068,4,0.495,0.85,2,-10.869,1,0.0757,0.00412,5.54e-05,0.394,0.532,119.991,21,Blues
Bombtrack,1992,243453,4,0.459,0.926,4,-3.415,1,0.155,0.0239,1.93e-05,0.183,0.569,151.534,65,Alt. Rock
Stricken,2005,245226,4,0.402,0.969,8,-2.825,1,0.181,9.14e-05,0.0325,0.225,0.262,173.847,71,Metal
Dixieland Delight,1983,322093,4,0.444,0.414,2,-15.04,1,0.0325,0.163,2.07e-05,0.053,0.573,95.73,64,Country
Dancing In The Moonlight (It's Caught Me In It's Spotlight),1977,204653,4,0.671,0.461,4,-13.874,0,0.13,0.00755,0.0,0.103,0.784,145.187,59,Metal
For All We Know,1958,167693,4,0.597,0.126,0,-20.31,1,0.0359,0.932,0.922,0.17,0.203,79.611,46,Jazz
Hot Love,1977,150000,4,0.375,0.985,9,-7.354,1,0.0884,0.00278,1.91e-06,0.306,0.196,91.424,19,Rock
Cupid,1961,158013,4,0.485,0.433,7,-10.503,1,0.0342,0.476,0.0,0.0861,0.825,120.471,50,R&B
Inflight,1955,125720,4,0.521,0.104,5,-16.634,0,0.055,0.995,0.789,0.121,0.542,92.821,52,Jazz
Unfinished,2015,212600,4,0.63,0.691,9,-4.334,1,0.0312,0.0152,0.0,0.303,0.261,93.013,45,Gospel
Night Nurse,1980,249533,4,0.824,0.366,7,-10.96,1,0.145,0.039,0.106,0.0403,0.895,73.949,66,Reggae
Small Blue Thing,1985,234653,4,0.389,0.222,8,-16.984,1,0.0335,0.759,0.000297,0.114,0.219,130.772,33,Folk
What's Your Fantasy (Featuring Shawna),2001,275906,4,0.915,0.79,6,-3.186,0,0.207,0.16,0.0,0.112,0.967,140.095,62,Rap
Endless Love,1994,268000,4,0.461,0.275,10,-12.331,1,0.0259,0.745,0.000219,0.126,0.124,93.063,55,Pop
I Don't Believe In Love,1988,263000,4,0.551,0.991,2,-2.642,0,0.0962,0.0338,2.06e-05,0.429,0.259,117.98,38,Metal
Cry For Help,1991,387000,4,0.606,0.611,0,-8.953,1,0.0266,0.186,1.35e-05,0.253,0.363,89.915,27,Pop
Hanging Around - 1996 Remaster,1996,265400,4,0.598,0.75,0,-6.76,1,0.0433,0.00599,0.000789,0.117,0.833,132.418,42,Punk
A Little Piece of Heaven,2007,480706,4,0.486,0.881,2,-5.623,0,0.0474,0.0244,0.0,0.429,0.667,144.997,75,Metal
Find You,2014,203306,4,0.537,0.759,3,-5.622,1,0.0444,0.0267,0.0,0.0947,0.377,127.973,49,EDM
Boogie Nights,1977,303640,4,0.629,0.615,11,-10.972,0,0.0433,0.169,7.23e-05,0.132,0.673,118.805,57,Disco
Heaven Knows,1979,210976,4,0.702,0.733,8,-12.394,1,0.0528,0.0734,1.71e-05,0.672,0.866,131.732,46,R&B
Cherry Ball Blues,1931,172626,3,0.651,0.222,7,-14.188,1,0.0406,0.978,0.0799,0.318,0.587,101.669,20,Blues
Wanted Man,1985,222506,4,0.609,0.869,4,-7.31,1,0.0509,0.00069,7.8e-06,0.0443,0.535,113.125,49,Metal
Reelin’ In The Years,1973,277000,4,0.494,0.54,2,-17.34,1,0.0348,0.154,0.0,0.0878,0.723,134.976,71,Pop
You Talk Too Much,1960,186000,4,0.304,0.971,4,-3.226,1,0.0351,0.0594,0.955,0.0799,0.695,127.856,51,Pop
Red Dirt Girl,2000,245202,4,0.338,0.447,7,-11.091,1,0.0411,0.408,0.0,0.402,0.326,79.005,43,Country
Stomp!,1980,247000,4,0.859,0.782,10,-8.344,1,0.0369,0.154,0.0297,0.0693,0.931,119.518,60,Pop
The Wildwood Flower,1960,149173,4,0.658,0.372,8,-9.232,1,0.0274,0.7,0.0,0.408,0.634,95.154,15,Folk
Out To Lunch - Remastered 1998/Rudy Van Gelder Edition,1964,729293,4,0.425,0.655,10,-7.329,0,0.1,0.653,0.0728,0.0871,0.466,70.981,23,Jazz
Victory,1998,238000,4,0.597,0.755,4,-2.209,0,0.052,0.0423,0.0,0.582,0.0467,89.146,60,Pop
Love Me Browning,1995,227866,4,0.784,0.406,0,-10.199,1,0.152,0.206,0.0,0.0731,0.763,81.995,38,Reggae
You Don’t Know Me,1962,165000,4,0.901,0.489,2,-8.766,1,0.383,0.431,0.0,0.72,0.603,127.969,48,Pop
Why Can't We Be Friends,1975,230106,4,0.776,0.68,10,-10.088,1,0.0389,0.179,0.0,0.483,0.962,92.481,61,Funk
The Wasteland,2001,261000,1,0.591,0.835,7,-6.153,0,0.0325,0.0772,0.00812,0.157,0.672,135.123,18,Rock
Super Freak,1981,205466,4,0.838,0.794,9,-8.245,0,0.0531,0.22,0.0,0.0575,0.962,132.446,70,R&B
Rock My Car,2015,200000,4,0.464,0.939,11,-4.154,1,0.0556,3.82e-05,0.26,0.396,0.522,145.023,11,Rock
Accident of Birth - 2001 Remaster,1997,263466,4,0.382,0.968,9,-4.782,0,0.0801,0.005,3.35e-05,0.455,0.595,177.349,37,Metal
Rhythm Is Gonna Get You,1987,234000,4,0.779,0.759,4,-12.799,0,0.0387,0.236,0.046,0.132,0.838,124.983,47,Pop
Sweet Escape,2015,232533,4,0.572,0.839,2,-3.865,1,0.0397,0.0721,1.74e-06,0.197,0.516,126.029,50,EDM
Dance With Me,1978,231000,4,0.912,0.511,9,-6.365,1,0.203,0.0259,0.0,0.0442,0.611,101.628,63,Pop
In The A,2012,319613,4,0.648,0.733,1,-5.634,1,0.303,0.004,0.0,0.715,0.6,139.947,23,Rap
LOVE. FEAT. ZACARI.,2017,213400,4,0.8,0.585,10,-7.343,1,0.0924,0.264,0.0,0.153,0.779,126.058,82,Rap
Commuter Man,1983,57453,1,0.233,0.828,5,-8.659,0,0.0979,1.1e-06,0.908,0.0558,0.685,121.227,13,Punk
Separate Lives,1986,248000,4,0.341,0.309,4,-9.166,1,0.0315,0.238,1.09e-06,0.319,0.204,98.405,60,Pop
Hats Off To Larry,1961,122000,4,0.44,0.719,11,-4.469,1,0.0348,0.664,3.29e-06,0.322,0.635,79.99,37,Pop
Beverly Hills,1980,64865,4,0.572,0.797,1,-5.242,1,0.036,0.262,0.000564,0.14,0.935,148.789,33,Punk
Don't Close Your Eyes,1988,252626,4,0.605,0.228,7,-16.116,1,0.0267,0.703,0.00198,0.0936,0.285,78.31,59,Country
Crush On You,1986,275000,4,0.827,0.635,11,-6.77,0,0.251,0.278,0.000119,0.109,0.766,88.87,52,Pop
Heaven Nor Hell,2013,322613,4,0.411,0.767,3,-4.211,1,0.056,0.000621,0.00842,0.134,0.659,134.408,58,Metal
Daytrippin,2013,182466,4,0.725,0.72,2,-3.31,0,0.0272,0.0129,0.00862,0.135,0.848,100.981,46,Reggae
I Loves You Porgy,1959,251573,4,0.459,0.0514,4,-23.267,1,0.0604,0.971,0.000539,0.11,0.178,57.524,45,Jazz
Rock’n Me,1976,233000,4,0.734,0.493,0,-7.528,1,0.308,0.0467,0.0,0.0477,0.562,86.043,64,Pop
Red Tape,1980,58128,4,0.467,0.906,7,-3.306,1,0.0889,0.116,0.0675,0.38,0.587,99.502,25,Punk
Awake,2000,304373,4,0.395,0.756,7,-4.12,1,0.0544,1.74e-05,0.00665,0.319,0.475,112.092,66,Metal
Stranglehold,1980,117360,4,0.678,0.876,2,-6.017,1,0.0322,0.0273,2e-06,0.0741,0.96,119.166,31,Punk
Green Rocky Road,1965,220866,3,0.495,0.398,4,-13.364,0,0.0371,0.427,7.22e-06,0.0696,0.452,155.502,22,Folk
This Little Girl,1981,202000,4,0.576,0.9,5,-2.879,0,0.124,0.0118,0.0,0.628,0.75,75.046,44,Pop
You Keep Me Hangin’ On,1987,255000,4,0.686,0.682,7,-12.154,0,0.033,0.0806,0.000155,0.14,0.708,123.44,63,Pop
Disco Fever,1976,249106,4,0.727,0.907,0,-7.667,1,0.149,0.394,8.7e-05,0.114,0.919,118.108,9,Disco
By And Down The River,2003,304906,3,0.231,0.64,9,-5.454,0,0.0356,0.0012,0.104,0.119,0.0497,97.503,45,Metal
Little Ways,1987,201240,4,0.727,0.611,9,-11.008,1,0.0585,0.129,0.00239,0.361,0.829,131.869,45,Country
A Last Minute Miracle,1961,179400,4,0.561,0.845,4,-9.439,1,0.156,0.609,0.0,0.964,0.522,139.16,8,R&B
Dre Day,1993,115000,4,0.188,0.847,8,-3.268,1,0.034,0.0768,0.32,0.121,0.389,88.494,61,Pop
"Mrs. Brown,You’ve Got A Lovely Daughter",1965,168000,4,0.608,0.498,0,-9.447,1,0.0523,0.766,0.178,0.0939,0.901,149.294,22,Pop
Forward March (with The Beverley's All-Stars),1960,177693,4,0.628,0.637,3,-10.267,1,0.0733,0.113,7.58e-06,0.0966,0.803,114.137,22,SKA
Yesterday’s Songs,1982,225000,4,0.838,0.647,0,-5.584,1,0.0427,0.128,0.00128,0.172,0.374,77.119,29,Pop
No Aloha,1993,127226,4,0.291,0.536,10,-9.166,1,0.0321,0.0798,0.269,0.1,0.448,107.41,49,Alt. Rock
The Thrill,2011,234812,4,0.81,0.764,10,-4.841,0,0.102,0.272,0.0,0.114,0.759,127.019,46,Rap
I Want to Do More,1956,172546,4,0.775,0.508,0,-8.395,1,0.0718,0.534,0.0,0.162,0.787,175.35,18,R&B
Why Can't This Be Love,1986,227000,4,0.547,0.671,0,-11.274,1,0.054,0.0486,0.0,0.0875,0.636,88.445,38,Metal
Who's Gonna Fill Their Shoes,1985,195133,4,0.441,0.262,4,-13.435,1,0.0301,0.672,0.0,0.133,0.317,138.327,47,Country
Gemini Dream,1981,249000,4,0.653,0.85,10,-7.507,1,0.0303,0.313,0.0165,0.109,0.974,128.839,38,Rock
Computer Love,1985,282480,4,0.668,0.698,7,-7.222,0,0.123,0.279,0.0,0.554,0.71,84.578,51,Funk
Teenage Warning,1980,182360,4,0.19,0.963,11,-4.493,0,0.147,0.00581,0.0,0.114,0.296,174.412,19,Punk
You Gave Me Love,1980,349809,4,0.703,0.907,9,-6.909,1,0.066,0.0128,0.18,0.0323,0.82,114.762,29,Disco
See That My Grave is Kept Clean,1928,175359,4,0.39,0.184,3,-12.308,1,0.0412,0.99,0.000399,0.125,0.407,180.061,3,Blues
The Girl From Ipanema,1964,320000,4,0.654,0.147,10,-17.844,0,0.039,0.867,0.000923,0.0986,0.472,130.359,68,Pop
Before I Forget,2004,278600,4,0.291,0.974,6,-2.997,0,0.171,0.0177,5.44e-06,0.886,0.348,134.724,77,Metal
Put Your Body In It,1981,247893,4,0.785,0.812,5,-7.272,1,0.106,0.207,0.0334,0.0323,0.784,117.618,26,Disco
Here Is Gone,2002,238173,4,0.338,0.685,1,-5.178,1,0.0322,0.00052,0.000512,0.109,0.221,102.192,57,Alt. Rock
Mashed Potato Time,1962,150000,4,0.674,0.473,2,-7.193,1,0.0362,0.0705,4.79e-05,0.0593,0.847,125.046,41,Pop
44 More,2018,188600,4,0.824,0.584,10,-7.098,0,0.219,0.072,0.0,0.106,0.219,139.966,61,Rap
Lonely Days,1971,223000,4,0.733,0.594,5,-6.609,1,0.0394,0.0845,0.0,0.112,0.667,84.847,56,Pop
In Walked Bud,1957,174337,3,0.392,0.652,5,-7.039,0,0.0518,0.882,0.0718,0.311,0.6,184.014,30,Jazz
Hold On,2012,226720,4,0.492,0.685,10,-5.554,0,0.118,0.333,1.9e-05,0.12,0.705,173.375,23,Blues
Pusherman,1972,300693,4,0.85,0.669,10,-9.562,1,0.0379,0.238,0.0855,0.108,0.91,126.624,44,R&B
In the Mood - Live,1939,209573,4,0.463,0.654,8,-9.72,1,0.0659,0.824,0.917,0.372,0.592,175.204,59,Jazz
Mellow Madness,1975,207653,4,0.613,0.217,2,-20.253,1,0.0612,0.211,0.0232,0.094,0.205,128.578,16,Jazz
Robbery,2019,240050,4,0.623,0.692,2,-5.122,1,0.0504,0.328,0.0,0.153,0.566,79.899,78,Rap
Star Wars Theme/Cantina Band,1977,212000,4,0.677,0.915,0,-3.859,1,0.0912,0.00121,0.916,0.322,0.545,124.929,36,Pop
Better Man,1994,268586,4,0.445,0.671,2,-7.937,1,0.0387,0.165,1.56e-05,0.0791,0.267,125.712,66,Alt. Rock
Walk Away,1996,129360,4,0.403,0.984,7,-6.32,1,0.045,0.0152,1.01e-06,0.128,0.745,121.348,21,Punk
Hip Hug-Her,1967,146866,4,0.808,0.321,3,-16.51,1,0.0437,0.0845,0.232,0.111,0.86,109.029,38,Blues
I Remember You,1989,313693,4,0.482,0.528,0,-12.708,1,0.0267,0.00658,7.22e-06,0.14,0.489,88.156,69,Metal
How Long,1981,337000,4,0.887,0.453,9,-10.99,0,0.0922,0.0357,0.291,0.0573,0.966,119.923,37,Disco
"Lord,I Hope This Day Is Good",1981,243133,4,0.575,0.459,2,-14.314,1,0.0299,0.348,0.00177,0.177,0.713,174.98,29,Country
Sweet Nothin’s,1960,212000,4,0.573,0.929,8,-3.942,0,0.109,0.197,0.000112,0.0567,0.582,127.934,77,Pop
Teenage Lobotomy - 2017 Remaster,1977,121413,3,0.494,0.849,9,-2.306,1,0.0397,0.00092,0.0043,0.0598,0.97,184.666,42,Alt. Rock
Just A Closer Walk With Thee,1947,245280,4,0.433,0.247,11,-13.489,1,0.032,0.932,0.0168,0.106,0.367,116.827,3,Country
Too Close,1998,170000,4,0.42,0.558,9,-5.728,1,0.0509,0.167,0.0,0.19,0.538,165.987,65,Pop
You're My Best Friend,1975,169560,4,0.553,0.211,1,-15.603,1,0.029,0.924,0.000421,0.117,0.331,130.071,55,Country
See You When I Git There,1977,265360,4,0.695,0.696,0,-7.87,1,0.0549,0.181,4.56e-05,0.443,0.861,123.813,40,R&B
Lido Shuffle,1977,223000,4,0.592,0.612,10,-9.811,1,0.0325,0.0124,4.28e-05,0.153,0.645,141.433,60,Pop
Solo,2017,265996,4,0.784,0.486,5,-6.497,0,0.0475,0.0538,0.497,0.101,0.0894,110.964,80,Rap
Need You Tonight,1988,180000,4,0.801,0.723,10,-4.985,0,0.0689,0.0713,0.154,0.0675,0.883,109.03,66,Pop
Vine Street Rumble,1958,223853,4,0.505,0.352,5,-12.754,1,0.0688,0.485,0.0103,0.0918,0.508,143.82,23,Jazz
Slippin' Into Darkness,1971,227373,4,0.676,0.625,4,-8.747,0,0.0729,0.144,0.00658,0.0796,0.655,90.999,49,Funk
Don’t Stand So Close To Me,1981,232000,4,0.413,0.614,7,-8.224,0,0.055,0.138,0.000338,0.866,0.116,147.203,13,Pop
Night,1960,86000,4,0.482,0.757,6,-4.586,1,0.0355,0.0137,0.0016,0.143,0.12,142.579,88,Pop
Take Me Home,1986,174000,4,0.592,0.891,10,-3.144,1,0.0512,0.0267,0.0,0.352,0.674,99.983,72,Pop
Funky Drummer - Pt. 1 & 2,1970,553533,4,0.667,0.519,0,-14.37,1,0.0675,0.329,0.421,0.0478,0.604,99.526,37,Disco
1942 Flows,2017,282666,5,0.63,0.628,2,-4.016,1,0.327,0.0515,0.0,0.091,0.266,121.307,55,Rap
I've Got to Be Free (2015 - Remaster),1977,245000,4,0.384,0.851,1,-4.104,1,0.0954,0.0056,0.000324,0.0618,0.775,148.667,25,Rock
More Today Than Yesterday,1969,188000,4,0.608,0.764,7,-6.262,1,0.0332,0.143,0.0,0.067,0.769,142.121,47,Pop
Call of the Wild,1994,197000,4,0.565,0.577,7,-11.206,1,0.0328,0.0359,0.0,0.0905,0.614,85.059,5,Rock
Hello,1984,251106,4,0.487,0.246,9,-14.104,0,0.0376,0.414,0.0,0.0983,0.0562,61.084,57,R&B
Conga,1986,254000,4,0.789,0.656,2,-14.825,1,0.0474,0.168,0.0409,0.0311,0.865,122.237,65,Pop
The End Of The World,1963,139000,4,0.647,0.705,1,-5.497,0,0.0531,0.00265,0.0,0.226,0.194,75.504,73,Pop
The Gambler,1978,214880,4,0.668,0.501,4,-13.119,1,0.0629,0.342,0.0,0.194,0.858,87.086,75,Country
What You Want,1998,122000,4,0.46,0.941,6,-2.053,1,0.197,0.00353,1.9e-05,0.155,0.794,132.152,70,Pop
Strong Heart,1980,215133,4,0.614,0.353,5,-12.217,1,0.0289,0.741,0.000399,0.133,0.193,84.972,2,Country
Funkytown,1980,234000,4,0.915,0.591,0,-8.865,1,0.0597,0.000468,0.833,0.0938,0.315,122.664,60,Pop
Girls & Boys,1994,259385,4,0.693,0.875,7,-8.354,0,0.0315,0.00986,0.0,0.0601,0.899,120.048,68,Alt. Rock
Sweet Love,1986,149000,4,0.729,0.571,6,-7.06,1,0.0285,0.478,0.0,0.402,0.833,91.981,69,Pop
Just What I Needed,1978,225626,4,0.62,0.579,4,-9.307,1,0.0473,0.0152,6.4e-05,0.0858,0.691,127.215,70,Alt. Rock
Mirage,1967,57000,4,0.683,0.468,9,-10.058,0,0.0743,0.87,0.673,0.108,0.47,117.095,74,Pop
The House Of House,2013,267040,4,0.565,0.892,3,-5.221,0,0.0672,0.144,0.801,0.0385,0.0764,139.957,45,EDM
Big Things Poppin' (Do It) - Instrumental,2008,289986,4,0.597,0.715,7,-6.741,1,0.036,0.00425,0.911,0.191,0.539,169.036,19,Rap
"Sea to Sea - Live at Stubb's,Austin,TX - February 2005",2005,247280,4,0.53,0.402,7,-8.917,0,0.0354,0.0272,0.000281,0.936,0.667,129.762,31,Reggae
Living Inside Myself,1981,263000,4,0.409,0.428,11,-13.195,1,0.0412,0.462,8.22e-05,0.0687,0.04,119.941,47,Pop
Naima,1959,260839,3,0.294,0.0148,10,-18.806,0,0.0425,0.918,0.0335,0.071,0.13,170.911,32,Jazz
No Authority,1998,162826,4,0.517,0.98,4,-6.59,1,0.0466,0.00667,0.0013,0.0346,0.555,109.027,28,Punk
"I'll Trust You,Lord",1996,372066,4,0.341,0.604,10,-6.912,1,0.0633,0.336,0.0,0.934,0.502,179.691,32,Gospel
Only Women Bleed,1975,210000,4,0.334,0.476,7,-8.497,1,0.0308,0.535,0.019,0.278,0.189,147.532,44,Pop
Nobody Move Nobody Get Hurt,1985,223106,4,0.699,0.775,0,-5.936,1,0.123,0.33,0.0,0.121,0.58,82.058,45,Reggae
Ballad Of Peter Pumpkinhead - 2001 Remaster,1989,302000,4,0.574,0.942,2,-6.146,1,0.0687,0.0146,0.0,0.326,0.598,122.766,39,Alt. Rock
Wonder,1996,232000,3,0.524,0.209,4,-12.437,1,0.0405,0.85,0.0,0.173,0.347,148.59,80,Pop
Stay In My Corner,1968,373560,3,0.273,0.247,5,-15.021,1,0.0323,0.426,1.29e-05,0.861,0.369,169.451,39,R&B
To All My Friends,1998,149960,4,0.396,0.559,2,-6.814,1,0.0444,0.000293,8.71e-06,0.121,0.584,96.959,23,Punk
The Wife of Ushers Well - 2009 Remaster,1971,276186,4,0.64,0.535,7,-7.016,1,0.0385,0.503,0.00251,0.0544,0.569,125.402,13,Folk
All You Need Is Love,1967,230000,4,0.399,0.481,7,-7.768,1,0.0296,0.349,3.17e-05,0.155,0.652,103.379,64,Pop
"Corinna,Corinna",1961,182000,4,0.623,0.286,9,-13.288,1,0.0991,0.486,4.44e-05,0.0884,0.734,79.106,46,Pop
The Fixer - Live,1985,297533,4,0.65,0.744,11,0.144,1,0.0364,0.056,0.0,0.901,0.768,135.808,2,Blues
Heaven,1989,179000,4,0.677,0.556,9,-6.544,1,0.0306,0.263,0.0,0.105,0.521,80.006,71,Pop
Like the Weather,1987,236653,4,0.77,0.459,1,-17.453,1,0.0416,0.112,0.00343,0.145,0.963,133.351,43,Alt. Rock
Wasted Time,1989,348760,4,0.368,0.877,0,-6.816,0,0.0466,0.0102,0.0,0.0754,0.29,84.573,57,Metal
The Rising of the Moon,1961,148773,4,0.631,0.0951,0,-14.698,1,0.0516,0.975,0.176,0.172,0.389,91.258,18,Folk
Gone So Long - Live,1971,370333,1,0.539,0.707,0,-10.631,1,0.0315,0.466,0.0139,0.126,0.925,143.884,19,Blues
The World Is Yours,1994,272990,4,0.797,0.908,0,-3.564,0,0.165,0.0708,0.0,0.108,0.86,107.027,3,Reggae
Jamaica Farewell - Remastered,1957,184906,4,0.596,0.142,2,-19.882,1,0.0867,0.962,1.71e-05,0.093,0.695,144.424,48,Folk
Unchained,1981,209000,4,0.528,0.875,1,-5.912,1,0.0436,0.0145,0.0,0.138,0.479,136.83,57,Metal
Rufus Is A Tit Man,1972,146133,4,0.546,0.533,7,-12.258,1,0.0845,0.86,6.97e-06,0.926,0.617,83.883,9,Folk
Sing Me to Sleep,2016,189333,4,0.491,0.607,4,-6.333,0,0.0668,0.0125,1.52e-06,0.289,0.166,176.112,59,EDM
Man Overboard,2000,166733,4,0.218,0.921,7,-4.414,1,0.0602,0.00133,7.66e-06,0.0777,0.612,196.291,60,Alt. Rock
It’s The Same Old Song,1965,166000,4,0.704,0.678,2,-9.121,0,0.0295,0.143,0.0,0.119,0.977,125.185,55,Pop
Moonglow - Take 1,1934,204666,4,0.652,0.149,0,-17.156,0,0.0463,0.993,0.834,0.123,0.3,103.822,39,Jazz
Don’t Do Me Like That,1980,161000,4,0.758,0.806,0,-4.243,1,0.0279,0.213,1.52e-05,0.0983,0.962,116.543,63,Pop
This Time It's Real,1973,170800,4,0.548,0.799,0,-6.149,1,0.16,0.376,0.0,0.111,0.856,140.089,35,Funk
Wedding Bells,1949,176733,4,0.498,0.125,4,-15.874,1,0.0314,0.968,0.0,0.132,0.565,142.626,25,Country
"Baby,What A Big Surprise",1977,183000,4,0.42,0.451,5,-4.351,1,0.0289,0.053,2.32e-06,0.137,0.396,74.353,52,Pop
The Motherload,2014,299786,4,0.363,0.971,5,-2.974,0,0.0776,7.1e-06,0.00358,0.0797,0.347,146.018,57,Metal
Feel Right,2015,195761,4,0.428,0.885,9,-4.101,1,0.0527,0.00635,0.0,0.0924,0.0762,127.927,32,EDM
Midnight Special Train,1956,159386,4,0.623,0.588,0,-6.003,1,0.0294,0.674,0.0,0.262,0.958,154.316,18,Blues
Pick Up The Pieces,1975,239000,4,0.768,0.853,10,-5.915,0,0.0427,0.0548,0.13,0.0188,0.889,107.234,54,Pop
What Kind Of Fool,1981,245000,4,0.511,0.245,2,-16.755,1,0.0396,0.39,0.0,0.401,0.143,79.88,54,Pop
He’s A Rebel,1962,235000,4,0.738,0.983,5,-4.374,0,0.0852,0.0376,5.98e-06,0.183,0.957,92.998,64,Pop
Set U Free,1996,193000,4,0.793,0.701,2,-4.764,1,0.0428,0.00544,0.0,0.164,0.62,123.964,45,Pop
5-10-15 Hours,1952,195466,4,0.859,0.244,5,-13.397,1,0.0562,0.765,0.0,0.126,0.875,121.962,41,R&B
Side Effects,2018,172746,4,0.669,0.711,8,-6.758,1,0.033,0.00217,0.0,0.466,0.544,110.01,54,EDM
Belle,1977,289426,4,0.55,0.427,5,-14.106,1,0.0503,0.371,1.89e-06,0.266,0.612,148.009,29,R&B
Joy Spring,1954,410666,4,0.654,0.334,8,-12.662,1,0.0521,0.702,0.714,0.114,0.697,81.544,47,Jazz
Come On And Dance - Stereo Version,1967,127653,4,0.607,0.689,5,-11.274,1,0.0442,0.366,0.0,0.376,0.9,134.417,10,Folk
Revolution Begins,2008,251586,4,0.306,0.83,1,-3.1,1,0.0616,2.11e-05,0.0108,0.092,0.237,123.772,34,Metal
I Can’t Stay Mad At You,1963,126000,4,0.552,0.666,1,-8.507,1,0.0309,0.657,3.19e-06,0.132,0.914,120.292,25,Pop
Satisfaction,2015,213230,4,0.586,0.988,9,-3.009,0,0.0591,0.00542,0.812,0.35,0.298,129.996,51,EDM
"The Shadow of Your Smile (From ""The Sandpiper"")",1965,218120,4,0.41,0.191,0,-10.438,1,0.0317,0.784,0.00879,0.116,0.0661,65.879,15,Jazz
Space Child - 2007 Remaster,1977,241533,3,0.436,0.494,2,-7.012,1,0.0366,0.0164,0.0177,0.0726,0.624,127.618,50,Metal
Good Times,1979,169000,4,0.66,0.706,5,-5.219,1,0.0291,0.092,0.0,0.129,0.453,114.991,74,Pop
Cowboys To Girls,1968,159000,4,0.278,0.432,4,-9.181,1,0.0402,0.797,0.0,0.732,0.838,208.007,49,Pop
Out in the Cold Again,1957,147826,3,0.394,0.147,11,-13.005,1,0.0304,0.854,1.36e-05,0.115,0.355,87.772,4,R&B
The Player,1973,230466,4,0.51,0.774,10,-14.84,0,0.0702,0.0585,0.000634,0.342,0.515,116.252,28,Disco
Billie's Bounce,1945,189560,4,0.554,0.319,0,-10.156,0,0.0493,0.695,0.014,0.0918,0.634,156.556,27,Jazz
Ask Me Now,1959,277800,4,0.566,0.284,8,-11.128,1,0.0411,0.989,0.856,0.148,0.0781,73.129,27,Jazz
"Des Femmes Disparaissent - BOF ""Des Femmes Disparaissent""",1960,62160,4,0.422,0.0511,5,-13.955,0,0.0313,0.615,0.338,0.138,0.635,100.491,32,Jazz
"I’m Henry The Eighth,I Am",1965,196000,4,0.554,0.617,0,-8.205,1,0.127,0.693,0.0,0.738,0.847,135.892,0,Pop
Giving You The Best That I Got,1989,233000,4,0.637,0.542,9,-8.173,1,0.0357,0.765,0.0,0.302,0.38,105.324,53,Pop
Good For Me,1992,128000,4,0.539,0.912,1,-5.911,0,0.0324,4.34e-06,0.839,0.203,0.226,142.023,53,Pop
Deliver Me (This Is My Exodus) (feat. Le'Andria Johnson),2001,344325,3,0.371,0.691,1,-4.947,1,0.146,0.0325,3.94e-06,0.449,0.167,103.247,43,Gospel
Wide Open Spaces,1998,223832,4,0.563,0.544,4,-6.102,1,0.0306,0.577,0.0,0.128,0.602,179.351,68,Country
Among My Souvenirs,1960,151000,3,0.464,0.447,9,-6.15,1,0.0266,0.464,2.9e-05,0.165,0.466,109.081,27,Pop
The Last Thing on My Mind,1965,186320,4,0.579,0.0998,9,-15.232,1,0.0319,0.883,8.22e-05,0.111,0.448,82.203,39,Folk
"""Sanford & Son Theme"" - NBC-TV (The Streetbeater)",1973,187666,4,0.71,0.868,0,-7.283,1,0.0554,0.0744,0.000969,0.0791,0.835,116.866,30,Jazz
The Morning After,1973,340000,4,0.63,0.436,10,-12.507,0,0.0426,0.302,0.00019,0.117,0.601,169.142,44,Pop
Psychosocial,2008,283400,4,0.576,0.989,2,-1.909,1,0.112,0.00252,0.0032,0.0243,0.352,135.093,62,Metal
Work Out,2011,235320,4,0.831,0.427,2,-6.903,1,0.106,0.0531,0.0,0.307,0.216,93.004,81,Rap
The Approaching Of The Disco Void - Live,1965,408533,4,0.297,0.569,2,-10.198,0,0.0372,0.703,0.769,0.955,0.157,114.368,4,Folk
Planet Hell,2004,278760,4,0.476,0.862,10,-5.936,0,0.0544,2.44e-05,0.0288,0.121,0.39,145.975,48,Metal
Love Is In Control (FINGER On The Trigger),1982,260000,4,0.834,0.705,7,-7.366,1,0.0433,0.328,0.00126,0.113,0.852,132.263,39,Pop
Beechwood Park - Mono Version,1968,164666,4,0.489,0.384,3,-12.558,1,0.0356,0.892,0.000897,0.15,0.308,73.493,39,Alt. Rock
Wipe Out,1963,166000,4,0.461,0.955,11,-6.684,1,0.0489,0.111,0.532,0.952,0.725,160.073,53,Pop
On To The Next One,2009,256133,5,0.546,0.908,10,-1.655,0,0.417,0.215,9.47e-06,0.107,0.59,116.885,54,Rap
Yesterdays,1955,168040,4,0.343,0.196,10,-19.401,1,0.0338,0.985,0.911,0.168,0.222,144.012,27,Jazz
Viva La Revolution,1981,228746,4,0.501,0.737,11,-7.183,1,0.0328,0.00835,2.38e-06,0.0713,0.965,103.386,42,Punk
How Do You Do,1972,209000,4,0.648,0.667,0,-8.986,1,0.0311,0.0534,6.75e-06,0.0908,0.666,109.607,71,Pop
Chelsea Bridge,1962,197066,4,0.504,0.11,8,-17.338,1,0.0533,0.995,0.939,0.099,0.151,76.067,36,Jazz
The Pearl,2000,300840,4,0.494,0.576,9,-8.651,1,0.0266,0.553,0.00624,0.114,0.731,142.391,19,Country
Angry Chair (2022 Remaster),1992,287800,4,0.329,0.943,8,-5.742,1,0.0913,0.0406,0.0,0.0548,0.157,107.422,53,Metal
The Logical Song,1979,251000,4,0.625,0.758,5,-6.213,0,0.0463,0.512,0.00022,0.153,0.695,119.719,71,Pop
Grease,1978,207000,4,0.82,0.464,11,-8.45,1,0.0481,0.156,0.0,0.101,0.872,109.374,64,Pop
Call Me,1980,193000,4,0.782,0.58,7,-6.548,1,0.0407,0.0114,2.28e-06,0.108,0.66,120.021,73,Pop
We’ve Only Just Begun,1970,239000,4,0.374,0.452,6,-5.854,0,0.0308,0.677,1.02e-05,0.284,0.157,84.47,39,Pop
Cold Water,2016,185360,4,0.608,0.798,6,-5.092,0,0.0432,0.0736,0.0,0.156,0.5,92.946,66,EDM
A Dying God Coming into Human Flesh,1987,339186,3,0.153,0.329,3,-5.575,0,0.0362,0.0125,0.918,0.0604,0.0793,102.001,39,Metal
Jumpin' With Symphony Sid,1944,326493,4,0.44,0.688,0,-6.966,1,0.0417,0.93,0.0195,0.733,0.665,104.07,14,Jazz
Cry - Single Version,1972,188293,3,0.327,0.304,8,-10.066,0,0.0279,0.651,6.98e-06,0.333,0.32,105.206,19,Country
Born To Be Yours,2018,193320,4,0.688,0.688,3,-5.84,1,0.0357,0.3,0.0,0.0982,0.451,114.011,60,EDM
Sheltered in the Arms of God,1981,197000,4,0.388,0.278,2,-9.68,1,0.0257,0.471,0.0,0.227,0.329,90.02,15,Gospel
And the Bands Played on,1990,168400,4,0.397,0.897,1,-4.54,0,0.0875,0.0144,0.00504,0.26,0.777,131.906,47,Metal
West Virginia My Home,1976,272000,4,0.579,0.415,3,-5.812,1,0.0319,0.658,0.0,0.162,0.542,119.42,17,Folk
Angel,1993,235000,4,0.74,0.766,6,-2.939,1,0.178,0.116,0.0,0.0406,0.807,170.531,75,Pop
Amazing Grace,1988,200153,4,0.391,0.293,3,-9.81,1,0.0366,0.967,0.000907,0.307,0.503,89.527,0,Gospel
Here I Come,1979,217200,4,0.586,0.663,4,-6.547,0,0.0825,0.161,0.0,0.198,0.693,170.743,59,Reggae
Keep Giving Me Love,1981,414448,4,0.67,0.874,0,-5.837,1,0.0782,0.00817,2.41e-05,0.0505,0.958,122.658,28,Disco
Underwear,2018,214415,4,0.86,0.454,1,-12.051,1,0.314,0.49,0.0,0.139,0.27,107.007,40,Rap
Total Eclipse Of The Heart,1995,267000,4,0.431,0.723,8,-5.887,1,0.0568,0.145,0.0,0.374,0.19,130.141,79,Pop
Cool Night,1982,317000,4,0.87,0.299,10,-13.409,1,0.248,0.122,0.0514,0.0926,0.933,75.895,61,Pop
Six Days on the Road,1963,131533,4,0.684,0.614,7,-11.571,1,0.0355,0.611,0.000198,0.129,0.836,97.918,54,Country
Just A Normal Day,1975,242000,4,0.489,0.238,2,-14.859,0,0.0305,0.214,0.00033,0.135,0.202,112.375,32,Rock
Peace,1959,362280,4,0.538,0.155,3,-14.47,0,0.037,0.979,0.864,0.081,0.206,93.447,31,Jazz
Showdown,2016,242400,4,0.562,0.955,11,-4.67,0,0.368,0.0103,0.0592,0.283,0.197,149.996,15,EDM
Yearning For Your Love,1980,340933,4,0.586,0.437,2,-10.306,1,0.0264,0.0953,4.72e-06,0.124,0.458,90.717,53,Disco
Steppin’ Out (GONNA Boogie Tonight),1974,174000,4,0.627,0.631,2,-9.218,1,0.0361,0.246,0.0,0.0418,0.895,163.474,19,Pop
Got My Mind Set On You,1988,234000,4,0.759,0.85,4,-7.156,1,0.0418,0.456,1.72e-06,0.488,0.963,149.211,76,Pop
Last One To Die,2009,143600,4,0.482,0.957,7,-3.933,1,0.0588,0.000436,3.55e-05,0.192,0.728,150.898,37,SKA
Inner Self,1996,309253,4,0.275,0.997,4,-5.216,1,0.0772,0.000164,0.0711,0.0737,0.0838,160.914,49,Metal
The Eton Rifles,1979,237560,4,0.407,0.825,9,-9.193,0,0.0318,0.000582,0.118,0.101,0.871,157.32,47,Punk
Machine Gun,1974,159466,4,0.741,0.97,5,-6.364,1,0.0341,0.00882,0.836,0.295,0.778,113.103,48,Disco
Remember Me,2009,300000,4,0.48,0.888,7,-5.906,1,0.0355,0.00974,4.38e-06,0.456,0.347,139.98,8,Rock
I Write The Songs,1976,235000,4,0.267,0.417,5,-8.79,1,0.0283,0.824,0.000961,0.087,0.331,142.595,51,Pop
Best of My Love,1977,220560,4,0.784,0.713,0,-6.865,1,0.0339,0.447,0.14,0.0904,0.97,115.443,70,Disco
Move On Up,1970,165789,4,0.538,0.969,11,-5.626,0,0.0907,0.419,0.00144,0.12,0.928,138.654,54,Funk
Levee Camp Blues,1965,225973,3,0.391,0.439,10,-10.64,1,0.0506,0.995,0.847,0.274,0.497,139.648,19,Blues
Earwigs to Eternity,1969,79000,4,0.353,0.391,4,-13.82,1,0.0422,0.865,0.0,0.21,0.596,103.961,9,Rock
You Don’t Have To Say You Love Me,1966,170000,3,0.317,0.513,2,-9.24,0,0.0339,0.455,0.0,0.0719,0.627,111.5,47,Pop
Shoplifters of the World Unite - 2011 Remaster,1987,178440,4,0.47,0.785,2,-5.119,1,0.0445,0.311,0.0641,0.265,0.601,168.975,50,Alt. Rock
Deep Purple,1963,160000,3,0.507,0.32,5,-12.472,1,0.0305,0.881,2.59e-05,0.153,0.575,130.565,30,Pop
This Land Is Your Land,1963,135773,4,0.567,0.554,6,-10.118,1,0.0312,0.572,3.72e-06,0.185,0.847,115.411,12,Folk
Stoney End,1971,177000,4,0.504,0.656,0,-13.219,1,0.0466,0.0249,2.07e-05,0.154,0.826,120.994,35,Pop
"Oh,Babe,What Would You Say?",1973,209000,4,0.37,0.587,0,-7.111,1,0.0318,0.603,5.82e-06,0.12,0.598,151.152,28,Pop
In The Navy,1979,225840,4,0.759,0.889,7,-10.592,0,0.0502,0.125,0.0,0.041,0.886,126.201,38,Disco
It's a Sin - 2018 Remaster,1987,299253,4,0.544,0.86,0,-6.151,0,0.0489,0.206,0.00108,0.213,0.284,127.129,66,Alt. Rock
Ordinary World,1993,340000,4,0.473,0.652,1,-10.171,0,0.0305,0.0132,1.13e-05,0.14,0.401,140.117,73,Pop
The Best,1989,330253,4,0.651,0.87,0,-5.149,1,0.0318,0.103,0.00815,0.0979,0.729,103.857,63,R&B
Pick a Bale of Cotton,1939,93533,4,0.725,0.539,10,-11.175,1,0.0763,0.984,0.0,0.0904,0.776,109.552,15,Folk
Here I Go Again,1982,308000,4,0.234,0.75,4,-7.034,0,0.0738,0.369,0.000805,0.139,0.316,173.81,54,Metal
Hell Yes,1999,197906,4,0.794,0.72,8,-7.4,1,0.35,0.0818,0.0143,0.0846,0.781,193.958,35,Alt. Rock
Leaving on a Jet Plane,1999,152400,4,0.524,0.84,7,-6.156,1,0.0324,2.26e-05,0.000964,0.48,0.751,94.331,38,Punk
Sinnerâ€™s Prayer - Live,1973,202240,3,0.255,0.888,9,-3.322,1,0.0761,0.471,0.00525,0.7,0.538,93.747,0,Blues
Cupid,1997,243000,4,0.72,0.744,1,-6.938,0,0.12,0.237,0.0,0.255,0.619,78.953,76,Pop
Time to Get Down,1976,172240,3,0.7,0.542,5,-11.131,0,0.0469,0.274,0.0,0.187,0.905,118.481,36,Disco
Come Go With Me,1987,205000,4,0.625,0.814,0,-5.181,1,0.0657,0.0172,0.0,0.158,0.535,144.991,75,Pop
Kings of the Wild Frontier - Remastered,1980,235213,4,0.51,0.825,10,-6.865,0,0.122,0.00272,0.143,0.203,0.756,167.626,39,Punk
Run For Cover,1972,186293,4,0.522,0.498,5,-15.116,1,0.039,0.46,0.0,0.507,0.923,137.938,27,R&B
"Say You,Say Me",1985,241066,4,0.636,0.405,8,-11.113,1,0.0287,0.355,0.0,0.0804,0.257,128.068,70,R&B
Love Is Such a Wonderful Thing,1976,212555,4,0.638,0.734,1,-7.789,1,0.0359,0.197,0.0,0.0874,0.536,123.058,1,Disco
Make Me Lose Control,1988,285000,4,0.724,0.619,4,-9.074,1,0.0242,0.0728,0.0,0.205,0.746,109.029,55,Pop
You’ve Lost That Lovin’ Feelin’,1965,226000,4,0.369,0.305,1,-14.303,1,0.0267,0.522,0.0,0.0579,0.376,94.791,61,Pop
When My Train Pulls In,2011,465960,4,0.285,0.979,11,-2.262,0,0.129,0.00405,0.061,0.267,0.323,165.976,42,Blues
Put A Little Love In Your Heart,1969,156000,4,0.596,0.523,2,-6.801,1,0.0248,0.238,0.0,0.0771,0.435,100.974,49,Pop
All Souls Night,1989,308626,4,0.438,0.58,7,-9.045,1,0.0317,0.145,0.000278,0.49,0.148,141.236,33,Folk
Call Mr. Lee,1978,256240,4,0.672,0.649,4,-10.486,0,0.0377,0.0141,0.04,0.0758,0.666,113.761,26,Punk
Lady,1996,183000,4,0.539,0.16,3,-13.285,1,0.0329,0.881,0.000268,0.105,0.322,81.446,75,Pop
Let The Little Girl Dance,1960,143000,4,0.583,0.532,5,-9.449,1,0.0784,0.238,0.0,0.36,0.962,143.872,29,Pop
She Has a Girlfriend Now,1997,187466,4,0.713,0.861,0,-5.665,0,0.044,0.0838,2.25e-05,0.0826,0.969,129.953,40,SKA
Nocturnal Rainbows,2012,306524,4,0.608,0.845,10,-5.007,0,0.119,0.168,0.0,0.0712,0.549,81.997,47,Rap
March Madness,2017,244511,3,0.5,0.69,8,-4.448,1,0.312,0.159,0.0,0.104,0.371,180.206,66,Rap
"Lord,Have Mercy on Me",1997,594093,4,0.482,0.481,3,-11.745,0,0.0258,0.777,0.671,0.152,0.704,90.692,19,Blues
I Don’t Want To Live Without You,1988,237000,4,0.431,0.522,11,-8.625,1,0.0295,0.436,1.91e-05,0.109,0.233,199.786,56,Pop
On My Way,2015,193797,4,0.509,0.689,1,-4.929,0,0.102,0.0209,0.0,0.301,0.297,170.087,73,EDM
When The Saints Go Marching In,1951,181933,4,0.581,0.845,5,-8.141,1,0.0635,0.871,0.529,0.395,0.751,123.214,19,Jazz
Two Sevens Clash,1977,209186,4,0.774,0.64,9,-6.614,0,0.1,0.00461,0.0,0.0868,0.665,136.427,40,Reggae
"Baby,Come To Me",1983,215000,4,0.631,0.505,7,-12.083,0,0.0903,0.553,0.0,0.137,0.687,90.204,62,Pop
Who Will the Next Fool Be,1961,143950,3,0.604,0.454,0,-10.438,0,0.0282,0.822,0.00377,0.104,0.498,98.409,40,Country
To Those,2021,181000,4,0.496,0.873,0,-4.951,1,0.0413,0.00168,0.00698,0.288,0.358,135.872,19,Rock
Street Spirit (Fade Out),1995,253853,4,0.488,0.454,4,-11.544,0,0.0304,0.317,0.694,0.179,0.131,138.076,66,Alt. Rock
Overkill,1983,229000,4,0.646,0.809,1,-3.99,0,0.0282,0.0854,0.0,0.0806,0.588,139.2,63,Pop
Prove My Love,1984,158640,4,0.651,0.872,9,-5.855,1,0.103,0.269,0.000127,0.138,0.8,90.84,46,Alt. Rock
The Drapery Falls,2001,652040,3,0.103,0.859,7,-6.107,1,0.0803,0.000339,0.168,0.0974,0.306,186.415,42,Metal
You’re My Everything,1967,259000,3,0.415,0.591,5,-6.776,1,0.0704,0.664,3.35e-05,0.14,0.263,88.068,30,Pop
pick up the phone,2016,252256,4,0.711,0.739,7,-3.804,0,0.129,0.114,0.0,0.226,0.43,136.919,68,Rap
Mexicali Rose,1936,186973,3,0.303,0.138,10,-15.068,1,0.0305,0.993,0.0235,0.293,0.209,98.998,15,Country
My Cherie Amour,1969,173306,4,0.574,0.507,6,-11.343,1,0.0258,0.228,4.57e-06,0.279,0.514,101.085,67,R&B
25 Or 6 To 4,1970,289000,4,0.604,0.905,4,-7.059,0,0.0578,0.309,0.0632,0.0837,0.723,147.448,63,Pop
Get Off Of My Cloud,1965,175000,4,0.579,0.877,4,-8.83,1,0.0488,0.0289,0.571,0.0656,0.9,126.336,55,Pop
Wheels,1961,148600,4,0.703,0.269,9,-17.2,1,0.052,0.733,0.924,0.0978,0.927,113.796,15,Country
44 Blues,1964,203120,4,0.472,0.486,5,-5.927,1,0.027,0.953,0.0531,0.165,0.506,84.136,1,Blues
Surrender,1961,253000,4,0.524,0.955,0,-7.081,1,0.0411,0.00717,8.77e-06,0.659,0.869,133.849,67,Pop
Skip,2018,151520,4,0.696,0.973,7,-6.022,1,0.122,0.0406,0.0193,0.142,0.428,132.0,50,EDM
Sleep,1958,175053,4,0.369,0.522,8,-12.733,1,0.0342,0.407,0.000109,0.134,0.769,93.863,9,R&B
Step Up,2004,197293,4,0.431,0.962,6,-3.269,1,0.0789,8.34e-06,5.04e-06,0.321,0.585,156.103,52,Metal
Allentown,1983,230000,4,0.69,0.837,7,-8.312,1,0.0289,0.127,7.2e-06,0.102,0.967,113.817,53,Pop
Survival Tactics,2015,202784,4,0.53,0.843,1,-2.271,1,0.39,0.428,0.0,0.164,0.919,199.946,64,Rap
Strangelove,1987,225880,4,0.566,0.961,4,-3.46,0,0.0354,0.044,0.00106,0.352,0.866,118.988,63,Alt. Rock
Since You've Been Gone,1976,347033,3,0.562,0.338,8,-13.461,1,0.0283,0.0582,0.00252,0.15,0.238,114.104,14,Disco
My Girl,1964,165000,4,0.574,0.418,0,-10.739,1,0.0345,0.636,0.0,0.0961,0.692,104.57,82,R&B
Doodlin' - Remastered,1959,405653,4,0.662,0.491,6,-7.505,1,0.0637,0.759,0.091,0.101,0.627,122.324,31,Jazz
Missing You,1985,269000,4,0.552,0.552,11,-9.736,0,0.0364,0.052,0.0,0.046,0.593,208.571,68,Pop
Steal Away,1980,213000,4,0.72,0.569,2,-11.466,1,0.0418,0.142,0.000188,0.0629,0.713,122.403,58,Pop
God Great God,1997,289200,4,0.636,0.971,10,-5.607,0,0.167,0.113,0.0,0.505,0.419,113.027,30,Gospel
Thank You Mama,2005,272066,4,0.555,0.484,7,-8.322,1,0.29,0.134,1.22e-06,0.134,0.424,140.737,28,Reggae
"(SHAKE,Shake,Shake) Shake Your Booty",1976,186000,4,0.649,0.825,10,-12.243,0,0.0335,0.00606,0.154,0.104,0.961,112.124,53,Pop
When We Were Younger,2004,267266,4,0.713,0.658,5,-6.586,1,0.0279,0.306,0.0,0.201,0.695,98.032,46,Reggae
I Hate Myself For Loving You,1988,246000,4,0.611,0.882,9,-11.225,1,0.0538,0.0847,1.08e-06,0.192,0.605,117.932,67,Pop
Breakin’… There’s No Stopping Us,1984,276000,4,0.742,0.801,1,-10.373,1,0.0531,0.0168,0.00482,0.0494,0.853,116.6,33,Pop
Frankie,1985,257000,4,0.813,0.759,6,-7.882,1,0.0878,0.719,0.0071,0.0573,0.963,82.941,44,Disco
Blackout,2013,210200,4,0.662,0.819,6,-4.609,1,0.124,0.00537,0.0,0.0498,0.801,122.951,51,EDM
Your Love,1978,199840,3,0.561,0.671,7,-9.007,1,0.0413,0.746,9.14e-06,0.106,0.761,141.616,20,Funk
Special,1998,223602,4,0.443,0.944,0,-3.71,0,0.0377,8.79e-05,0.000542,0.369,0.573,131.828,42,Alt. Rock
Counting The Days,2000,208306,4,0.509,0.944,9,-5.171,1,0.0795,7.77e-05,1.07e-05,0.558,0.515,146.39,35,SKA
Jambi,2006,448613,3,0.475,0.831,9,-7.419,0,0.0505,0.000145,0.854,0.346,0.521,110.42,62,Alt. Rock
King for a Day,1995,395093,4,0.421,0.871,11,-9.193,1,0.0351,0.00608,0.411,0.19,0.383,102.382,39,Metal
"Let Me Go,Rock 'N Roll",1974,135000,4,0.385,0.737,1,-8.332,1,0.0459,0.0342,0.527,0.0952,0.907,147.994,38,Rock
He Has His Hands On You,2009,391106,4,0.298,0.447,1,-8.499,1,0.135,0.69,0.0,0.687,0.205,75.041,43,Gospel
Wild for the Night (feat. Skrillex & Birdy Nam Nam),2013,212640,4,0.757,0.848,2,-4.234,1,0.335,0.0481,0.0,0.121,0.686,139.995,63,Rap
Almost Paradise,1984,230000,4,0.568,0.354,8,-10.641,1,0.0325,0.515,6.08e-06,0.0795,0.0617,129.092,39,Pop
Blowin' in the Wind,1963,177360,4,0.381,0.0848,5,-17.77,1,0.032,0.834,0.0,0.112,0.557,155.036,52,Folk
Don't Waste My Time,1969,193066,4,0.589,0.797,9,-12.161,1,0.0394,0.168,0.0184,0.594,0.945,104.802,18,Blues
Paradise City,1989,405000,4,0.268,0.98,11,-5.959,1,0.101,0.019,0.00692,0.182,0.39,100.316,80,Pop
Rocket 2 U,1988,258000,4,0.889,0.651,2,-7.264,0,0.0437,0.0312,0.00909,0.0739,0.967,119.784,35,Pop
Champion,1995,237280,4,0.788,0.657,4,-7.891,0,0.305,0.0895,0.0,0.0753,0.52,180.046,52,Reggae
Because Of Love,1994,260000,4,0.764,0.878,5,-5.647,0,0.0523,0.287,0.00356,0.18,0.825,112.37,40,Pop
I Got 5 On It,1995,253000,4,0.584,0.706,10,-7.899,0,0.366,0.209,0.0,0.125,0.579,174.039,74,Pop
Wonderland By Night,1961,195000,4,0.211,0.233,4,-10.208,1,0.0291,0.907,0.919,0.279,0.239,71.351,38,Pop
Your Woman,1997,259000,4,0.815,0.605,5,-9.118,0,0.0368,0.033,0.684,0.114,0.795,102.642,69,Pop
How Do You Like Me Now?!,1999,209066,4,0.648,0.667,0,-8.986,1,0.0311,0.0534,6.75e-06,0.0908,0.666,109.607,69,Country
Right Down The Line,1978,267000,4,0.783,0.322,0,-15.091,1,0.0343,0.213,0.00243,0.114,0.77,128.226,74,Pop
This Masquerade - 2000 Remaster,1976,483133,4,0.625,0.373,5,-12.549,0,0.0383,0.5,0.000524,0.132,0.43,88.543,42,Jazz
Beat the Street,1982,375546,4,0.836,0.711,7,-9.323,1,0.0884,0.0302,0.535,0.0837,0.482,117.909,27,Disco
I Am Above,2014,229816,4,0.544,0.98,10,-4.494,0,0.109,3.32e-05,6.62e-06,0.0689,0.193,120.026,48,Metal
Spooky,1968,164000,4,0.776,0.47,4,-10.308,0,0.0318,0.419,0.0,0.139,0.963,106.329,62,Pop
Along Came Jones - 2007 Remaster; Remastered,1959,179293,4,0.778,0.821,9,-5.182,1,0.296,0.67,0.0,0.161,0.789,104.824,24,R&B
Painkiller,1990,365826,4,0.435,0.987,1,-4.667,0,0.16,0.000195,0.0879,0.268,0.1,103.162,65,Metal
You Don't Want Me,1969,316666,4,0.593,0.464,7,-16.925,1,0.0374,0.509,0.000214,0.166,0.763,113.001,38,Blues
Hotting Up,2013,220613,4,0.61,0.746,11,-5.892,0,0.0364,0.000409,0.000597,0.211,0.547,146.01,39,Reggae
Talk to Me of Mendocino,1976,190640,4,0.2,0.0691,5,-19.153,1,0.0342,0.956,0.00278,0.129,0.182,77.313,25,Folk
Country Gentleman,1953,113466,4,0.747,0.333,9,-13.044,1,0.0434,0.921,0.816,0.0975,0.961,93.048,21,Country
Just A Girl,1995,209200,4,0.638,0.906,2,-4.824,1,0.0504,0.0662,6.88e-05,0.142,0.767,107.991,74,SKA
Cool Change - Remastered 2022,1979,316000,4,0.375,0.383,9,-10.941,1,0.0277,0.268,1.28e-06,0.0877,0.143,130.26,57,Rock
So Much In Love,1963,178000,4,0.522,0.953,2,-4.347,1,0.0833,0.0722,0.000633,0.211,0.0396,131.937,70,Pop
Gunmen Coming to Town,1970,151093,4,0.705,0.44,10,-9.25,1,0.0329,0.97,0.158,0.215,0.925,115.186,16,Reggae
I'm Tore Down,1961,253333,4,0.64,0.496,2,-11.124,1,0.0413,0.616,4.63e-05,0.183,0.954,116.632,49,Blues
I'd Rather Go Blind,1975,300466,3,0.527,0.167,8,-16.77,1,0.0374,0.473,0.000843,0.0896,0.458,129.981,48,Blues
Hello Again,1981,253000,4,0.568,0.329,4,-12.395,1,0.0315,0.731,0.0569,0.307,0.434,128.084,46,Pop
Hallelujah You're Worthy,1986,375000,4,0.499,0.791,5,-8.32,0,0.0837,0.175,0.0,0.351,0.598,77.493,18,Gospel
Paradise Has No Border - 2020 Remaster,2020,242208,4,0.571,0.928,2,-4.728,0,0.0659,0.388,0.753,0.149,0.898,90.506,12,SKA
Wild Child,1985,312400,4,0.372,0.857,5,-7.816,0,0.0461,0.0604,9.42e-05,0.187,0.389,146.084,55,Metal
Stars on the Water,1981,224920,4,0.664,0.327,9,-16.718,1,0.0288,0.595,0.00906,0.0842,0.701,127.396,30,Country
Frozen,1998,161000,4,0.179,0.0058,0,-37.26,1,0.0481,0.924,0.929,0.106,0.0314,72.177,67,Pop
I’m Sorry,1975,167000,5,0.445,0.455,7,-6.405,1,0.0575,0.731,1.47e-06,0.124,0.151,109.885,81,Pop
Dismantle Me,2003,146626,4,0.514,0.971,4,-3.69,1,0.0506,0.00829,1.69e-05,0.62,0.675,99.064,47,Punk
Supermassive Black Hole,2006,212439,4,0.668,0.921,7,-3.727,1,0.0439,0.0492,0.00517,0.0877,0.782,120.0,79,Alt. Rock
One Of A Kind (LOVE Affair),1973,214000,4,0.608,0.428,1,-11.625,1,0.109,0.263,0.0,0.093,0.881,176.735,40,Pop
House Party (feat. Young Chris),2012,261040,4,0.492,0.902,8,-2.715,0,0.308,0.105,0.0,0.877,0.591,161.219,40,Rap
The Bleeding,1994,259680,4,0.216,0.987,1,-7.37,0,0.0971,3.94e-06,0.908,0.052,0.199,93.803,33,Metal
Where The Boys Are,1961,157000,3,0.366,0.408,0,-4.85,1,0.0301,0.81,0.0,0.328,0.378,108.819,45,Pop
Chase The Clouds Away,1975,291800,4,0.414,0.349,0,-13.947,1,0.0408,0.609,0.191,0.0946,0.356,73.574,33,Jazz
Beggar's Day,1991,242666,4,0.437,0.928,0,-6.763,1,0.0524,0.000252,0.00993,0.112,0.267,96.845,31,Metal
Someone Could Lose A Heart Tonight,1982,207000,4,0.811,0.496,10,-9.505,0,0.0727,0.287,0.00222,0.0552,0.576,128.756,25,Pop
I Against I,1986,170693,4,0.344,0.939,5,-11.49,1,0.0598,0.0159,0.00268,0.257,0.439,111.902,43,Punk
Regret,1993,249840,4,0.504,0.966,5,-3.116,1,0.0329,0.000819,0.0747,0.226,0.742,129.595,35,Alt. Rock
Work with Me Annie,1954,167066,4,0.647,0.399,4,-9.413,1,0.0294,0.899,0.0,0.107,0.706,122.395,5,R&B
Still I Rise,2005,340760,4,0.441,0.373,1,-8.988,1,0.0271,0.516,0.0,0.0683,0.171,110.214,32,Gospel
Lord of The Harvest,1996,320040,4,0.616,0.951,6,-3.744,1,0.0831,0.14,0.0,0.389,0.684,129.978,30,Gospel
Against the Wind,1980,228160,4,0.72,0.424,4,-17.83,1,0.0357,0.51,2.58e-05,0.0712,0.582,110.811,54,Folk
Just Friends,1949,212600,4,0.463,0.474,5,-8.95,0,0.0305,0.892,0.000972,0.233,0.679,136.69,26,Jazz
Questions,1992,127000,4,0.567,0.614,0,-8.177,1,0.0289,0.0263,0.000504,0.284,0.421,110.013,21,Rock
You Can't Stop Me,2015,239961,4,0.77,0.826,3,-4.615,0,0.159,0.046,0.0,0.266,0.462,145.984,55,Gospel
Twinz (feat. Fat Joe),1998,228173,4,0.634,0.763,0,-7.216,1,0.323,0.32,3.4e-06,0.237,0.519,94.981,64,Rap
Midnight Sun - Remastered 1996,1947,220466,4,0.26,0.228,5,-16.288,1,0.0337,0.853,0.935,0.107,0.191,67.835,19,Jazz
Look Away,1989,242000,4,0.553,0.545,9,-7.278,1,0.0261,0.385,5.36e-06,0.105,0.201,85.959,51,Pop
New Year's Day,1983,257040,4,0.518,0.803,8,-6.337,0,0.0318,0.00151,0.0246,0.612,0.633,133.462,63,Alt. Rock
Wonderful Night - Radio Edit;; Explicit,2004,166120,4,0.727,0.831,9,-7.383,1,0.0581,0.223,0.0,0.293,0.971,159.914,35,EDM
Jersey Bounce,1942,189866,4,0.591,0.233,7,-13.764,0,0.0512,0.963,0.747,0.105,0.685,133.864,25,Jazz
Albatross,1966,292600,5,0.304,0.159,1,-11.948,0,0.04,0.93,0.0,0.137,0.134,91.639,19,Folk
We’ll Sing In The Sunshine,1964,147000,3,0.457,0.516,7,-10.897,1,0.0416,0.803,0.0,0.171,0.886,127.633,0,Pop
Sleepless feat. Jezzabell Doran,2016,209376,4,0.53,0.689,9,-7.482,0,0.173,0.0341,5.04e-05,0.0886,0.394,175.132,54,EDM
Love a Little Stronger,1994,221266,4,0.641,0.518,9,-8.849,1,0.0343,0.55,0.0,0.325,0.618,76.523,45,Country
I'm Going Through - 45 Version,2001,137773,3,0.24,0.294,6,-12.652,1,0.0351,0.889,0.00243,0.148,0.182,87.612,0,Gospel
If I Lose Your Love,1974,194143,3,0.472,0.296,9,-13.276,1,0.055,0.787,0.00148,0.194,0.499,185.345,3,Disco
I Can't Stand the Rain,1976,357106,4,0.65,0.663,7,-12.654,1,0.084,0.239,0.0,0.335,0.28,82.234,14,Funk
Journey to Love,1975,294520,4,0.623,0.346,2,-15.779,1,0.0342,0.6,0.286,0.0784,0.468,126.267,16,Jazz
You’re The One That I Want,1978,244000,4,0.284,0.903,5,-4.845,0,0.0876,0.00655,1.3e-05,0.178,0.145,131.28,7,Pop
Peace Is Just a Word,1999,351000,4,0.298,0.513,10,-8.077,1,0.0362,0.134,6.02e-05,0.161,0.118,76.23,3,Rock
Blueberry Hill,1959,162600,4,0.492,0.0185,8,-26.604,1,0.0522,0.942,0.868,0.0962,0.401,82.995,2,Folk
Love's A Deadly Weapon,1985,211000,4,0.462,0.945,9,-7.037,1,0.0909,0.000209,0.0222,0.513,0.11,132.93,23,Rock
Wang Dang Doodle,1960,440733,4,0.663,0.556,2,-11.172,1,0.0283,0.522,2.3e-06,0.0763,0.647,130.704,15,Blues
Girl U Want,1980,177306,4,0.73,0.398,4,-12.824,1,0.0642,0.343,1.82e-05,0.0491,0.799,172.651,35,Alt. Rock
Cherub Rock - 2011 Remaster,1993,298253,4,0.382,0.867,9,-7.426,1,0.0399,5.91e-06,0.581,0.196,0.453,87.309,64,Alt. Rock
Blacklist,2014,376920,4,0.534,0.969,3,-3.378,1,0.0535,0.000359,0.564,0.269,0.598,75.005,54,Metal
WING,2021,319000,4,0.444,0.762,9,-3.344,0,0.0374,0.000906,4.3e-05,0.239,0.239,110.038,30,Rock
Heartbreak Hotel,1999,127000,4,0.696,0.21,4,-11.922,1,0.067,0.84,1.62e-06,0.107,0.717,93.543,57,Pop
Let Me Down,1995,177906,4,0.503,0.834,2,-4.816,1,0.041,0.056,2.36e-06,0.331,0.587,100.453,33,Punk
In the End,2001,216880,4,0.556,0.864,3,-5.87,0,0.0584,0.00958,0.0,0.209,0.4,105.143,86,Alt. Rock
World Peace,1986,135471,4,0.201,0.979,11,-4.501,0,0.22,0.000312,0.833,0.109,0.296,168.116,33,Punk
Bullet Proof,1985,383026,4,0.867,0.706,4,-15.352,0,0.0618,0.327,0.00111,0.0675,0.458,119.54,8,Funk
Warriors - Original Mix,2011,336377,4,0.642,0.845,0,-3.653,0,0.0414,0.0242,0.000962,0.053,0.317,127.017,24,EDM
Don't Let Go (Love),1996,291906,4,0.626,0.693,5,-6.496,0,0.0437,0.295,8.77e-05,0.186,0.557,78.284,36,R&B
Back Stabbers,1972,186000,4,0.751,0.714,10,-11.614,1,0.0374,0.317,0.0,0.639,0.935,124.379,58,Pop
Humble And Kind,2016,259266,3,0.355,0.48,11,-7.31,1,0.0282,0.679,2.28e-06,0.12,0.137,100.956,67,Country
Mission,1987,315000,4,0.493,0.856,2,-7.956,1,0.0505,0.0896,0.00151,0.199,0.337,140.13,32,Rock
Count Every Star,1950,175600,3,0.317,0.217,7,-15.541,1,0.0333,0.968,2.3e-06,0.0972,0.42,140.487,19,R&B
Star,1972,167000,4,0.452,0.856,0,-8.721,1,0.0448,0.178,3.32e-05,0.185,0.553,138.486,49,Rock
You Make Me Feel (Mighty Real),1978,400115,4,0.629,0.851,5,-11.182,0,0.0294,0.0309,0.303,0.0947,0.961,130.7,60,Funk
Didn't I (Blow Your Mind This Time),1969,201066,4,0.484,0.59,9,-6.663,1,0.0283,0.795,0.00306,0.155,0.324,140.588,52,Funk
Bully,2003,242746,4,0.519,0.969,6,-2.34,0,0.0662,9.03e-05,0.0,0.111,0.48,77.011,56,Metal
XO,2013,215946,4,0.47,0.793,0,-8.929,1,0.26,0.164,1.31e-06,0.313,0.216,170.1,65,R&B
Liddle Towers,1981,281173,4,0.336,0.875,1,-6.289,1,0.0912,0.0783,0.000874,0.0934,0.0683,116.829,13,Punk
Got To Be There,1972,204000,4,0.349,0.569,1,-9.512,1,0.0434,0.11,0.000122,0.0416,0.721,171.354,42,Pop
The Longest Time,1984,217000,4,0.637,0.333,3,-9.603,1,0.0262,0.181,0.0,0.147,0.588,84.347,65,Pop
The Healer (feat. Carlos Santana & The Santana Band),1989,340293,4,0.575,0.484,0,-15.063,1,0.0442,0.377,0.00974,0.0789,0.676,107.952,45,Blues
Love Train,1972,178400,4,0.743,0.572,0,-9.627,1,0.0493,0.186,1.44e-05,0.163,0.675,122.658,66,R&B
Thank You (Not So Bad),2018,140000,4,0.673,0.95,11,-5.149,1,0.0488,0.0229,0.0823,0.398,0.563,150.019,85,EDM
Sing a Little Song,1969,183106,4,0.894,0.611,8,-9.184,1,0.0656,0.192,0.000307,0.0737,0.957,125.305,23,Reggae
Found Out About You,1992,233400,4,0.539,0.826,7,-8.037,1,0.0276,0.00224,0.0451,0.0832,0.669,134.718,60,Alt. Rock
A Woman Needs Love (JUST Like You Do),1981,249000,4,0.744,0.376,6,-14.937,0,0.0395,0.479,3.86e-05,0.254,0.696,91.113,47,Pop
How Did You Love,2018,187626,4,0.331,0.75,5,-5.202,1,0.0436,6.86e-05,1.21e-06,0.0945,0.26,185.97,57,Metal
Philadelphia Freedom,1975,324000,4,0.712,0.681,0,-6.351,0,0.0294,0.0444,0.000235,0.0592,0.809,125.497,57,Pop
You've Got a Friend,1971,268706,4,0.695,0.282,9,-15.359,1,0.0295,0.681,0.0267,0.0767,0.445,91.681,52,Folk
Sirens,1985,215706,4,0.383,0.694,7,-10.729,1,0.0569,0.000168,0.0537,0.0997,0.275,130.289,21,Metal
Lookin' For A Reason,1972,206000,4,0.848,0.367,7,-13.262,1,0.049,0.215,8.2e-05,0.0522,0.893,121.586,47,Rock
Hot Line,1977,181000,4,0.845,0.911,2,-8.656,1,0.0528,0.31,0.0,0.0825,0.965,132.827,26,Pop
Rock And Roll All Nite,1975,168000,4,0.654,0.929,1,-5.906,1,0.0998,0.0474,0.0,0.0538,0.902,144.769,73,Metal
Coming into Los Angeles - Remastered,1972,186506,4,0.558,0.744,4,-7.791,0,0.037,0.569,0.000148,0.24,0.54,128.949,42,Folk
We Shall Be Free (with Woody Guthrie and Cisco Houston),1939,154000,4,0.491,0.421,4,-11.302,1,0.04,0.984,0.00772,0.142,0.765,173.99,15,Folk
Calcutta,1961,413000,4,0.509,0.512,1,-7.117,1,0.0276,0.0106,0.000801,0.121,0.159,130.022,55,Pop
Celebration,1980,298866,4,0.886,0.664,1,-11.795,1,0.0524,0.145,0.0483,0.0767,0.906,121.631,70,R&B
Everything Is Free,1998,288000,4,0.686,0.143,0,-14.701,1,0.042,0.94,7.65e-05,0.0792,0.351,101.651,45,Folk
Heart Like a Wheel,1976,192466,4,0.282,0.146,3,-16.638,1,0.0334,0.967,3.86e-05,0.0941,0.24,147.789,28,Folk
Run Joey Run,1975,272000,4,0.59,0.508,10,-9.255,0,0.145,0.0518,0.000106,0.115,0.385,81.578,39,Pop
Satta Massagana,1969,209426,4,0.501,0.407,9,-13.142,0,0.305,0.252,0.000342,0.128,0.722,77.152,35,Reggae
Lately,1999,77000,4,0.751,0.503,1,-10.419,0,0.0962,0.218,0.00486,0.136,0.17,100.016,53,Pop
Bomb the Russians,1982,50508,4,0.504,0.953,5,-3.011,0,0.0521,0.0948,0.0,0.241,0.813,108.63,18,Punk
Love's Comin at Ya,1979,342693,4,0.914,0.49,1,-9.404,0,0.0692,0.0437,0.000541,0.387,0.705,114.387,18,Disco
Wait,1988,189000,4,0.463,0.642,1,-4.474,1,0.34,0.314,0.0,0.0686,0.339,83.389,83,Pop
You Come to My Senses - 2009 Remaster,1988,362000,4,0.558,0.682,9,-8.013,0,0.0307,0.162,1.28e-05,0.0848,0.508,134.199,15,Rock
Festive Minor,1957,373306,4,0.494,0.109,7,-19.968,1,0.0435,0.753,0.187,0.089,0.4,150.606,20,Jazz
Alive And Kicking,1986,289000,4,0.572,0.913,0,-4.26,1,0.0362,0.0753,1.5e-05,0.128,0.561,103.265,66,Pop
Country Is,1974,129733,4,0.546,0.394,0,-13.403,1,0.0309,0.836,0.000128,0.0573,0.897,145.028,47,Country
Nothing’s Gonna Stop Us Now,1987,270000,4,0.643,0.802,6,-4.92,1,0.0227,0.0299,0.0,0.0719,0.53,95.99,80,Pop
The Crowd - 2007 Remaster,2007,131333,4,0.281,0.967,9,-4.764,1,0.12,0.076,0.00085,0.379,0.555,188.487,43,SKA
Hate To See You Go,1955,136013,4,0.583,0.482,0,-11.301,0,0.039,0.852,3.15e-06,0.11,0.903,186.137,35,Blues
Don't Let It End,1983,142000,4,0.305,0.753,6,-12.238,1,0.0493,0.118,0.0,0.25,0.197,162.073,20,Rock
You Must Have Been A Beautiful Baby,1961,131000,4,0.714,0.544,7,-15.721,1,0.036,0.753,7.64e-05,0.0551,0.973,134.523,23,Pop
My Mood,1975,250773,4,0.692,0.471,0,-11.535,0,0.0285,0.59,0.906,0.101,0.641,107.997,25,Disco
Please Please Me,1964,200000,4,0.747,0.57,1,-6.711,1,0.081,0.0642,0.0,0.0832,0.65,133.992,75,Pop
I Touch Myself,1991,227000,4,0.66,0.711,5,-10.211,1,0.0334,0.181,7.47e-06,0.0647,0.726,109.328,62,Pop
"Blue,Blue Day",1958,113240,4,0.729,0.486,4,-10.84,1,0.0299,0.794,0.0,0.192,0.978,100.161,35,Country
Super Freak,1981,205466,4,0.838,0.794,9,-8.245,0,0.0531,0.22,0.0,0.0575,0.962,132.446,70,Funk
Do You Wanna Go To Heaven,1974,190013,4,0.675,0.49,1,-13.845,1,0.0341,0.422,0.00162,0.106,0.678,90.598,40,Country
Why We Thugs,1991,224106,4,0.683,0.59,1,-5.423,1,0.458,0.326,0.0,0.148,0.653,100.892,64,Rap
I Am…I Said,1971,213000,4,0.247,0.376,10,-14.409,1,0.0272,0.14,4.97e-06,0.109,0.514,90.365,59,Pop
Beyond the Fire,2019,228620,4,0.631,0.411,5,-11.26,0,0.0401,0.849,0.864,0.104,0.117,115.968,60,EDM
Foot-Stompin Music,1974,437386,4,0.802,0.898,2,-7.407,1,0.0349,0.585,0.45,0.0873,0.962,123.025,17,Disco
Let No Man Steal Your Thyme,1970,164533,4,0.548,0.287,9,-15.676,0,0.0376,0.663,0.000159,0.0951,0.22,109.889,22,Folk
I’m So Into You,1993,232000,4,0.501,0.414,4,-7.35,0,0.0631,0.747,0.0,0.152,0.183,159.983,48,Pop
Oh Pretty Woman,1990,265026,4,0.308,0.541,0,-11.815,0,0.0607,0.2,0.000728,0.313,0.693,206.617,43,Blues
I'd Rather Go Blind,1968,156653,3,0.477,0.433,11,-6.473,0,0.0247,0.689,0.000195,0.151,0.611,82.52,74,R&B
Common Man,1983,163106,4,0.792,0.605,7,-8.008,1,0.0462,0.546,0.0,0.0439,0.899,128.789,58,Country
(Don't Fear) The Reaper,1976,308000,4,0.333,0.927,9,-8.55,0,0.0733,0.0029,0.000208,0.297,0.385,141.466,74,Rock
If You Know You Know,2018,202120,4,0.46,0.697,6,-5.954,0,0.325,0.0186,0.0,0.362,0.701,153.426,53,Rap
Ghost Town,1981,219306,4,0.664,0.765,10,-9.454,0,0.0507,0.0493,0.333,0.113,0.907,73.676,62,SKA
The Sky Is Crying,1969,366306,3,0.489,0.244,2,-19.063,1,0.0656,0.0306,0.0682,0.0941,0.0684,176.374,3,Blues
God Blocked It,1997,301533,3,0.397,0.815,10,-4.999,1,0.137,0.136,2.34e-05,0.968,0.247,132.524,41,Gospel
Freeze-Frame,1982,237000,4,0.573,0.806,0,-10.978,1,0.0356,0.152,0.0116,0.405,0.934,186.326,53,Pop
Nubian Nut,1982,359333,4,0.858,0.531,11,-12.597,0,0.107,0.135,5.57e-06,0.148,0.888,110.862,12,Funk
Punk Is Dead,1978,107720,4,0.622,0.962,2,-7.735,1,0.0878,0.0225,0.0,0.183,0.446,112.493,33,Punk
Forget Him,1964,128000,4,0.512,0.536,3,-4.787,1,0.0278,0.503,0.0,0.314,0.675,77.935,38,Pop
Blue Avenue,1989,258000,4,0.633,0.441,8,-13.941,1,0.0258,0.37,0.00194,0.119,0.498,109.818,28,Rock
I Feel Fine,1965,246000,4,0.381,0.894,7,-8.638,1,0.037,0.0258,0.0,0.0251,0.797,205.528,68,Pop
Miss You Like Crazy,1989,234000,4,0.595,0.546,2,-6.251,1,0.0267,0.633,0.00422,0.0697,0.255,131.136,62,Pop
Shame,1978,392800,4,0.714,0.665,11,-10.948,0,0.0381,0.00588,0.131,0.0655,0.805,133.805,47,Disco
What’s Up?,1993,231000,4,0.565,0.646,1,-4.908,1,0.0352,0.195,0.0,0.0937,0.654,145.966,47,Pop
Da Goodness,1996,248666,5,0.614,0.829,6,-8.576,1,0.375,0.398,0.0,0.115,0.783,67.182,39,Rap
Different Drum,1968,159000,4,0.46,0.389,0,-11.603,1,0.031,0.349,0.0,0.0533,0.606,123.213,55,Pop
Garbageman,1981,217026,4,0.56,0.966,11,-9.498,0,0.0634,0.0425,0.0967,0.168,0.389,138.874,40,Punk
Cut The Cake,1975,247000,4,0.807,0.632,7,-11.925,1,0.0524,0.284,0.668,0.0364,0.964,108.622,35,Pop
Give up the Funk (Let's Dance),1979,373720,4,0.884,0.635,3,-15.564,0,0.0703,0.0474,0.436,0.299,0.878,115.583,16,Funk
Jungle Bae (feat. Bunji Garlin & MX Prime),2015,208125,4,0.744,0.997,2,-1.325,1,0.13,0.0304,0.00256,0.0737,0.558,127.975,46,EDM
Trust In Me,1961,178466,4,0.486,0.377,10,-6.777,0,0.0309,0.776,0.0,0.39,0.5,64.033,55,Blues
Crash 2.0,2018,254879,4,0.66,0.653,8,-4.746,1,0.0584,0.00253,0.0,0.0673,0.162,127.975,47,EDM
Empty Rooms,1983,257440,4,0.532,0.476,2,-9.707,0,0.0251,0.204,0.0,0.132,0.319,98.18,50,Blues
Down On The Trail Of Achin' Hearts,1951,132640,3,0.556,0.31,9,-8.974,1,0.0281,0.84,0.0,0.0848,0.373,129.804,3,Country
Love Is Like Oxygen,1978,227000,4,0.567,0.455,9,-9.896,0,0.0479,0.242,2.79e-06,0.118,0.58,123.416,42,Pop
Paranoid - 2012 - Remaster,1970,168405,4,0.412,0.658,4,-12.051,0,0.0708,4.52e-05,0.000774,0.176,0.454,163.071,75,Metal
"Darlin' Darlin' Baby (Sweet,Tender,Love)",1976,256239,4,0.668,0.739,2,-6.906,1,0.039,0.453,0.0,0.111,0.662,107.937,47,R&B
Nightmare,2010,374453,4,0.554,0.949,2,-4.928,1,0.0787,0.000318,9.98e-05,0.2,0.233,129.984,70,Metal
The Look Of Love,1969,673322,4,0.452,0.328,8,-14.561,0,0.0345,0.402,0.0326,0.111,0.483,93.12,34,R&B
Dirty Diana,1988,280000,4,0.741,0.799,3,-4.56,1,0.062,0.239,0.000795,0.421,0.348,131.383,66,Pop
Dance With My Father,2003,266000,4,0.739,0.341,10,-9.971,1,0.0378,0.525,1.1e-06,0.072,0.231,80.958,59,R&B
Fields Of Gold,1998,282093,4,0.461,0.0859,9,-14.676,1,0.0309,0.974,1.12e-06,0.077,0.31,79.817,57,Folk
Black Cop,1993,179160,4,0.936,0.575,11,-10.545,0,0.242,0.0229,0.00332,0.0753,0.698,95.481,29,Rap
Ain’t 2 Proud 2 Beg,1992,210000,4,0.588,0.906,4,-4.613,1,0.0441,0.686,0.0973,0.425,0.889,128.641,36,Pop
Country Boy,1984,229600,4,0.355,0.707,7,-11.905,1,0.0321,0.057,0.0055,0.0992,0.564,162.408,35,Country
Party Train,1983,347253,4,0.734,0.77,4,-8.521,0,0.0498,0.0635,0.00624,0.214,0.87,127.521,43,Funk
A Very Special Love Song,1974,164733,4,0.402,0.41,7,-8.464,1,0.0258,0.931,0.0658,0.132,0.313,77.957,30,Country
Lovedrive,1979,292000,4,0.299,0.663,2,-8.658,1,0.0349,0.00238,0.159,0.0787,0.347,141.21,31,Metal
Child's Song,1968,249426,4,0.395,0.0717,4,-25.141,1,0.0426,0.89,0.627,0.0892,0.29,157.45,27,Folk
"Get Outta My Dreams,Get Into My Car",1988,284000,4,0.666,0.91,4,-6.457,1,0.0399,0.0874,8.41e-06,0.336,0.919,117.14,58,Pop
Icon,1986,326386,4,0.424,0.347,9,-9.05,1,0.03,0.0748,0.743,0.537,0.224,126.286,28,Punk
Slip Away,1968,235000,4,0.693,0.547,11,-9.02,0,0.041,0.42,0.141,0.102,0.774,77.968,65,Pop
Unbelievable,1991,209000,4,0.636,0.848,1,-6.854,1,0.0362,0.000339,0.0402,0.141,0.934,104.073,64,Pop
Trouble Me,1989,193560,4,0.861,0.385,2,-10.057,1,0.0341,0.154,0.0,0.123,0.494,117.913,47,Alt. Rock
Down in Flames,2014,235000,4,0.339,0.866,9,-4.88,0,0.0339,0.0804,0.331,0.282,0.599,160.137,27,Rock
Ether,1981,231093,4,0.533,0.881,4,-5.929,0,0.183,0.00105,0.00111,0.0645,0.515,164.87,30,Punk
Hole In The World - Instrumental,1983,114000,4,0.481,0.765,2,-10.856,1,0.0455,0.123,0.000927,0.554,0.251,75.386,12,Rock
T.V. Eye,1970,257240,4,0.406,0.95,2,-14.048,1,0.0388,0.000691,0.397,0.469,0.364,132.731,38,Punk
Get Back,2004,270746,4,0.555,0.639,1,-5.16,1,0.263,0.0594,0.0,0.118,0.184,171.609,59,Rap
Hit Me With Your Best Shot,1981,171000,4,0.741,0.58,4,-9.05,1,0.0304,0.117,3.61e-05,0.212,0.944,127.402,71,Pop
Just like Heaven,1987,212000,4,0.43,0.971,9,-3.845,1,0.0524,0.0271,2.16e-05,0.185,0.764,151.219,69,Alt. Rock
Police Oppression,1981,211333,4,0.453,0.86,8,-6.256,1,0.0503,0.0689,1.01e-06,0.228,0.866,93.398,17,Punk
Have I The Right?,1964,227000,4,0.365,0.705,7,-3.738,1,0.0332,0.2,0.000135,0.367,0.397,149.778,44,Pop
Why Me,1973,161000,4,0.691,0.631,2,-6.478,1,0.0368,0.0483,1.13e-05,0.104,0.8,92.004,85,Pop
Blues For J,1963,319106,4,0.507,0.462,5,-11.921,1,0.041,0.7,0.201,0.116,0.447,78.89,17,Jazz
The Hustle,1975,248000,4,0.599,0.927,0,-8.356,1,0.106,0.126,0.207,0.0441,0.791,110.32,52,Pop
Angel Baby,1961,142000,4,0.798,0.664,5,-6.043,0,0.102,0.282,0.294,0.135,0.555,140.038,71,Pop
"Three Loves,Three",2022,209000,4,0.691,0.445,5,-9.824,1,0.042,0.654,0.000834,0.318,0.703,87.543,12,Rock
Break It To Me Gently,1982,164000,3,0.539,0.26,0,-10.414,0,0.0268,0.588,0.0,0.134,0.492,92.032,57,Pop
500 Channels,1996,160000,4,0.471,0.995,11,-1.283,1,0.161,0.138,0.012,0.509,0.721,111.884,44,SKA
Only Happy When It Rains,1995,236533,4,0.511,0.827,1,-4.55,0,0.0323,3.77e-05,0.00103,0.208,0.486,121.459,55,Alt. Rock
Silly,1981,357360,3,0.473,0.241,5,-14.872,1,0.0323,0.89,0.00386,0.141,0.404,115.163,43,Funk
Bits And Pieces,1964,118000,4,0.495,0.838,0,-8.881,1,0.103,0.0281,0.0003,0.0789,0.975,143.865,38,Pop
Take a Picture of This,2015,246000,4,0.644,0.475,1,-9.306,1,0.0223,0.321,9.81e-06,0.0981,0.237,89.201,30,Rock
You Make Me Feel Brand New,1974,288440,4,0.453,0.359,7,-8.567,1,0.0247,0.849,3.02e-05,0.137,0.178,76.015,64,Disco
Blue in Green (feat. John Coltrane & Bill Evans),1959,337733,4,0.421,0.0162,2,-25.358,0,0.0388,0.808,0.0024,0.0978,0.154,110.479,63,Jazz
"April 29,1992 (Miami)",1996,233266,4,0.746,0.665,2,-6.106,1,0.0963,0.00532,0.000804,0.155,0.751,79.022,55,SKA
Bad Time,1975,179000,4,0.698,0.675,7,-10.742,1,0.04,0.709,0.0,0.0782,0.853,148.063,73,Pop
Another Saturday Night,1963,161920,4,0.775,0.653,9,-7.865,1,0.0512,0.423,0.0,0.108,0.969,123.135,49,R&B
Whatcha Gonna Do?,1977,155000,4,0.735,0.709,2,-7.632,1,0.0988,0.349,0.0,0.0944,0.909,127.241,52,Pop
The John Birch Society,1962,227893,4,0.584,0.69,0,-10.244,1,0.532,0.675,0.0,0.682,0.72,128.422,14,Folk
Can't Get By Without You,1976,213559,4,0.485,0.822,1,-5.147,0,0.0779,0.19,0.0,0.129,0.631,191.918,29,Disco
Angel Of Mercy,1972,260600,3,0.443,0.41,3,-14.229,0,0.184,0.592,7.58e-05,0.0559,0.807,190.155,22,Blues
Who Will Save Your Soul,1996,239000,4,0.686,0.468,7,-9.712,1,0.042,0.7,0.00101,0.13,0.753,126.172,57,Pop
Be Like Jesus,2015,199564,4,0.526,0.633,1,-5.917,1,0.349,0.0167,0.0,0.0631,0.432,201.682,24,Gospel
Procreation (Of the Wicked),1985,244733,4,0.266,0.734,11,-7.098,0,0.0291,2.33e-06,0.726,0.108,0.319,185.332,32,Metal
Anarchy in the U.K.,1976,211973,4,0.323,0.978,5,-3.841,1,0.118,0.0422,0.00019,0.201,0.168,134.222,51,Alt. Rock
Step It up and Go,1992,175000,4,0.623,0.484,10,-12.69,1,0.0269,0.411,0.018,0.235,0.892,100.727,14,Rock
Beer For My Horses,2003,204000,4,0.717,0.85,10,-5.329,1,0.0473,0.368,0.0,0.0495,0.805,119.001,70,Country
Stranger with the Melodies,1972,425973,4,0.438,0.363,2,-12.215,1,0.05,0.737,0.0,0.958,0.316,127.308,15,Folk
Symphony Of Destruction,1992,246733,4,0.61,0.889,4,-5.452,0,0.0585,0.000794,0.0865,0.0657,0.506,139.903,66,Metal
My Funny Valentine,1954,180426,4,0.235,0.206,7,-14.105,0,0.034,0.906,1.99e-06,0.111,0.0562,91.705,22,Jazz
The Majesty Of The Blues (The Puheeman Strut),1985,903333,3,0.563,0.283,2,-16.028,0,0.0263,0.723,0.0659,0.167,0.348,94.151,11,Jazz
Indiana Wants Me,1970,215000,4,0.532,0.834,8,-3.87,1,0.0404,0.0614,0.00192,0.314,0.706,88.69,32,Pop
All This Time,1991,168000,3,0.519,0.964,6,-3.442,1,0.0721,8.1e-05,0.0,0.238,0.197,100.484,59,Pop
The Kids Aren't Alright,1998,180160,4,0.523,0.943,1,-4.203,1,0.0337,0.00704,3.81e-05,0.0579,0.766,99.607,82,Alt. Rock
Let Me Love You Tonight,1980,167000,4,0.461,0.454,10,-12.352,1,0.0488,0.404,0.0,0.0657,0.703,104.556,44,Pop
Nothing Sure Looked Good On You,1980,221933,4,0.58,0.291,11,-11.894,1,0.0249,0.781,0.0274,0.175,0.476,87.214,31,Country
The One,1992,244000,4,0.264,0.64,8,-6.221,1,0.0442,0.0393,2.31e-06,0.151,0.19,84.828,91,Pop
Withholding Nothing,2012,279213,4,0.24,0.619,10,-7.305,1,0.0441,0.0733,0.0,0.104,0.219,117.71,49,Gospel
Your Body’s Callin’,1994,267000,4,0.584,0.349,5,-11.008,1,0.027,0.214,0.0,0.224,0.127,108.067,30,Pop
What You Need,1986,206000,4,0.638,0.335,7,-10.522,0,0.0854,0.505,0.0139,0.116,0.0608,133.853,71,Pop
Black Cat,1989,290573,4,0.705,0.913,4,-7.253,0,0.0484,0.103,0.00111,0.216,0.665,114.959,42,R&B
Rockin' Around the Christmas Tree,1958,126000,4,0.598,0.47,8,-8.744,1,0.0496,0.617,0.0,0.505,0.879,67.086,59,Pop
Oh My Love - Single Version,1960,140426,4,0.426,0.24,4,-11.122,1,0.0308,0.698,0.0,0.394,0.393,98.613,13,R&B
Every New Day,1999,613680,4,0.412,0.000525,4,-7.963,1,0.0527,0.399,9.29e-05,0.601,0.983,161.863,23,SKA
Ganja Smuggling,1983,228760,4,0.78,0.427,5,-8.371,0,0.126,0.128,1.75e-05,0.0697,0.526,71.665,61,Reggae
I Love You,2015,190986,4,0.643,0.868,0,-4.03,1,0.15,0.3,0.0,0.119,0.71,114.895,50,EDM
Rain Check,1967,349760,4,0.495,0.599,0,-10.331,0,0.0668,0.597,0.724,0.0765,0.647,128.005,14,Jazz
Time Was,1970,202253,4,0.622,0.493,0,-14.549,1,0.028,0.207,0.452,0.404,0.806,97.605,48,Blues
Knife Talk (with 21 Savage ft. Project Pat),2021,242965,4,0.849,0.424,5,-9.579,0,0.324,0.0635,0.0,0.0834,0.153,145.887,76,Rap
I’ve Got Love On My Mind,1977,234000,3,0.494,0.44,1,-11.18,1,0.0425,0.0133,0.0,0.113,0.124,205.845,0,Pop
"Ride,Ride,Ride",1963,102080,4,0.61,0.681,2,-10.062,1,0.037,0.57,0.0,0.514,0.835,77.213,14,Folk
Never Leave Me Alone,2003,356493,4,0.817,0.504,8,-5.25,1,0.037,0.0405,0.0,0.0707,0.966,100.025,34,Rap
Comin’ In And Out Of Your Life,1982,248000,4,0.338,0.295,1,-14.062,1,0.0388,0.804,1.67e-05,0.073,0.187,140.057,38,Pop
Don't Speak,1996,263560,4,0.52,0.709,5,-7.125,0,0.0352,0.247,1.78e-05,0.18,0.536,76.039,79,Alt. Rock
Times Like These,2003,265560,4,0.376,0.908,4,-3.793,0,0.0879,1.4e-05,1.4e-05,0.241,0.266,144.581,68,Alt. Rock
"Bad,Bad Leroy Brown",1973,179000,4,0.698,0.675,7,-10.742,1,0.04,0.709,0.0,0.0782,0.853,148.063,73,Pop
Peace Train,1971,251000,4,0.613,0.589,0,-10.388,1,0.0458,0.107,3.55e-05,0.114,0.757,82.376,48,Folk
Starlight,2012,250951,4,0.501,0.869,1,-5.113,0,0.0296,0.00349,0.161,0.0578,0.067,140.006,27,EDM
Don't Let the World Pass You By,1982,384040,4,0.228,0.781,0,-14.178,1,0.108,0.00686,0.209,0.13,0.228,159.625,33,Jazz
Holes In The Floor Of Heaven,1998,288373,4,0.66,0.34,1,-10.113,1,0.027,0.54,0.0,0.0804,0.384,108.946,48,Country
Broken Home,2002,222840,4,0.576,0.914,6,-5.034,1,0.0515,0.00177,0.000575,0.0914,0.471,94.521,46,Alt. Rock
Fly Like An Eagle,1997,282000,4,0.561,0.754,9,-12.769,0,0.112,0.61,0.0194,0.328,0.642,100.08,65,Pop
The Heavens Are Telling,1997,352066,3,0.327,0.658,6,-4.55,1,0.0589,0.749,0.0,0.646,0.163,112.697,18,Gospel
Too Busy Thinking About My Baby,1969,176000,4,0.751,0.385,6,-11.716,1,0.035,0.115,0.0,0.069,0.86,117.747,45,Pop
Only for the Weak,2002,294866,4,0.418,0.835,0,-4.824,0,0.0449,2.33e-06,0.766,0.289,0.549,104.986,63,Metal
Why Don't You Get A Job,1998,172466,4,0.766,0.882,5,-4.478,1,0.0719,0.0674,2.3e-06,0.281,0.544,107.932,73,Alt. Rock
Happy Birthday To Me,1982,130226,4,0.547,0.966,2,-7.384,1,0.0916,0.0342,1.93e-05,0.339,0.471,136.719,21,Punk
Let Her Cry,1995,318000,4,0.352,0.698,7,-6.278,1,0.0303,0.0353,0.0,0.113,0.256,142.57,65,Pop
Straight From The Heart,1983,211000,4,0.587,0.237,0,-18.466,1,0.0272,0.0766,0.0,0.139,0.366,84.764,68,Pop
Build Me Up Buttercup,1969,180000,4,0.64,0.664,0,-4.73,1,0.0289,0.196,0.0,0.31,0.879,134.002,79,Pop
The Hellion - Live Insurrection,2009,48106,4,0.151,0.687,9,-2.787,1,0.0464,0.067,0.941,0.849,0.227,87.424,7,Metal
When I See You Smile,1989,257000,4,0.495,0.609,7,-9.902,1,0.0339,0.42,0.0,0.187,0.33,135.671,62,Pop
Thanks A Lot,1963,154333,4,0.636,0.511,0,-14.016,1,0.0389,0.387,0.00035,0.211,0.769,167.37,45,Country
Don't Let Me Down,1983,204533,4,0.691,0.662,4,-10.045,1,0.053,0.404,0.00509,0.465,0.947,157.367,45,Reggae
Raspberry Beret,1985,215173,4,0.761,0.67,2,-12.759,1,0.0438,0.21,0.000426,0.0684,0.91,120.75,64,R&B
Feels Blind,1993,216000,1,0.346,0.861,8,-6.893,1,0.0293,4.4e-05,0.0041,0.085,0.886,108.728,37,Punk
Children Of A Miracle - Don Diablo VIP Mix,2017,193487,4,0.467,0.932,3,-2.828,0,0.176,0.0995,0.000975,0.205,0.176,126.138,16,EDM
Boogie Nights,1976,303640,4,0.629,0.615,11,-10.972,0,0.0433,0.169,7.23e-05,0.132,0.673,118.805,57,Funk
High Fever Blues,1940,170760,4,0.76,0.249,9,-12.235,1,0.0691,0.926,0.29,0.11,0.719,107.039,19,Blues
Put Your Head on My Shoulder,1959,154000,3,0.547,0.335,4,-9.2,0,0.0307,0.747,0.0,0.101,0.474,115.838,67,Pop
Black Dog - Live 1972; Remaster,2003,340000,4,0.244,0.846,2,-9.526,0,0.103,0.00734,0.0567,0.935,0.581,84.426,32,Rock
Beef Rap,2004,279666,4,0.426,0.899,4,-5.673,1,0.313,0.371,2.64e-05,0.715,0.644,91.65,55,Rap
Gin and Juice,1994,211866,4,0.603,0.762,4,-7.744,0,0.285,0.0953,1.53e-05,0.478,0.379,94.726,73,Rap
I Believe,2009,474933,4,0.679,0.927,0,-4.803,0,0.0785,0.466,0.0,0.307,0.798,94.274,33,Gospel
Coffee Blues,1960,222000,4,0.665,0.0807,0,-22.305,0,0.066,0.791,0.0048,0.0807,0.688,143.75,8,Blues
More Than Words,1991,334000,4,0.626,0.134,6,-14.898,1,0.0298,0.467,0.0,0.113,0.239,91.893,75,Pop
"Tighter,Tighter",1970,168000,4,0.407,0.826,8,-10.014,0,0.053,0.0409,0.00014,0.0486,0.794,162.032,41,Pop
Formation,2016,206080,4,0.896,0.621,5,-6.857,0,0.237,0.00532,0.0,0.196,0.818,121.966,68,R&B
Ace of Spades,1980,168320,4,0.322,0.991,6,-4.453,1,0.213,0.00313,0.0035,0.0708,0.198,140.221,72,Metal
Sweet Talkin’ Woman,1978,229000,4,0.609,0.611,0,-9.208,1,0.0298,0.513,0.0,0.093,0.916,121.836,63,Pop
Little Things (feat. Yaya Bey),2022,226574,4,0.654,0.561,1,-10.019,1,0.235,0.635,0.000421,0.106,0.459,85.004,46,Funk
Many Men (Wish Death),2003,256226,5,0.654,0.826,6,-2.93,0,0.354,0.0153,0.00146,0.131,0.417,108.52,73,Rap
No Love,2010,299506,4,0.522,0.932,11,-2.87,1,0.255,0.119,0.0,0.177,0.33,129.473,69,Rap
Just Don't Wanna Know,1994,262866,4,0.627,0.397,6,-8.765,1,0.0292,0.238,2.73e-05,0.103,0.219,119.877,46,Gospel
I Got Your Number,1982,168600,4,0.345,0.934,2,-4.582,1,0.0539,0.0149,0.0,0.101,0.628,167.965,46,Punk
Earth,2018,281500,4,0.694,0.664,2,-4.649,1,0.05,0.639,0.0,0.0929,0.676,95.941,58,Rap
Where The Wild Things Are,1997,414000,4,0.454,0.888,11,-4.844,1,0.0485,0.000375,0.0204,0.109,0.166,92.221,35,Rock
Promised Land,1980,284800,4,0.746,0.386,10,-11.985,1,0.142,0.408,0.0,0.0884,0.744,134.626,38,Reggae
Mohair Sam,1965,131400,4,0.805,0.754,10,-6.763,1,0.0329,0.563,1.34e-05,0.0875,0.961,116.749,37,Country
Movin' In - 2002 Remaster,2011,224000,3,0.512,0.71,4,-5.774,1,0.0463,0.318,3.37e-05,0.0888,0.487,158.68,1,Rock
Feel Like Jumping,1983,213506,4,0.784,0.43,0,-9.284,1,0.0582,0.0566,0.167,0.0689,0.643,81.863,39,Reggae
Ice Cream Castles,1984,451666,4,0.804,0.57,2,-12.482,1,0.0568,0.0075,0.036,0.201,0.621,116.759,26,Funk
Lonely People,1975,150000,4,0.557,0.473,7,-9.294,1,0.0262,0.261,3.95e-05,0.0658,0.56,79.368,61,Pop
Heaven Knows I'm Miserable Now - 2011 Remaster,1984,215760,4,0.609,0.759,6,-4.862,1,0.0276,0.028,0.0,0.183,0.774,114.045,68,Alt. Rock
Good Feeling,1983,236840,4,0.369,0.319,2,-12.088,1,0.0288,0.752,0.000837,0.154,0.476,160.359,45,Alt. Rock
Hello Fascination,2009,202026,4,0.466,0.99,8,-2.349,1,0.0969,0.0136,0.000184,0.456,0.213,139.988,37,EDM
Deep In A Dream,1961,402799,3,0.45,0.0546,5,-18.682,1,0.0396,0.933,0.0535,0.0978,0.131,96.34,42,Jazz
Busted,1982,151160,4,0.871,0.391,2,-10.471,1,0.0432,0.28,4.88e-06,0.0697,0.761,126.071,45,Country
Something,1969,228000,3,0.369,0.192,4,-12.151,0,0.04,0.555,8.35e-06,0.0954,0.148,175.212,87,Pop
Beautiful Day,2000,246400,4,0.539,0.926,2,-6.495,1,0.0499,0.014,0.00136,0.36,0.454,136.279,65,Alt. Rock
Can't Stop Dancing,1978,463693,4,0.811,0.604,1,-14.761,1,0.0383,0.0114,1.3e-05,0.0508,0.884,130.238,6,Disco
Mama Sang A Song,1962,213973,4,0.475,0.158,9,-19.223,1,0.0422,0.743,0.0,0.346,0.415,92.157,15,Country
Shame On The Moon,1982,295000,4,0.615,0.563,9,-7.585,1,0.0254,0.283,0.00118,0.117,0.547,105.772,53,Rock
Evil Ways,1970,238000,4,0.704,0.528,5,-13.382,1,0.0358,0.22,0.35,0.14,0.73,117.472,62,Pop
Ice Ice Baby,1990,254000,4,0.979,0.792,2,-2.784,1,0.0388,0.0025,7.71e-06,0.102,0.583,116.012,70,Pop
Dramamine,1996,342000,3,0.378,0.736,4,-9.438,0,0.0407,0.326,0.105,0.107,0.796,182.672,56,Alt. Rock
Groovy People,1976,198266,4,0.637,0.783,10,-8.76,0,0.0527,0.25,3.8e-06,0.568,0.78,135.303,30,R&B
Superfly,1972,233600,4,0.784,0.708,2,-9.141,1,0.11,0.457,7.5e-05,0.0913,0.748,120.11,56,Funk
Destiny,1995,238266,4,0.82,0.683,4,-7.686,1,0.0613,0.0231,0.0,0.217,0.795,134.916,46,Reggae
The Invisible Man,1989,237000,4,0.704,0.793,0,-6.94,1,0.0423,0.194,0.0166,0.326,0.565,119.989,14,Rock
Run Joe,1949,202493,4,0.866,0.362,10,-13.897,1,0.115,0.862,0.0,0.15,0.957,100.604,18,R&B
Science,2001,162666,4,0.504,0.849,0,-3.606,1,0.0329,0.000497,0.185,0.11,0.513,89.295,57,Metal
I'll Always Call Your Name - Remastered 2022,1975,291000,4,0.499,0.441,0,-10.7,1,0.0294,0.193,4.3e-06,0.208,0.545,128.615,27,Rock
Will You Be There,1993,352000,4,0.66,0.443,1,-10.199,1,0.0373,0.663,0.0182,0.114,0.416,82.984,50,Pop
Bodies,2001,201960,4,0.656,0.932,4,-3.405,0,0.0708,0.00347,0.00147,0.144,0.544,130.936,75,Metal
Tik Tok,2006,186866,4,0.76,0.906,9,-2.977,0,0.132,0.126,0.0,0.348,0.747,130.044,36,EDM
Don’t Wanna Lose You,1989,214000,4,0.555,0.824,1,-6.192,0,0.0347,0.222,2.68e-06,0.111,0.673,129.532,51,Pop
Helen Wheels,1974,227000,4,0.407,0.694,9,-9.928,1,0.0333,0.00756,0.00017,0.356,0.728,145.833,36,Pop
My Way,2016,219159,4,0.818,0.913,4,-3.06,0,0.0426,0.093,3.69e-05,0.161,0.536,119.986,79,EDM
Just My Imagination (Running Away With Me),1971,228160,4,0.425,0.242,0,-15.424,1,0.0267,0.88,0.0118,0.195,0.477,92.472,63,R&B
El Coo Cooi,1998,157306,4,0.428,0.973,0,-5.652,1,0.0435,0.0172,0.7,0.19,0.827,145.045,36,SKA
The First Time Ever I Saw Your Face,1972,260000,4,0.311,0.0264,0,-21.644,1,0.037,0.731,0.00205,0.156,0.139,120.653,59,Pop
She's Strange,1984,431666,4,0.816,0.593,1,-11.751,1,0.0867,0.136,0.0358,0.0631,0.883,109.006,38,R&B
Hot Stuff,1979,314760,4,0.823,0.744,0,-13.98,1,0.0316,0.0055,0.033,0.0707,0.966,120.471,66,R&B
Foolish Little Girl,1963,135000,4,0.802,0.527,7,-12.24,0,0.0414,0.749,6.6e-06,0.265,0.926,109.755,35,Pop
Nights On Broadway,1975,271373,4,0.573,0.641,5,-9.196,1,0.0443,0.235,0.00414,0.859,0.613,88.862,54,Disco
Time Bomb,1995,144585,4,0.635,0.967,9,-4.568,1,0.053,0.259,0.0,0.519,0.942,164.52,64,SKA
D.A.N.C.E,2007,242266,4,0.613,0.962,6,-5.07,0,0.278,0.034,0.0,0.824,0.496,113.015,66,EDM
I Will Remember You,1999,291000,4,0.606,0.353,9,-11.484,1,0.0315,0.763,0.000578,0.0778,0.179,140.057,47,Pop
Bring It On Home,1961,156866,4,0.827,0.396,9,-11.511,1,0.0388,0.616,0.00533,0.126,0.586,110.997,51,Blues
Overnight Celebrity,2004,233360,4,0.828,0.792,10,-5.435,0,0.179,0.182,0.0,0.281,0.777,134.199,67,Rap
On the Turning Away,1987,341000,4,0.448,0.402,7,-12.135,1,0.03,0.365,0.000746,0.076,0.244,100.454,54,Rock
No No Joe,1976,178200,4,0.859,0.44,5,-14.661,1,0.0379,0.0901,0.435,0.0675,0.956,104.714,19,Disco
How Many More Years,2004,243263,4,0.924,0.241,2,-15.698,1,0.043,0.527,0.0223,0.0817,0.842,120.211,1,Blues
"Bitches Brew (feat. Wayne Shorter,Bennie Maupin,John McLaughlin,Chick Corea,Joe Zawinul,Dave Holland & Harvey Brooks)",1970,1619373,4,0.351,0.514,10,-9.092,0,0.0349,0.521,0.277,0.1,0.172,99.133,36,Jazz
He's A Jelly-Roll Baker,1937,200882,1,0.645,0.212,3,-13.38,1,0.052,0.979,2.95e-05,0.0777,0.55,139.974,0,Blues
Honey,1968,135000,4,0.74,0.688,5,-4.361,0,0.0916,0.061,0.0,0.138,0.935,115.035,76,Pop
Wild Wild West,1999,281000,4,0.793,0.395,4,-12.078,0,0.0393,0.416,0.00237,0.0872,0.515,132.889,48,Pop
Los Angelenos,1974,221000,4,0.695,0.842,2,-7.957,0,0.0404,0.44,0.000168,0.0632,0.752,129.837,31,Rock
Jesus,2015,245533,4,0.44,0.74,9,-4.436,1,0.0316,0.00936,0.0,0.334,0.301,76.975,44,Gospel
Longview,1994,233240,4,0.381,0.732,10,-7.594,0,0.0536,0.00834,0.0101,0.0854,0.814,142.504,67,Alt. Rock
Apollo Kids (feat. Raekwon),2000,234173,4,0.578,0.865,11,-5.258,0,0.233,0.0955,0.0,0.0734,0.49,88.641,33,Rap
Everything I Want to Be,1999,229666,4,0.444,0.753,0,-5.897,0,0.0854,0.0327,0.0,0.0817,0.808,95.946,23,SKA
Get Up To Get Down,1976,388600,4,0.79,0.795,2,-6.296,1,0.125,0.438,0.00515,0.186,0.827,107.257,29,Funk
Juice (Know The Ledge),1992,241546,4,0.789,0.904,8,-8.386,1,0.15,0.0377,0.00128,0.0861,0.817,115.719,35,Rap
Cowboys from Hell,1990,243533,4,0.415,0.908,2,-9.701,1,0.0765,0.00437,0.0345,0.082,0.437,114.816,71,Metal
Still The One,1976,234000,4,0.565,0.615,4,-10.793,1,0.0384,0.0487,1.93e-06,0.16,0.591,143.928,62,Pop
"April 29,1992 (Miami)",1996,233266,4,0.746,0.665,2,-6.106,1,0.0963,0.00532,0.000804,0.155,0.751,79.022,56,Alt. Rock
Green Grass,1966,167000,4,0.685,0.738,8,-4.413,1,0.0595,0.0695,0.0,0.128,0.8,112.972,73,Pop
Paid In Full,1989,228666,4,0.878,0.851,7,-8.971,1,0.232,0.00228,0.00125,0.0509,0.404,99.014,51,Rap
Comfort Eagle,2001,220202,4,0.735,0.692,11,-9.671,1,0.0582,0.0932,0.0,0.217,0.894,120.99,53,Alt. Rock
Player’s Anthem,1995,331000,4,0.837,0.669,1,-5.605,1,0.304,0.101,0.0,0.13,0.818,127.411,18,Pop
Tell It To My Heart,1988,220000,4,0.638,0.988,1,-5.042,1,0.0921,0.0302,1.16e-05,0.371,0.723,117.955,67,Pop
I See a Victory,2019,187253,4,0.624,0.757,11,-3.719,0,0.361,0.075,0.0,0.317,0.744,190.124,31,Gospel
In Between Days,1985,178066,4,0.525,0.914,9,-3.377,1,0.0357,0.0412,0.0126,0.212,0.7,142.503,35,Alt. Rock
In My Room (feat. Ty Dolla $ign & Tyga),2015,168641,4,0.745,0.869,6,-4.375,1,0.0444,0.00193,0.0,0.0799,0.814,104.015,49,EDM
Jehovah Jireh - Live,2017,373771,4,0.44,0.696,3,-5.065,0,0.0363,0.0875,0.0,0.379,0.17,92.042,44,Gospel
"Hi Mom,It's Me!",1996,58440,4,0.41,0.937,9,-3.959,1,0.231,0.00091,5.28e-06,0.166,0.278,145.981,15,Punk
Never Gonna Let You Go,1983,255000,4,0.639,0.403,7,-12.401,1,0.0349,0.567,0.0,0.67,0.324,132.56,60,Pop
I'm Going Away,1958,205493,4,0.527,0.171,10,-14.512,1,0.0353,0.976,0.000545,0.114,0.664,106.462,31,Folk
Lonely Teardrops,1958,166213,4,0.524,0.478,7,-8.894,1,0.118,0.406,0.0,0.74,0.843,137.133,47,R&B
That’s The Way (I Like It),1976,183000,4,0.685,0.919,5,-9.046,0,0.0395,0.161,0.125,0.35,0.904,108.685,20,Pop
Samba de uma Nota Só (One Note Samba),1962,207546,4,0.465,0.419,3,-13.566,1,0.0449,0.583,0.000569,0.211,0.608,84.093,0,Jazz
Get Down Tonight,1975,317000,4,0.671,0.776,10,-11.414,1,0.0282,0.137,0.00649,0.394,0.92,112.629,55,Pop
Cold Skin - MitiS Remix,2019,236712,4,0.519,0.874,10,-4.219,1,0.0389,0.144,0.0016,0.0548,0.166,145.944,45,EDM
The Winner Takes It All,1981,294000,4,0.454,0.788,6,-6.748,1,0.0371,0.574,0.000766,0.0859,0.52,126.15,75,Pop
Teutonic Terror,2010,313586,4,0.324,0.976,9,-3.84,1,0.0679,0.000157,0.000379,0.11,0.593,124.236,53,Metal
All Around The World (La La La),2017,147840,4,0.733,0.859,9,-5.03,0,0.033,0.479,0.0645,0.105,0.52,124.948,63,EDM
Turn To Stone,1978,229000,4,0.548,0.72,1,-9.777,0,0.0409,0.0686,0.000232,0.107,0.458,140.966,61,Pop
Takin' Retards to the Zoo,1985,48440,4,0.563,0.578,0,-12.718,1,0.116,0.572,0.0,0.0736,0.752,120.646,25,Punk
Someday My Prince Will Come,1961,296986,3,0.556,0.14,0,-21.104,0,0.038,0.97,0.865,0.138,0.443,93.718,37,Jazz
Missing Words,1980,204466,4,0.606,0.635,3,-11.945,1,0.0476,0.0227,1.38e-06,0.465,0.571,138.614,37,SKA
Hold On,1990,304466,4,0.728,0.464,1,-11.156,1,0.0605,0.0865,0.0,0.343,0.383,96.944,52,R&B
Everyday I Have The Blues,1950,151600,4,0.484,0.197,3,-13.568,1,0.0436,0.939,0.224,0.0794,0.529,78.218,3,Blues
Just Hold On,2016,198774,4,0.647,0.932,11,-3.515,1,0.0824,0.00383,1.5e-06,0.0574,0.374,114.991,55,EDM
Duck And Run,2000,230600,4,0.524,0.919,4,-5.505,0,0.0436,0.0149,7.05e-05,0.131,0.848,87.931,48,Alt. Rock
This Is Your Night,1997,238000,4,0.674,0.908,9,-3.262,0,0.0325,0.0714,0.000104,0.121,0.861,127.985,58,Pop
The State Of Massachusetts,2007,232186,4,0.398,0.967,2,-3.232,0,0.0611,0.000945,5.71e-06,0.18,0.611,111.676,56,Punk
He's the Greatest Dancer - 1995 Remaster,1978,375400,4,0.7,0.816,7,-9.711,0,0.044,0.00115,0.00123,0.0901,0.838,113.244,62,Disco
The Marvelous Toy,1962,166826,4,0.544,0.321,3,-14.9,1,0.0549,0.763,0.0,0.0908,0.733,165.07,10,Folk
Survive,2019,201624,4,0.549,0.85,8,-8.391,1,0.0398,0.0513,9.34e-05,0.291,0.669,150.031,29,EDM
Hit That,2003,169413,4,0.704,0.809,4,-3.045,1,0.0321,0.0233,0.0,0.0596,0.962,131.952,66,Alt. Rock
Gotta Get My Hands on Some (Money),1975,473773,4,0.848,0.697,7,-9.252,0,0.0999,0.243,0.343,0.0894,0.846,119.194,24,Disco
Blue Kentucky Girl,1965,163640,4,0.679,0.402,11,-9.49,1,0.0347,0.785,0.000186,0.105,0.484,113.138,46,Country
Ebony Eyes,1961,212000,4,0.698,0.676,11,-11.717,1,0.0277,0.0101,2.57e-05,0.112,0.961,116.486,48,Pop
That’s The Way Love Is,1969,235000,4,0.573,0.464,4,-18.691,1,0.106,0.547,0.00183,0.972,0.929,120.384,20,Pop
Scared to Be Lonely,2017,220883,4,0.584,0.54,1,-7.786,0,0.0576,0.0895,0.0,0.261,0.195,137.972,79,EDM
I Surrender,1981,241893,4,0.49,0.86,7,-5.284,0,0.0573,0.132,0.0,0.215,0.795,132.673,53,Metal
Glory Days,1985,254000,4,0.574,0.96,9,-4.906,1,0.032,0.0457,0.0,0.121,0.978,117.486,71,Pop
Heaven's Hung in Black,1992,434240,4,0.144,0.864,10,-4.006,0,0.0951,0.0116,0.000266,0.118,0.0657,188.151,39,Metal
Curtain Call,1985,1034666,4,0.288,0.327,2,-10.948,1,0.0482,0.0325,0.692,0.372,0.0376,177.401,19,Punk
Watching The Detectives,1977,226040,4,0.777,0.371,9,-12.208,0,0.0602,0.015,1.57e-05,0.158,0.824,133.598,36,Alt. Rock
Feel Good (with Daya),2018,248156,4,0.625,0.707,2,-4.761,1,0.0337,0.22,0.0,0.213,0.479,138.064,63,EDM
Sherry,1962,152000,4,0.701,0.471,0,-8.072,1,0.0421,0.647,0.0,0.125,0.69,117.564,64,Pop
The Battle Of New Orleans,1959,151506,4,0.704,0.743,9,-12.069,1,0.129,0.805,0.0,0.205,0.92,177.362,52,Country
You've Done Enough,2016,213546,4,0.685,0.791,0,-6.628,1,0.0337,0.016,0.153,0.703,0.539,125.052,49,EDM
Year Of The Cat,1977,400000,4,0.54,0.634,4,-9.165,0,0.0346,0.016,0.0098,0.118,0.546,116.461,55,Pop
Why Can't We Be Friends,1975,230106,4,0.776,0.68,10,-10.088,1,0.0389,0.179,0.0,0.483,0.962,92.481,61,R&B
Unchained Melody,1965,218000,3,0.339,0.208,0,-16.725,1,0.0308,0.396,0.000519,0.18,0.288,98.54,77,Pop
After The Rain,1991,144000,4,0.621,0.257,8,-18.043,1,0.0352,0.983,0.958,0.11,0.0596,119.977,49,Pop
Love Me Tonight,2007,234236,4,0.654,0.627,7,-8.669,1,0.0404,0.268,0.00673,0.219,0.951,164.873,11,SKA
Addicted To Love,1986,363000,4,0.702,0.578,2,-13.415,1,0.031,0.382,5.89e-06,0.0425,0.975,111.617,65,Pop
Come on Eileen,1997,249133,4,0.374,0.894,2,-6.361,1,0.0983,0.0539,0.0,0.593,0.325,115.795,51,SKA
From The Inside,2017,217377,4,0.587,0.753,4,-6.066,1,0.0419,0.279,0.000133,0.238,0.463,122.068,41,EDM
Hear My Voice,1994,337354,3,0.515,0.611,11,-8.078,1,0.0382,0.0288,0.0,0.225,0.425,128.859,30,Gospel
Turn the Beat Around,1976,333826,4,0.708,0.94,7,-4.03,0,0.0593,0.162,5.62e-06,0.305,0.869,131.072,43,Disco
I Wanna Be A Homosexual (2023 Remaster),2023,185493,4,0.265,0.921,4,-6.504,1,0.0515,0.00929,0.00888,0.093,0.768,148.68,23,Punk
When I Get to Heaven,2018,222573,5,0.584,0.317,2,-13.464,1,0.273,0.697,0.0,0.0709,0.653,89.708,42,Folk
"Richie Dagger's Crime - Live at the Starwood,December 3,1980",1981,116173,4,0.226,0.661,6,-17.86,0,0.101,0.0425,0.858,0.363,0.318,138.394,3,Punk
Megalomaniac,2004,294800,4,0.532,0.943,7,-4.549,0,0.0512,0.0056,0.000587,0.317,0.371,140.042,55,Alt. Rock
Waters of Nazareth,2007,265173,4,0.603,0.835,2,-5.097,1,0.0755,5.15e-05,0.94,0.546,0.0362,123.929,45,EDM
The Visitors (Original),1981,408866,4,0.74,0.489,6,-11.265,1,0.0327,4.04e-05,0.822,0.0872,0.636,134.855,28,Disco
Here Comes the Summer,1979,99440,4,0.298,0.804,9,-4.16,1,0.0583,0.0102,0.00603,0.18,0.648,184.338,26,Punk
The Nightmare,1985,323000,4,0.618,0.847,9,-10.213,0,0.0337,0.0165,0.000314,0.292,0.669,122.664,23,Rock
Scotch And Soda,1961,153293,4,0.543,0.0439,0,-19.752,1,0.041,0.8,0.0,0.119,0.34,102.493,32,Folk
Doing It All For My Baby,1987,219000,4,0.378,0.604,0,-12.381,1,0.0322,0.257,0.0,0.238,0.8,91.68,47,Pop
I’ll Never Love This Way Again,1979,178000,4,0.452,0.434,8,-8.87,1,0.0399,0.792,0.0139,0.165,0.247,137.702,5,Pop
It's All Over Now - Live in California - September 1975,1975,346093,4,0.48,0.884,2,-13.697,1,0.0469,0.157,0.0531,0.976,0.462,107.443,14,Blues
(SWEET Sweet Baby) Since You’ve Been Gone,1968,145000,4,0.703,0.635,5,-9.761,0,0.029,0.444,0.00302,0.068,0.951,117.242,21,Pop
Queen Of Hearts,1981,171000,4,0.717,0.712,0,-6.098,1,0.0765,0.00663,0.0,0.0756,0.825,97.019,58,Pop
No More Lonely Nights,1985,312000,4,0.32,0.428,5,-14.262,1,0.0536,0.00349,0.000276,0.519,0.411,172.603,50,Pop
Tired Fe Lick Weed In A Bush,1983,182813,4,0.859,0.356,7,-14.235,1,0.326,0.109,8.19e-05,0.101,0.741,135.945,6,Reggae
Royal Flush (feat. André 3000 & Raekwon),2008,195360,4,0.719,0.671,11,-6.881,1,0.404,0.175,0.0,0.133,0.704,94.983,29,Rap
Brandon,1997,205000,4,0.396,0.369,5,-11.305,1,0.0388,0.85,0.000207,0.223,0.0732,120.093,17,Rock
Informer,1993,268000,4,0.763,0.742,6,-10.975,0,0.188,0.0984,0.0,0.38,0.483,98.145,63,Pop
Bubblin,2016,209093,5,0.568,0.873,1,-5.22,1,0.265,0.0731,0.0,0.367,0.547,106.783,50,Funk
Cocaine Blues,1968,169293,4,0.661,0.571,8,-12.317,1,0.103,0.27,0.0,0.98,0.826,122.396,58,Country
"Green,Green",1963,127346,4,0.628,0.783,5,-10.317,1,0.0385,0.471,0.0,0.0922,0.897,140.475,28,Folk
Don't Explain,1963,366973,4,0.529,0.0638,5,-16.697,1,0.0373,0.954,0.184,0.102,0.151,55.489,32,Jazz
XTC,2019,176571,4,0.493,0.96,7,-6.486,1,0.0812,0.00141,0.253,0.0878,0.069,140.065,56,EDM
I Love the Night,1977,263000,4,0.487,0.488,0,-11.418,1,0.0262,0.00109,0.000671,0.541,0.183,134.62,40,Metal
"Whoopie Ti-Yi-Yo,Get Along Little Dogies",1962,123293,1,0.795,0.2,0,-16.938,1,0.139,0.964,0.0,0.089,0.644,117.636,10,Folk
Doomsday,1997,195527,4,0.344,0.723,8,-9.636,1,0.0909,0.000344,0.0357,0.341,0.808,176.798,28,SKA
Set Me Up,1989,138533,4,0.615,0.834,0,-8.458,1,0.0296,0.0729,0.0083,0.181,0.965,144.415,17,SKA
A Taste of Honey - Live,1962,271000,3,0.492,0.151,5,-18.015,0,0.0421,0.918,0.00353,0.11,0.215,124.925,43,Jazz
"Dark Was the Night,Cold Was the Ground",1927,198560,1,0.394,0.0406,9,-23.179,1,0.044,0.968,0.0453,0.0976,0.2,116.117,43,Blues
Forever Love,1992,239000,4,0.744,0.453,5,-11.977,1,0.0348,0.627,0.421,0.0898,0.122,103.773,69,Pop
Landlords and Tenants,1969,165106,4,0.864,0.596,5,-8.802,1,0.0594,0.178,0.187,0.108,0.962,123.389,10,SKA
Through the Fire,1984,288653,4,0.563,0.593,8,-7.099,1,0.0322,0.192,1.85e-05,0.145,0.428,130.744,62,R&B
Happy House,1980,231706,4,0.543,0.705,7,-8.062,1,0.0465,0.0111,0.188,0.237,0.334,119.252,54,Punk
Do To Me,2013,277080,4,0.69,0.729,2,-6.399,1,0.0621,0.0762,0.000177,0.09,0.674,100.925,29,Funk
That's Where the Happy People Go,1975,474266,4,0.696,0.714,5,-13.815,1,0.0502,0.0492,0.0152,0.299,0.395,123.067,23,Disco
Lost Wandering Blues,1927,170481,4,0.578,0.387,0,-13.218,1,0.34,0.995,0.647,0.205,0.79,102.335,0,Blues
Gone,1999,247106,4,0.29,0.88,1,-5.242,1,0.0477,0.0017,2.85e-05,0.636,0.427,164.252,36,Punk
Love Is The Answer,1975,200831,4,0.58,0.583,3,-9.755,0,0.032,0.302,0.881,0.228,0.842,116.079,16,Disco
Funk In Deep Freeze - Rudy Van Gelder Edition/Digital Remaster/2008,1967,410506,4,0.456,0.394,5,-9.703,0,0.0562,0.625,0.014,0.0801,0.646,172.706,16,Jazz
Love and Happiness,1972,307062,4,0.823,0.457,6,-10.961,1,0.234,0.206,0.000183,0.0763,0.735,99.163,62,R&B
Come Back Baby,1963,229813,4,0.555,0.0445,9,-20.208,1,0.0393,0.887,0.00688,0.109,0.148,108.619,16,Folk
By The Time I Get To Phoenix,1969,1124153,4,0.398,0.261,8,-13.547,1,0.0451,0.215,8.32e-05,0.13,0.069,146.594,30,R&B
Rise and Fall - 2024 Remaster,1988,263000,4,0.286,0.978,11,-6.829,0,0.127,0.00152,0.0,0.0947,0.369,150.465,31,Metal
Mama Told Me (Not To Come) - Single Version,1970,198000,4,0.673,0.673,1,-13.941,1,0.0493,0.373,0.0265,0.206,0.825,119.994,60,Rock
Why Can’t We Live Together,1973,328000,4,0.837,0.322,10,-10.161,1,0.0356,0.81,0.875,0.0966,0.962,104.499,53,Pop
Torn Curtain,1978,416506,4,0.463,0.465,4,-11.655,0,0.0342,0.112,0.0279,0.165,0.306,110.189,32,Punk
Yesterdays - Live,1956,202000,4,0.459,0.317,1,-16.43,0,0.0366,0.993,0.912,0.509,0.568,113.644,16,Jazz
Under My Thumb,1975,206000,4,0.757,0.743,10,-6.845,1,0.0316,0.065,0.0794,0.132,0.641,120.103,14,Rock
Fag,1969,193000,4,0.592,0.823,0,-16.356,1,0.0463,0.0951,0.7,0.107,0.382,89.36,13,Rock
Say It Loud - I'm Black And I'm Proud - Pt. 1,1968,167186,4,0.851,0.66,3,-6.323,1,0.193,0.386,0.00235,0.0449,0.926,115.086,38,R&B
Stuck With You,1986,208000,4,0.82,0.575,7,-9.144,1,0.0408,0.0936,0.000135,0.109,0.964,123.765,80,Pop
Who Am I - Dancehall Remix,1998,211986,4,0.704,0.771,11,-5.883,1,0.297,0.0544,0.0,0.308,0.597,88.867,6,Reggae
Lovin’ You,1975,194000,4,0.572,0.949,4,-4.865,1,0.06,0.00165,0.000195,0.163,0.53,118.974,69,Pop
Baby It’s You,1962,213000,4,0.521,0.884,4,-2.931,0,0.0403,0.00155,1.57e-06,0.209,0.494,92.988,53,Pop
Sentimental Lady,1978,275000,4,0.539,0.396,4,-16.386,1,0.0378,0.777,0.000118,0.146,0.621,75.315,0,Pop
Ooo La La La,1988,317133,4,0.534,0.58,5,-10.488,1,0.0368,0.329,0.0,0.128,0.637,173.417,58,Funk
Bout Noon,2013,224327,4,0.667,0.777,10,-5.261,0,0.243,0.00402,0.0,0.126,0.691,83.899,32,Reggae
Hotel Happiness,1963,162000,4,0.636,0.345,10,-13.836,1,0.0454,0.816,0.0132,0.0642,0.652,105.278,21,Pop
I Am The Man For You Baby,1975,162093,4,0.596,0.704,0,-7.575,1,0.043,0.171,0.0,0.449,0.794,97.121,5,Disco
Bad Luck,1990,264973,4,0.551,0.936,1,-6.654,1,0.049,0.0202,2.04e-06,0.211,0.519,124.748,42,Punk
Don't Lose Your Head,1986,278000,4,0.534,0.918,9,-6.008,0,0.0708,0.00506,0.156,0.258,0.304,119.935,12,Rock
Boys To Men,1984,250400,4,0.619,0.443,1,-14.66,1,0.0374,0.463,2.29e-06,0.133,0.76,82.497,49,R&B
Damage Case,1979,182133,4,0.27,0.922,3,-6.987,0,0.109,0.00488,7.35e-06,0.854,0.515,161.803,47,Metal
The Race Is On,1964,127400,4,0.428,0.701,9,-7.73,1,0.0658,0.247,0.0,0.154,0.918,170.419,58,Country
Careless Whisper,1985,300000,4,0.574,0.628,2,-8.815,0,0.036,0.13,0.0,0.271,0.803,153.119,81,Pop
What’s It Gonna Be?!,1999,161000,4,0.71,0.742,9,-4.699,0,0.0339,0.178,6.41e-05,0.08,0.504,127.969,26,Pop
Wake Up,1992,363853,4,0.411,0.893,7,-3.646,1,0.139,0.00563,0.00967,0.149,0.513,170.407,62,Alt. Rock
Best Thing That Ever Happened to Me,1974,224986,4,0.352,0.545,1,-11.939,0,0.0871,0.309,0.0563,0.106,0.459,189.498,47,R&B
Loving You Is Easy,1976,211895,4,0.9,0.667,8,-7.381,1,0.057,0.377,0.000873,0.264,0.752,144.367,43,Reggae
All My Life,1998,190000,4,0.591,0.92,5,-4.135,0,0.0766,0.000825,0.0,0.121,0.472,92.009,75,Pop
Unconditional Love,2003,348000,4,0.615,0.515,4,-11.019,1,0.0436,0.167,0.0,0.0743,0.678,75.04,42,Reggae
How Long Blues,1994,188000,4,0.687,0.483,4,-7.911,1,0.0293,0.485,0.0,0.204,0.856,94.799,26,Rock
Love Me Warm And Tender,1962,139000,4,0.628,0.611,2,-8.583,1,0.0449,0.495,0.0,0.41,0.796,108.872,30,Pop
3Hunna,2012,208706,4,0.684,0.686,3,-5.002,1,0.0459,0.0459,0.0,0.363,0.265,122.06,52,Rap
I Love This Bar,2003,335333,4,0.608,0.824,2,-6.303,1,0.0419,0.0246,0.00648,0.346,0.451,115.049,66,Country
Om,1968,347000,4,0.279,0.426,9,-13.115,1,0.0489,0.519,0.0126,0.255,0.133,179.694,29,Rock
The Man That Turned My Mama On,1974,174093,4,0.631,0.742,0,-7.243,1,0.108,0.627,0.0,0.0984,0.67,90.408,26,Country
808,1999,141000,4,0.882,0.84,11,-5.205,0,0.204,0.0686,0.0,0.0996,0.545,124.021,51,Pop
Sing a Song,1975,203293,4,0.813,0.622,9,-9.806,1,0.0446,0.149,0.000982,0.0822,0.973,122.72,41,R&B
A Child Is Born,1963,486440,4,0.428,0.161,10,-18.12,1,0.0328,0.979,0.877,0.129,0.146,99.129,11,Jazz
Witch Hunt - Remastered1998/Rudy Van Gelder Edition,1966,491493,4,0.417,0.688,5,-7.234,0,0.0412,0.581,1.75e-05,0.0284,0.407,99.948,38,Jazz
Have You Ever Loved A Woman,1960,185007,3,0.678,0.388,1,-11.033,1,0.0273,0.675,3.39e-05,0.131,0.622,95.705,30,Blues
Love Her Madly,1971,198000,4,0.565,0.587,4,-7.393,0,0.0317,0.0573,0.00493,0.0416,0.966,147.462,69,Pop
i,2017,231933,4,0.755,0.884,10,-5.296,0,0.0638,0.0208,2.97e-06,0.248,0.897,121.927,69,Rap
Lay Down Sally,1978,236000,4,0.69,0.5,4,-16.145,0,0.0909,0.598,0.0288,0.11,0.586,191.539,61,Pop
Americans,1974,313000,4,0.614,0.763,4,-8.949,0,0.133,0.171,0.0,0.119,0.885,84.236,61,Pop
Lalena - Single Version,1968,175106,4,0.341,0.178,11,-15.314,0,0.036,0.914,4.64e-05,0.077,0.38,138.345,21,Folk
Keep Searchin’ (WE’LL Follow The Sun),1965,144000,4,0.467,0.817,2,-6.829,1,0.0592,0.067,0.0,0.356,0.595,149.927,0,Pop
No One,2007,253813,4,0.644,0.549,1,-5.415,0,0.0285,0.0209,8.85e-06,0.134,0.167,90.04,72,R&B
Here 4 U - Alison Wonderland x BLESSUS,2020,165375,4,0.549,0.702,1,-4.809,1,0.309,0.0549,0.467,0.34,0.447,160.048,33,EDM
From The Pinnacle To The Pit,2015,242640,4,0.47,0.929,2,-4.26,1,0.0565,8.44e-05,0.152,0.0745,0.442,89.984,49,Metal
Love Will Keep Us Together,1975,205000,4,0.621,0.788,4,-4.326,1,0.0314,0.354,0.0,0.305,0.926,129.62,62,Pop
Come Back Jonee,1978,229266,4,0.355,0.874,7,-7.734,1,0.217,0.0315,0.161,0.253,0.77,176.79,27,Alt. Rock
Never Say No,1966,180306,3,0.315,0.0723,5,-18.775,1,0.0409,0.867,1.52e-06,0.0755,0.181,179.085,11,Blues
Waiting On The World To Change,2006,162693,4,0.864,0.53,5,-8.924,1,0.185,0.0257,0.0,0.113,0.581,90.056,34,Blues
Bright Moments Song,1973,607066,4,0.44,0.339,7,-14.843,1,0.0783,0.518,0.00389,0.692,0.561,145.163,6,Jazz
Personality Crisis,1973,221506,4,0.429,0.914,7,-9.594,1,0.0505,0.0321,9.26e-05,0.436,0.685,155.588,49,Punk
"Utah on ""I Think Of You""",1983,54413,4,0.715,0.136,8,-24.415,1,0.95,0.658,0.0,0.376,0.571,99.23,0,Folk
Stardust,1954,146773,3,0.445,0.033,1,-21.925,1,0.0665,0.971,0.546,0.157,0.514,181.659,50,Jazz
Come An' Get It,1981,237000,4,0.662,0.771,7,-4.422,1,0.0556,0.00741,4.51e-05,0.0474,0.922,126.417,16,Rock
Piece of Me,1991,166693,4,0.487,0.871,4,-10.67,1,0.0476,0.00721,0.0035,0.508,0.835,142.532,55,Metal
For Evigt,2013,283366,4,0.506,0.893,2,-3.896,1,0.046,0.000309,0.0,0.118,0.415,146.971,50,Metal
Love Is The Ritual,1990,229000,4,0.583,0.913,8,-7.567,1,0.0635,0.0222,1.03e-06,0.365,0.652,103.729,20,Rock
A' Bomb In Wardour Street - 1997 Remaster,1997,156933,4,0.639,0.781,4,-10.676,1,0.0545,0.00901,0.000107,0.151,0.881,154.4,36,Punk
Inner City Blues (Make Me Wanna Holler),1971,327706,4,0.63,0.455,1,-13.667,1,0.0322,0.792,0.132,0.133,0.645,94.08,58,R&B
Where Did Our Love Go,1964,153826,4,0.602,0.783,0,-1.05,1,0.0295,0.505,0.0,0.0655,0.75,135.985,18,R&B
Sha-La-La (Make Me Happy),1974,179840,4,0.747,0.395,0,-13.78,1,0.0321,0.0672,0.0299,0.219,0.85,110.726,46,R&B
Kassie Jones (Casey Jones),1928,178053,4,0.571,0.15,8,-18.083,0,0.0807,0.994,0.521,0.108,0.45,81.006,14,Blues
Roller Rink,1956,150652,4,0.731,0.458,0,-11.929,1,0.0994,0.0887,0.868,0.114,0.444,92.0,43,Jazz
Lady Marmalade,1974,237120,4,0.631,0.563,2,-12.135,0,0.0552,0.398,0.0,0.0733,0.947,117.963,56,Disco
Young Lovers,1963,177000,4,0.577,0.307,9,-11.556,1,0.0428,0.378,0.0,0.18,0.575,125.165,64,Pop
Soldier Blue,1969,201000,4,0.397,0.305,10,-15.718,1,0.0277,0.359,0.0,0.0729,0.396,82.178,27,Folk
Bad To The Bone,1982,292173,1,0.459,0.727,0,-11.777,1,0.0303,0.00614,0.0652,0.384,0.955,149.231,69,Blues
My Love,1966,137000,4,0.504,0.308,9,-14.958,1,0.0321,0.868,0.135,0.158,0.121,113.95,89,Pop
I Miss You,1994,167000,5,0.445,0.455,7,-6.405,1,0.0575,0.731,1.47e-06,0.124,0.151,109.885,81,Pop
Odd Ras,2013,179083,4,0.679,0.776,7,-4.058,1,0.379,0.123,0.0,0.14,0.861,90.297,38,Reggae
Misty,1959,174066,1,0.359,0.109,8,-14.113,0,0.039,0.995,0.00348,0.12,0.234,88.423,50,Jazz
My Journey To The Sky,1951,190772,4,0.548,0.363,8,-6.306,1,0.0337,0.873,0.0,0.0952,0.388,101.285,38,Blues
Get Together,1964,172710,4,0.491,0.202,9,-18.596,1,0.0399,0.832,7.29e-05,0.698,0.453,132.417,0,Folk
Here We Go (LET’S Rock N’ Roll),1991,340000,4,0.433,0.947,6,-5.642,1,0.0687,0.00424,0.654,0.341,0.761,113.808,37,Pop
All Eyez On Me (ft. Big Syke),1996,307773,4,0.872,0.723,1,-5.968,1,0.247,0.0293,0.0,0.327,0.843,93.279,77,Rap
All Eyes on You (feat. Chris Brown & Nicki Minaj),2015,223973,4,0.589,0.658,11,-5.288,0,0.203,0.0242,0.0,0.118,0.251,77.521,67,Rap
Sweet Freedom,1986,252000,4,0.432,0.518,7,-13.403,1,0.0375,0.0965,0.788,0.136,0.339,142.735,50,Pop
My Favorite Mistake,1999,248000,4,0.612,0.769,4,-8.271,0,0.0308,0.005,0.000362,0.329,0.609,104.651,51,Pop
Give Me Your Love - Valentino Kanzyani Mixshow,2005,356893,4,0.696,0.87,10,-7.546,0,0.0374,0.00185,0.864,0.0403,0.64,131.01,1,EDM
6 Foot 7 Foot (feat. Cory Gunz),2011,248586,4,0.379,0.744,2,-5.499,1,0.283,0.000837,0.0,0.311,0.599,80.808,43,Rap
Twist & Crawl,1980,154546,4,0.671,0.567,11,-12.799,0,0.287,0.00827,0.306,0.0938,0.958,170.229,28,SKA
Yellow Bird,1961,339000,4,0.596,0.655,4,-6.701,1,0.0283,0.028,0.571,0.11,0.198,86.49,39,Pop
Take Me Home,1979,174000,4,0.592,0.891,10,-3.144,1,0.0512,0.0267,0.0,0.352,0.674,99.983,71,Pop
Baby Sittin’ Boogie,1961,127000,3,0.549,0.457,6,-11.628,1,0.0711,0.963,1.18e-05,0.209,0.923,139.909,22,Pop
Human,1986,200000,4,0.602,0.707,9,-4.097,1,0.302,0.393,0.0,0.165,0.554,75.087,80,Pop
Leave Me Alone,2019,308651,4,0.722,0.741,1,-3.72,1,0.19,0.249,0.0,0.151,0.46,162.11,61,Rap
Don’t You Know What The Night Can Do?,1988,415000,4,0.597,0.381,0,-17.251,1,0.0355,0.223,0.00108,0.0623,0.556,171.983,30,Pop
Mighty Healthy,2000,201693,4,0.644,0.946,9,-6.674,0,0.406,0.121,1.59e-06,0.307,0.53,88.828,41,Rap
I'm a Ramblin' Man,1974,167000,4,0.724,0.735,7,-8.262,1,0.0286,0.147,0.00131,0.0899,0.839,109.281,66,Country
X Gon' Give It To Ya,2003,217586,4,0.761,0.899,10,-3.09,0,0.183,0.0137,0.0,0.0719,0.673,95.021,72,Rap
The Conversation,1979,232493,4,0.712,0.477,11,-17.702,0,0.0523,0.206,0.000308,0.111,0.901,90.375,54,Country
The Rockford Files Theme,1975,186000,4,0.489,0.562,2,-11.494,1,0.0301,0.0671,0.92,0.191,0.23,111.921,28,Pop
Big Daddy,1997,199000,4,0.802,0.66,8,-5.671,1,0.152,0.0901,0.0,0.115,0.207,114.061,36,Pop
Shotgun Boogie,1955,145080,4,0.765,0.407,5,-9.857,1,0.107,0.915,1.08e-05,0.386,0.927,94.238,0,Country
Facing The Animal,1999,277400,4,0.282,0.912,8,-6.945,1,0.166,0.000601,0.272,0.072,0.526,203.639,23,Metal
Voodoo,2014,214120,4,0.661,0.885,6,-6.575,0,0.0577,0.201,0.748,0.155,0.224,129.019,63,EDM
You Drive Me Ape (You Big Gorilla),1980,114320,4,0.233,0.904,0,-9.455,1,0.0628,0.00515,7.47e-06,0.195,0.582,198.869,28,Punk
Little Red Corvette,1983,303613,4,0.738,0.665,1,-14.28,1,0.102,0.255,0.000142,0.157,0.644,122.546,44,R&B
Get Over You,1978,165720,4,0.311,0.843,1,-7.954,0,0.0778,6.32e-05,1.86e-06,0.297,0.145,173.248,25,Punk
The Night They Drove Old Dixie Down,1969,206066,4,0.564,0.357,1,-12.752,1,0.0326,0.558,0.0,0.233,0.477,129.242,53,Folk
Face the Facts,1986,100866,4,0.42,0.857,0,-12.265,1,0.0337,0.000165,0.00195,0.231,0.393,106.204,20,Punk
Death Don't Have No Mercy,1957,283106,4,0.655,0.185,4,-14.009,0,0.0511,0.872,0.000697,0.0789,0.558,116.652,44,Blues
Blind In Texas,1985,261239,4,0.197,0.857,1,-6.986,1,0.0441,0.0114,0.000482,0.0758,0.699,172.564,43,Metal
It’s Not Unusual,1965,171000,4,0.621,0.752,10,-7.18,0,0.0699,0.155,0.0,0.203,0.71,106.748,31,Pop
Hang Loose,1973,288933,4,0.54,0.797,7,-10.777,0,0.0617,0.434,0.165,0.12,0.935,128.291,18,Funk
The Longest Time,1999,150173,4,0.428,0.941,2,-6.032,1,0.0636,0.00169,0.0,0.961,0.485,109.269,31,Punk
Abigail,1987,290693,4,0.313,0.79,9,-12.718,1,0.0468,0.00285,0.77,0.328,0.587,146.645,42,Metal
I Feel for You,1984,343400,4,0.698,0.912,11,-8.993,1,0.0675,0.0145,0.0225,0.279,0.797,124.917,60,R&B
Mean Man,1989,287764,4,0.297,0.987,0,-5.533,1,0.0495,0.000581,0.892,0.473,0.653,168.139,44,Metal
When The Saints Go Marching In,1938,162160,4,0.54,0.392,7,-10.483,1,0.236,0.921,0.0104,0.102,0.736,203.006,42,Jazz
Escape (THE Piña Colada Song),1980,276000,4,0.835,0.509,0,-13.668,1,0.0548,0.469,4.11e-06,0.0436,0.949,138.711,76,Pop
The Usurper,1985,204933,4,0.15,0.931,6,-7.657,0,0.0751,2.36e-06,0.31,0.431,0.302,164.255,34,Metal
Le Freak,1979,255000,4,0.353,0.898,2,-5.877,1,0.052,2.23e-05,0.105,0.39,0.525,103.299,78,Pop
New Paint,1973,180400,4,0.635,0.194,7,-17.722,1,0.0512,0.809,0.0,0.102,0.582,130.019,26,Folk
How Can I Be Sure,1967,175000,3,0.231,0.455,2,-8.06,1,0.0296,0.841,0.0,0.0823,0.391,166.705,39,Pop
New Day Rising,1985,154866,4,0.0866,0.826,0,-11.294,1,0.0429,0.00235,0.00665,0.0771,0.546,199.456,32,Punk
Magenta Riddim,2018,194490,4,0.602,0.892,10,-3.66,0,0.0672,0.000393,0.816,0.304,0.57,102.047,60,EDM
Someday,2001,183440,4,0.539,0.521,9,-7.46,1,0.0299,0.00425,0.0,0.367,0.679,106.035,72,Alt. Rock
Missing You (feat. AC Slater & Kaleem Taylor),2018,313700,4,0.764,0.894,8,-3.996,1,0.0564,0.00273,0.00899,0.0525,0.679,126.996,35,EDM
Thinking of You - 1995 Remaster,1983,266826,4,0.661,0.846,5,-8.869,1,0.0467,0.129,5.17e-06,0.0355,0.911,101.068,60,Disco
Caleb Meyer,1998,185066,4,0.685,0.547,8,-6.945,1,0.03,0.693,0.0422,0.0572,0.675,93.367,32,Folk
"Jesus,I Love Calling Your Name",1971,224266,4,0.604,0.308,4,-17.279,1,0.111,0.493,0.0,0.0691,0.63,147.606,43,Gospel
Star Love,1978,444120,4,0.723,0.717,3,-10.437,0,0.0362,0.0345,0.0558,0.0737,0.821,137.532,25,Disco
I Heard A Rumour,1987,204000,4,0.666,0.962,11,-4.087,0,0.038,0.0977,6.06e-05,0.196,0.92,123.372,49,Pop
Abracadabra,1982,308000,4,0.791,0.534,9,-13.261,0,0.0355,0.0749,1.99e-06,0.156,0.963,127.488,69,Pop
When I'm Gone,1958,287746,4,0.654,0.132,2,-16.659,1,0.0402,0.956,0.0755,0.184,0.698,81.158,12,Folk
What's the Matter Here?,1987,291173,4,0.593,0.816,9,-7.293,1,0.041,0.00449,3.17e-05,0.0896,0.519,99.978,12,Alt. Rock
Warrior in Woolworths,1978,187826,4,0.412,0.813,3,-4.066,1,0.0471,0.0741,7.79e-06,0.143,0.841,150.346,22,Punk
Method Man,1999,350640,4,0.904,0.429,11,-13.782,0,0.27,0.0268,0.000556,0.332,0.648,101.553,59,Rap
Runes (Dedicated To The Unknown),1974,920160,3,0.164,0.0795,9,-21.602,0,0.0344,0.958,0.841,0.157,0.0626,76.403,14,Jazz
Skies Of America,1972,169400,5,0.19,0.595,2,-12.022,0,0.0415,0.464,0.964,0.21,0.5,87.872,5,Jazz
Heading Home,2014,271146,4,0.582,0.914,11,-4.097,1,0.0573,0.0119,0.000408,0.201,0.268,118.076,47,EDM
Hash Pipe,2001,186533,4,0.578,0.883,7,-6.354,1,0.0439,0.000123,0.459,0.284,0.627,125.603,66,Alt. Rock
Nights In White Satin,1980,175493,4,0.28,0.965,9,-5.92,1,0.0493,0.0468,0.0,0.14,0.538,187.765,26,Punk
Call Me (COME Back Home),1973,184000,4,0.683,0.392,10,-13.213,1,0.0293,0.596,3.43e-06,0.227,0.679,99.79,42,Pop
How Mountain Girls Can Love,1957,124640,4,0.434,0.724,9,-7.282,1,0.0322,0.121,0.000369,0.321,0.805,158.681,32,Country
A Father And A Son,1972,201093,4,0.564,0.133,2,-17.259,1,0.0532,0.85,1.71e-06,0.0657,0.517,83.028,21,Folk
Dance Me to the End of Love,1984,280626,4,0.588,0.38,7,-11.879,0,0.0251,0.269,8.36e-06,0.0741,0.502,132.885,61,Folk
Building Bridges,1997,234000,4,0.697,0.487,5,-7.561,1,0.0269,0.024,0.000143,0.143,0.402,89.987,16,Rock
The Fabled Hare,1996,705640,4,0.335,0.12,7,-17.919,0,0.0356,0.841,0.000449,0.0797,0.101,83.209,7,Folk
Middle,2016,220573,4,0.583,0.695,9,-5.336,1,0.0423,0.0138,0.0,0.0527,0.224,104.879,75,EDM
"Don't Think Twice,It's Alright (Live at Alltel Pavilion at Walnut Creek,Raleigh,Nc,8/10/2003)",1992,519000,3,0.199,0.844,7,-9.722,1,0.0433,0.106,0.0166,0.969,0.716,187.749,27,Rock
Drive (For Daddy Gene),2002,242733,4,0.713,0.579,11,-8.066,1,0.0413,0.338,0.0,0.174,0.511,125.179,66,Country
Still Not A Player,1998,236000,4,0.9,0.62,4,-6.518,0,0.312,0.2,0.00156,0.0647,0.867,94.121,69,Pop
Diamond Ring,1995,224000,4,0.586,0.417,9,-8.966,0,0.0265,0.566,0.0,0.11,0.18,97.737,41,Rock
Sun & Moon,2011,288026,4,0.48,0.406,6,-11.467,0,0.0308,0.766,1.77e-06,0.122,0.196,136.804,36,EDM
Girls Nite Out,1990,253000,4,0.794,0.856,5,-4.78,0,0.0793,0.0683,1.6e-05,0.303,0.881,102.017,2,Pop
It's Serious,1980,489226,4,0.868,0.671,7,-10.284,1,0.0393,0.0514,0.345,0.0366,0.957,122.342,33,R&B
Slave New World,1996,175520,4,0.345,0.973,10,-6.181,1,0.104,6.26e-05,0.00697,0.0297,0.193,97.706,48,Metal
Blue Bayou,1978,239000,4,0.732,0.161,11,-12.817,1,0.0306,0.739,0.000379,0.105,0.5,95.21,62,Pop
Time (CLOCK Of The Heart),1983,224000,4,0.716,0.773,0,-6.329,0,0.0369,0.471,0.0,0.0493,0.916,117.056,57,Pop
"Black,Brown and White",1951,164666,4,0.729,0.078,6,-17.635,1,0.0909,0.867,0.0,0.104,0.762,82.984,16,Blues
How Am I Supposed To Live Without You,1990,255000,4,0.541,0.44,10,-12.206,1,0.031,0.191,0.0,0.114,0.232,140.273,69,Pop
Love Is A Battlefield,1984,245000,4,0.669,0.634,2,-11.903,0,0.0488,0.0137,0.0178,0.0979,0.863,90.626,62,Pop
Let Me Ride,1992,260333,4,0.729,0.929,1,-3.297,1,0.238,0.0759,0.000846,0.303,0.884,92.675,62,Rap
The Air That I Breathe,1974,257000,4,0.279,0.473,4,-8.375,0,0.031,0.244,0.00162,0.158,0.244,167.778,64,Pop
Hollywood Swinging,1974,279000,4,0.623,0.824,6,-8.971,0,0.0479,0.0195,0.13,0.0491,0.574,111.356,56,Pop
Come Down,2016,169726,4,0.841,0.898,8,-7.135,1,0.104,0.271,0.0151,0.304,0.931,98.401,62,Funk
Jambalaya (On The Bayou),1952,174866,4,0.504,0.298,7,-10.719,1,0.0345,0.725,0.0,0.0693,0.884,164.084,57,Country
What I’d Say,1988,241013,4,0.442,0.285,4,-10.88,1,0.0396,0.0452,0.00215,0.574,0.068,122.358,5,Country
I Won't Go Back,2012,367680,4,0.543,0.715,10,-5.088,1,0.0456,0.0144,0.0,0.423,0.153,123.86,48,Gospel
Get Up and Boogie - That's Right,1976,172066,4,0.797,0.552,7,-14.86,1,0.0303,0.117,0.00132,0.0806,0.967,104.988,39,Disco
Fopp - Single Version,1975,234506,4,0.445,0.676,5,-9.41,1,0.164,0.045,0.0,0.0572,0.911,182.507,28,Funk
Great Balls of Fire,1957,111000,4,0.533,0.729,7,-7.227,0,0.0714,0.563,0.0,0.159,0.884,78.67,69,Pop
Liar,1971,191000,4,0.436,0.946,8,-4.755,0,0.103,0.00121,0.0,0.215,0.603,93.544,58,Pop
Rock And Roll Music,1957,151773,4,0.529,0.768,8,-6.201,1,0.0446,0.418,0.000947,0.0655,0.871,165.225,52,R&B
The Most Beautiful Girl In The World,1994,265000,4,0.489,0.693,6,-4.952,1,0.0427,0.0182,5.63e-06,0.304,0.453,185.758,57,Pop
MIDDLE CHILD,2018,213593,4,0.837,0.364,8,-11.713,1,0.276,0.149,0.0,0.271,0.463,123.984,78,Rap
Stranger On The Shore,1962,198000,4,0.265,0.379,10,-11.017,1,0.0312,0.293,0.808,0.207,0.322,72.89,42,Pop
Satisfy,2012,243870,4,0.421,0.953,7,-4.154,0,0.13,0.00259,0.41,0.186,0.0477,123.937,39,EDM
Determined,2005,159253,4,0.4,0.991,8,-2.043,1,0.152,4.29e-05,6.6e-06,0.28,0.45,129.519,55,Metal
Rusty Cage - Remastered 2016,1991,266200,4,0.307,0.917,9,-7.599,1,0.0977,1.65e-05,0.00044,0.0566,0.266,101.879,61,Alt. Rock
She's Lost Control - 2007 Remaster,1980,237013,4,0.485,0.846,11,-7.63,0,0.0528,0.0157,0.0287,0.0766,0.743,144.246,55,Alt. Rock
Family Man,1983,179000,4,0.731,0.648,2,-5.406,1,0.117,0.138,0.0,0.151,0.377,75.01,45,Pop
Spinning Wheel,1969,247000,4,0.695,0.503,7,-9.313,1,0.0605,0.315,2.47e-05,0.261,0.542,96.818,50,Pop
That Girl,1982,134000,4,0.952,0.494,10,-8.869,0,0.0826,0.0757,0.0,0.0545,0.597,102.998,67,Pop
Every Time I Close My Eyes (with Kenny G),1997,296266,4,0.654,0.417,5,-7.699,1,0.025,0.0624,0.0,0.0963,0.279,143.676,61,R&B
Black Funeral,1983,169266,4,0.243,0.86,9,-11.046,1,0.0722,0.000129,0.0379,0.238,0.327,135.901,34,Metal
I Do Worship (feat. John P. Kee) - Live,2001,326493,4,0.506,0.798,6,-6.891,1,0.0623,0.394,0.0,0.603,0.392,85.891,33,Gospel
Maniac,1983,185000,4,0.628,0.639,8,-5.46,1,0.0435,0.00162,0.0,0.354,0.493,108.045,77,Pop
Behold the Lamb,1981,269280,4,0.183,0.402,4,-11.42,1,0.0364,0.761,0.000276,0.377,0.11,139.865,5,Gospel
I Guess It Never Hurts To Hurt Sometimes,1987,240533,4,0.711,0.366,10,-15.387,1,0.0514,0.158,1.04e-05,0.14,0.601,111.813,34,Country
"Can’t Get Enough Of Your Love,Babe",1974,270000,4,0.539,0.793,5,-9.589,1,0.0352,0.0389,3.77e-06,0.33,0.715,111.299,28,Pop
Tonight She Comes,1985,236733,4,0.656,0.837,5,-7.984,1,0.0264,0.053,0.0137,0.104,0.929,141.679,43,Alt. Rock
Our House,1982,201133,4,0.601,0.649,7,-10.57,1,0.0554,0.0285,7.71e-05,0.127,0.708,121.66,58,SKA
Laundromat Blues - Mono Mix,1966,188697,3,0.462,0.324,3,-13.931,1,0.0484,0.212,0.0484,0.127,0.726,201.716,25,Blues
The Killer,2009,326000,4,0.471,0.959,11,-5.468,0,0.0808,0.00308,7.7e-05,0.283,0.515,89.962,8,Rock
Atmosphere,1980,251866,4,0.611,0.435,6,-10.791,1,0.0308,0.214,0.474,0.102,0.436,120.066,30,Alt. Rock
Strange Fruit,1960,168960,4,0.424,0.0354,2,-20.876,0,0.0714,0.905,0.263,0.107,0.164,118.064,0,Folk
Can't Keep A Good Man Down,1978,199000,4,0.567,0.784,0,-11.392,1,0.0302,0.061,0.0911,0.0316,0.962,132.431,7,Rock
Knowledge - 2007 Remaster,2007,102106,4,0.42,0.947,5,-4.269,1,0.119,0.262,6.52e-05,0.416,0.51,92.027,49,SKA
I Bleed,1989,154800,4,0.487,0.518,11,-13.004,0,0.0361,0.000421,0.0251,0.11,0.762,170.856,51,Alt. Rock
Christmas Child,1960,170000,5,0.457,0.0689,5,-15.658,1,0.0338,0.939,3.34e-06,0.126,0.373,105.47,25,Folk
Rastafari Anthem,2008,206733,4,0.758,0.643,7,-6.107,1,0.392,0.0353,0.0,0.134,0.568,76.757,46,Reggae
Right Wing Pigeons,1985,141373,4,0.678,0.691,1,-10.813,1,0.114,0.00558,4.03e-06,0.0978,0.665,127.724,21,Punk
Tin Man - Live,2007,226000,4,0.327,0.891,7,-4.991,1,0.0692,0.604,0.000278,0.897,0.725,81.372,14,Rock
Someday We’ll Be Together,1970,195000,4,0.618,0.363,4,-12.986,1,0.0319,0.0323,0.357,0.104,0.113,117.978,27,Pop
Everyday People,1968,141506,4,0.807,0.497,7,-10.656,1,0.0297,0.307,0.0327,0.043,0.765,114.524,64,R&B
The Secret Garden (Sweet Seduction Suite),1990,401066,4,0.566,0.437,10,-9.705,0,0.0341,0.929,0.000459,0.138,0.341,127.922,49,Jazz
"Money,Power & Respect",1998,270000,4,0.706,0.747,9,-3.901,0,0.286,0.00533,0.0,0.204,0.505,95.547,50,Pop
Fashion Zombies!,1999,196240,4,0.436,0.928,5,-4.521,1,0.0538,0.000685,0.0,0.143,0.773,170.016,38,SKA
Untold Stories,1995,273373,4,0.833,0.502,8,-10.03,1,0.0996,0.607,0.0,0.109,0.877,130.144,33,Reggae
Warning,1983,168853,4,0.321,0.967,9,-4.554,1,0.136,0.00154,0.00483,0.321,0.31,128.013,21,Punk
Sentimental Street,1985,253000,4,0.66,0.579,0,-12.746,1,0.029,0.188,0.0,0.0687,0.583,99.641,40,Pop
"Take the ""a"" Train - Live",1982,269826,4,0.429,0.688,5,-10.325,1,0.0423,0.358,0.00486,0.571,0.455,143.731,1,Blues
Can Can,1981,170693,4,0.734,0.76,11,-7.426,1,0.036,0.458,0.741,0.362,0.913,157.173,31,SKA
Teenage Kicks,1978,148480,4,0.415,0.782,2,-6.745,1,0.0461,0.0011,0.0,0.14,0.563,135.029,44,Punk
Don’t Shed A Tear,1988,295000,4,0.644,0.657,11,-11.167,0,0.0307,0.0609,7.67e-05,0.0498,0.945,109.785,44,Pop
Momentum,2018,169004,4,0.761,0.928,9,-2.895,0,0.0644,0.052,0.000387,0.0365,0.0398,126.071,38,EDM
Till the Sun Comes up Again,1972,132000,4,0.465,0.251,7,-15.24,0,0.0292,0.744,1e-05,0.119,0.454,103.787,37,Rock
Open Your Heart,1987,229000,4,0.656,0.899,5,-5.039,1,0.0569,0.0261,0.0,0.0936,0.864,113.238,56,Pop
Look At Me!,2017,126345,4,0.763,0.726,1,-6.405,1,0.282,0.259,0.0,0.0976,0.349,139.059,80,Rap
"East Coast REMIX (feat. Busta Rhymes,A$AP Rocky,Dave East,French Montana,Rick Ross & Snoop Dogg)",2017,335573,4,0.678,0.871,1,-2.461,0,0.268,0.0799,0.0,0.369,0.329,134.37,46,Rap
To Be With You,1992,208000,4,0.688,0.284,4,-13.577,1,0.0574,0.359,0.0,0.127,0.482,83.433,67,Pop
White Riot - Remastered,1977,116440,4,0.168,0.974,2,-4.862,1,0.0655,0.000598,0.783,0.295,0.609,205.278,52,Alt. Rock
Walk Me Home,2019,216125,3,0.4,0.485,8,-7.145,0,0.0369,0.0789,0.0,0.135,0.211,159.909,52,EDM
Stepping Razor,1976,347053,4,0.865,0.654,7,-8.113,1,0.0731,0.00156,1.53e-06,0.0543,0.706,127.513,45,Reggae
Eazy-Duz-It,1988,259493,4,0.827,0.728,2,-3.912,1,0.307,0.0768,0.0,0.237,0.692,90.872,61,Rap
We Can’t Go Wrong,1990,133000,4,0.619,0.728,2,-8.736,1,0.0721,0.881,0.00132,0.101,0.963,105.852,32,Pop
Journey to the End of the East Bay,1995,192160,4,0.489,0.931,0,-5.581,1,0.0895,0.014,0.000312,0.21,0.519,169.696,43,SKA
"Night Fever - From ""Saturday Night Fever"" Soundtrack",1977,212253,4,0.733,0.795,1,-7.224,0,0.0249,0.0263,0.000952,0.083,0.892,109.121,75,Disco
Gloria,1966,289000,4,0.776,0.743,9,-6.807,1,0.0289,0.107,0.293,0.149,0.84,131.343,68,Pop
Waiting Around to Die,1968,165186,4,0.551,0.233,6,-18.251,0,0.0312,0.71,0.000949,0.11,0.659,89.574,52,Folk
I'm a Hog for You,1956,119693,4,0.618,0.65,5,-6.652,0,0.0402,0.553,0.0,0.0603,0.966,131.426,2,R&B
Over and Over,1970,186466,3,0.448,0.577,7,-6.669,1,0.0307,0.542,4.29e-06,0.245,0.475,125.95,20,R&B
I Feel So Bad,1958,173040,4,0.479,0.42,10,-11.542,1,0.048,0.767,0.0014,0.121,0.902,177.661,14,R&B
Underground - 2023 Remaster,1992,120666,4,0.761,0.296,8,-19.068,1,0.0713,0.116,0.000616,0.0958,0.783,157.043,46,Alt. Rock
Treat Her Right,1965,125000,4,0.599,0.622,0,-7.621,1,0.0571,0.4,0.00273,0.292,0.961,161.929,49,Pop
Empty Arms,1956,162440,4,0.397,0.414,5,-5.898,1,0.0286,0.768,9e-06,0.285,0.35,74.592,5,R&B
Ghetto Life,1981,261000,4,0.758,0.716,0,-8.609,1,0.0875,0.354,0.0,0.126,0.896,116.648,48,Disco
Imagine Me,2007,318840,4,0.632,0.717,0,-8.307,1,0.039,0.138,0.00149,0.0685,0.77,153.942,52,Gospel
A World Without Love,1964,164000,4,0.543,0.836,4,-6.201,1,0.0346,0.156,0.0,0.171,0.792,130.074,39,Pop
I'm the One,1978,224000,4,0.31,0.98,1,-5.691,1,0.197,0.0152,1.19e-06,0.192,0.237,114.041,48,Rock
That Old Feeling,2017,215000,4,0.379,0.213,1,-12.463,1,0.0296,0.931,0.00549,0.132,0.131,138.046,15,Rock
Am I Losing You,1957,139733,4,0.528,0.121,9,-21.213,1,0.0345,0.91,0.00451,0.125,0.38,87.834,40,Country
Lowdown,1976,317000,4,0.691,0.551,11,-12.15,0,0.0503,0.0747,0.104,0.034,0.938,116.519,62,Pop
Bittersweet,2005,266680,4,0.273,0.429,7,-8.693,0,0.03,0.0209,0.000726,0.142,0.0856,111.126,47,Metal
All Falls Down (feat. Juliander),2017,199111,4,0.658,0.678,1,-4.407,1,0.058,0.303,0.0,0.361,0.662,97.976,61,EDM
"Hold On,We're Going Home",2013,227880,4,0.777,0.414,6,-7.44,0,0.0946,0.00421,2.73e-05,0.0724,0.287,100.002,71,Rap
Tipitina - Mono,1953,158902,4,0.476,0.372,5,-14.346,1,0.0321,0.87,0.0102,0.1,0.952,200.241,28,Blues
Stop! In The Name Of Love,1965,173226,4,0.651,0.751,0,-1.107,1,0.0303,0.638,0.0,0.127,0.534,114.924,19,R&B
For God So Loved The World,1962,362093,4,0.291,0.412,1,-16.074,1,0.0503,0.62,2.38e-06,0.338,0.32,127.575,3,Gospel
2 Become 1,1997,241000,4,0.645,0.665,6,-7.878,1,0.0268,0.325,1.82e-05,0.238,0.704,143.969,65,Pop
Angel,1999,235000,4,0.74,0.766,6,-2.939,1,0.178,0.116,0.0,0.0406,0.807,170.531,75,Pop
All The Small Things,1999,167066,4,0.434,0.897,0,-4.918,1,0.0488,0.0103,0.0,0.612,0.685,148.708,83,Alt. Rock
Corrine Corrina,1951,173760,4,0.498,0.79,10,-3.727,1,0.0302,0.718,0.0,0.0963,0.956,79.226,29,R&B
Billie Jean,1983,293826,4,0.92,0.654,11,-3.051,0,0.0401,0.0236,0.0153,0.036,0.847,117.046,78,R&B
Jet,1974,345000,4,0.791,0.557,7,-9.622,0,0.0698,0.54,0.0,0.103,0.284,119.973,68,Pop
You Say,2018,274693,4,0.494,0.632,5,-6.89,1,0.0342,0.682,0.0,0.0869,0.0797,147.873,72,Gospel
Rango II,2014,251366,4,0.761,0.252,0,-11.609,1,0.0452,0.709,0.926,0.199,0.459,76.346,36,Funk
There’s A Kind Of Hush,1967,156000,4,0.567,0.654,0,-9.411,1,0.0424,0.208,1.25e-06,0.414,0.556,128.035,29,Pop
Dance This Mess Around,1979,276560,4,0.608,0.712,3,-7.957,1,0.0821,0.0168,0.000369,0.129,0.542,161.072,44,Alt. Rock
Thank You (FALETTINME Be Mice Elf Agin),1970,291000,4,0.9,0.709,9,-12.683,1,0.0636,0.296,0.00047,0.0863,0.897,105.822,55,Pop
Footprints - Remastered,1966,449773,3,0.53,0.454,7,-11.19,0,0.028,0.768,0.116,0.113,0.492,135.947,48,Jazz
Hallowed Be Thy Name,1982,447760,4,0.319,0.964,11,-4.132,0,0.103,0.000415,0.126,0.215,0.146,105.603,42,Metal
Teddy's Jam,1990,215240,4,0.79,0.762,6,-13.129,0,0.0631,0.0343,0.247,0.0451,0.619,104.584,39,R&B
"Soul Intro / The Chicken - Live at Mr. Pip's,feat. Lauderdale,FL,12/1/81",1981,481333,4,0.62,0.769,5,-10.388,0,0.0767,0.0853,0.112,0.952,0.655,106.744,27,Jazz
I Am A Revenant,2003,209653,4,0.265,0.986,7,-3.946,1,0.192,0.00697,0.0,0.311,0.431,154.303,39,Punk
The Great Pumpkin Waltz,1966,156282,4,0.274,0.263,0,-17.244,0,0.049,0.95,0.956,0.147,0.52,214.655,44,Jazz
Look at Little Sister - 1984 Version,1984,166000,4,0.486,0.708,10,-10.499,0,0.038,0.00013,0.204,0.339,0.819,127.143,17,Rock
I Don't Care,1953,149026,4,0.559,0.257,7,-6.335,1,0.0296,0.795,0.0,0.229,0.829,154.335,24,Country
Welcome,2001,193760,4,0.671,0.488,7,-8.119,1,0.0323,0.187,0.0,0.118,0.652,124.032,36,Gospel
"21st Century Schizoid Man - Including ""Mirrors""",1969,442580,4,0.342,0.701,7,-9.916,0,0.0626,0.000409,0.588,0.197,0.558,139.563,55,Alt. Rock
Hey Jealousy,1992,236626,4,0.471,0.797,6,-8.407,0,0.0389,0.000179,6.49e-06,0.299,0.497,152.903,63,Alt. Rock
It's so Hard,1981,311000,4,0.773,0.59,9,-13.181,1,0.0312,0.193,0.00283,0.0677,0.826,100.683,22,Rock
God of the Sun,1977,196000,4,0.639,0.272,6,-16.412,1,0.0355,0.691,0.0,0.0635,0.795,107.111,13,Rock
Right On Track,1987,256000,4,0.763,0.824,1,-10.054,0,0.033,0.0613,4.45e-05,0.0226,0.947,116.975,44,Pop
I'm So Tired,1990,118933,4,0.328,0.13,6,-15.094,1,0.0307,0.892,0.0129,0.122,0.169,78.454,66,Punk
How Your Love Makes Me Feel,1997,245400,4,0.612,0.787,0,-8.119,1,0.0313,0.349,0.0,0.065,0.577,140.907,47,Country
The Pelican,1970,421960,4,0.368,0.268,2,-14.097,1,0.0345,0.926,0.858,0.104,0.335,132.677,23,Folk
You Belong To Me,1978,231000,4,0.632,0.773,6,-4.856,1,0.0346,0.0623,0.0,0.0885,0.474,130.033,81,Pop
Basin Street Blues,1929,195160,4,0.579,0.164,10,-12.434,1,0.051,0.811,2.95e-05,0.862,0.366,109.72,21,Jazz
Terrible Certainty,1987,267000,4,0.335,0.965,7,-6.834,1,0.0961,9.75e-05,0.176,0.179,0.18,113.407,23,Metal
Slippin' Away,1973,149800,4,0.737,0.483,5,-8.389,1,0.0281,0.811,2.17e-06,0.196,0.802,113.365,38,Country
Sunshine Superman,1966,195000,4,0.629,0.677,1,-7.239,1,0.0299,0.122,9.72e-06,0.0962,0.627,132.783,54,Folk
Soon as I Get Home,1993,309640,4,0.718,0.438,6,-8.642,1,0.0332,0.134,0.0,0.0687,0.537,119.994,40,R&B
Time In A Bottle,1974,148000,3,0.533,0.157,2,-16.838,1,0.0374,0.888,0.0,0.108,0.587,134.019,76,Pop
Hella Good,2002,242586,4,0.772,0.665,8,-3.947,1,0.0349,0.0136,0.012,0.0905,0.838,115.138,63,SKA
Matchbox Blues,1927,181416,4,0.48,0.366,10,-10.366,1,0.0362,0.965,0.00834,0.112,0.563,162.661,6,Blues
Tyrone - Live,1997,221866,3,0.464,0.598,1,-10.051,0,0.112,0.0241,2.6e-05,0.977,0.353,130.373,50,R&B
Californication,1999,329733,4,0.592,0.767,9,-2.788,0,0.027,0.0021,0.00165,0.127,0.328,96.483,84,Alt. Rock
Together Again,1964,148400,4,0.427,0.178,1,-13.285,1,0.0292,0.554,0.0375,0.0445,0.537,76.841,42,Country
Skin I'm In,1980,385800,4,0.729,0.592,4,-12.584,0,0.0714,0.0798,0.00301,0.215,0.721,101.738,15,R&B
Affair Of The Heart,1983,239000,5,0.538,0.665,2,-7.45,0,0.306,0.311,0.0,0.155,0.678,112.61,46,Pop
Looking Up,2016,246000,4,0.464,0.875,2,-4.896,1,0.0316,0.0299,0.333,0.122,0.932,151.827,34,Rock
Small Town,1986,205000,4,0.555,0.744,9,-6.016,1,0.0287,0.0251,0.0,0.359,0.673,73.012,66,Pop
You And I,1978,486026,4,0.782,0.874,8,-6.651,0,0.0759,0.297,0.00327,0.572,0.826,119.378,41,Funk
Have You Seen Her,1990,309000,4,0.62,0.334,4,-15.598,1,0.0536,0.479,1.2e-06,0.169,0.298,139.375,47,Pop
Monkey Suit,1980,207906,4,0.27,0.927,11,-4.087,0,0.144,0.000478,2.29e-06,0.11,0.286,129.162,11,Punk
Down in the Valley,1962,144173,4,0.784,0.254,1,-21.408,1,0.0404,0.821,4.88e-06,0.273,0.959,107.953,36,R&B
The Love We Had (Stays On My Mind),1971,290480,4,0.308,0.369,7,-12.279,1,0.0315,0.42,1.21e-06,0.143,0.269,141.794,33,R&B
All Your Love (I Miss Loving) - Live,1967,259706,4,0.458,0.766,9,-8.316,0,0.0431,0.0373,0.0136,0.679,0.724,111.367,4,Blues
In the Name of Love,2016,195706,4,0.501,0.519,4,-5.88,0,0.0409,0.109,0.0,0.454,0.168,133.99,78,EDM
Bodhisattva,1973,316000,4,0.543,0.812,0,-10.881,1,0.0467,0.309,0.129,0.0565,0.842,110.972,47,Rock
I’ll Take You There,1972,227000,4,0.775,0.587,11,-12.71,1,0.0397,0.053,0.0102,0.0879,0.888,101.555,16,Pop
Duke Of Earl,1962,147000,4,0.422,0.28,5,-11.277,1,0.0365,0.824,0.0,0.297,0.496,100.839,54,Pop
Scene Seven: I. The Dance of Eternity,1999,373693,4,0.338,0.922,2,-6.783,1,0.0709,0.0107,0.877,0.515,0.526,122.311,49,Metal
It Ain’t Me (with Selena Gomez),2017,220780,4,0.64,0.533,0,-6.596,1,0.0706,0.119,0.0,0.0864,0.515,99.968,66,EDM
Knock It Off,2016,254000,4,0.427,0.913,8,-4.835,1,0.0457,0.003,0.000115,0.147,0.663,141.944,4,Rock
There's No Tomorrow,2010,225000,3,0.428,0.441,5,-9.614,0,0.0286,0.738,0.341,0.124,0.25,90.578,14,Rock
Got The Time,1990,164333,4,0.371,0.973,10,-5.303,0,0.135,0.000641,0.00163,0.0423,0.444,127.721,58,Metal
Can't Find My Way Home,1969,196133,4,0.519,0.337,2,-15.215,1,0.0333,0.887,0.0113,0.13,0.523,87.926,58,Blues
The Night Watch,1973,281611,4,0.264,0.305,11,-15.952,0,0.0413,0.0407,0.0164,0.19,0.125,118.221,30,Alt. Rock
I Like It Like That,1961,188000,4,0.742,0.784,1,-5.458,1,0.0552,0.0308,0.0,0.354,0.65,101.002,57,Pop
Walking On Broken Glass,1993,253000,4,0.749,0.562,0,-8.45,1,0.0281,0.215,1.1e-06,0.105,0.807,115.008,64,Pop
I Guess That’s Why They Call It The Blues,1984,270000,4,0.268,0.724,6,-4.772,1,0.122,0.631,5.68e-06,0.112,0.369,85.128,47,Pop
Rockin' Robin,1958,160000,4,0.541,0.608,7,-13.083,1,0.106,0.298,0.0,0.234,0.938,171.992,57,Pop
The Glamorous Life,1984,543000,4,0.759,0.675,3,-14.366,0,0.0422,0.0261,0.0341,0.431,0.866,127.522,49,Pop
Back And Forth,1985,392266,4,0.908,0.424,6,-13.362,0,0.0485,0.0495,0.00636,0.0467,0.941,112.142,38,R&B
Kiss On My List,1981,264000,4,0.815,0.741,0,-9.478,1,0.031,0.434,0.115,0.0689,0.965,121.221,63,Pop
Semi-Charmed Life,1997,268360,4,0.64,0.864,7,-6.576,1,0.0314,0.00832,0.0,0.123,0.701,102.026,76,Alt. Rock
Walking In The Rain,1981,258786,4,0.849,0.755,4,-8.939,0,0.034,0.0202,0.782,0.0815,0.952,131.719,40,Disco
Equal Rights,1976,357333,4,0.665,0.736,7,-5.713,1,0.258,0.0172,0.0,0.212,0.962,76.373,41,Reggae
How Do I Make You,1980,214000,4,0.805,0.498,7,-7.927,0,0.0737,0.0203,2.37e-05,0.085,0.636,121.006,64,Pop
"Wishful Thinking (feat. Fat Joe,Kool G Rap & B-Real) - Instrumental",1998,265320,4,0.665,0.362,6,-11.82,0,0.0436,0.00233,0.797,0.129,0.133,86.407,38,Rap
The Jam,1975,492013,4,0.701,0.83,11,-10.517,0,0.0667,0.125,0.329,0.114,0.648,107.772,36,Funk
Freedom Day - Remastered,1960,365255,4,0.4,0.303,0,-15.807,0,0.0498,0.686,7.13e-05,0.0825,0.623,89.063,15,Jazz
Touch It,2006,214960,5,0.658,0.551,1,-6.62,1,0.37,0.0043,0.000108,0.197,0.442,138.335,55,Rap
Itsy Bitsy Teenie Weenie Yellow Polka Dot Bikini,1960,143000,4,0.814,0.427,2,-11.543,1,0.0918,0.558,0.0,0.0248,0.964,123.109,55,Pop
Oklahoma Hills - Remastered,1968,207160,4,0.625,0.573,7,-8.624,1,0.0402,0.645,0.0,0.0799,0.75,143.94,23,Folk
"Sleep Baby,Sleep",1929,180573,4,0.432,0.264,8,-10.892,1,0.0279,0.976,0.0,0.15,0.442,116.822,8,Country
Pork And Beans,2008,189400,4,0.599,0.624,6,-6.622,1,0.0339,0.0109,8.06e-06,0.158,0.706,119.838,58,Alt. Rock
Sir Duke,1977,232760,4,0.588,0.568,6,-9.766,1,0.0672,0.16,0.0,0.0792,0.952,106.938,70,R&B
Catch the Wind,1965,173813,3,0.385,0.306,3,-12.167,1,0.0297,0.452,7.43e-06,0.128,0.546,173.377,56,Folk
Folsom Prison Blues,1955,162653,4,0.621,0.524,0,-15.269,1,0.0803,0.0652,0.00199,0.893,0.889,110.586,68,Country
Midnight Madness,1979,343000,4,0.789,0.932,11,-3.384,0,0.0493,0.00402,0.00476,0.0719,0.886,127.675,8,Disco
Last Train To Clarksville,1966,164000,4,0.239,0.618,0,-8.464,1,0.033,0.0305,0.0,0.721,0.683,197.499,51,Pop
Emotional Rescue,1980,339000,4,0.678,0.621,5,-5.478,1,0.0623,0.111,0.0973,0.0394,0.776,113.389,53,Pop
Alone,1987,218000,4,0.418,0.452,1,-13.099,1,0.0355,0.638,0.000252,0.0959,0.168,175.124,73,Pop
Deadbeat Club,1989,296000,4,0.711,0.813,1,-6.068,1,0.0355,0.0215,0.000126,0.272,0.933,126.988,40,Alt. Rock
Till the End,1985,166000,4,0.547,0.265,9,-16.803,1,0.0249,0.411,1.35e-06,0.109,0.385,93.106,36,Country
She's On Fire,1985,225000,4,0.355,0.547,7,-10.439,1,0.0284,0.1,0.0,0.32,0.3,87.251,20,Rock
Save Your Heart For Me,1965,119000,4,0.622,0.223,2,-12.4,1,0.0277,0.629,0.0,0.0718,0.617,106.873,33,Pop
Truck Yeah,2012,208400,4,0.608,0.931,7,-3.278,1,0.0336,0.114,0.0,0.067,0.768,97.973,44,Country
Wishing For A Hero (feat. BJ The Chicago Kid),2020,184444,1,0.562,0.589,7,-7.509,1,0.265,0.0679,0.0,0.0684,0.188,88.903,55,Rap
Mission Bell,1960,219000,4,0.66,0.871,1,-4.511,0,0.0322,0.0824,5.8e-06,0.344,0.755,89.997,22,Pop
This Is The New S**t,2003,259666,4,0.566,0.869,2,-6.084,1,0.1,0.000916,0.00346,0.114,0.647,178.113,59,Metal
Baby Baby,1956,126773,4,0.733,0.411,1,-10.515,1,0.144,0.34,0.0,0.389,0.862,96.704,17,R&B
Freeze (feat. Chris Brown),2009,216933,4,0.733,0.627,0,-6.808,1,0.0708,0.0152,0.0,0.214,0.452,119.996,47,Rap
Rough Diamond,1980,380053,4,0.74,0.662,11,-14.233,0,0.0505,0.0324,0.092,0.0603,0.93,128.001,22,Disco
Puttin’ On The Ritz,1983,281000,4,0.798,0.292,0,-17.112,1,0.0777,0.152,0.00101,0.185,0.812,98.653,59,Pop
Diggin’ On You,1996,254000,4,0.719,0.631,6,-7.411,1,0.0451,0.0235,0.702,0.0686,0.456,80.127,54,Pop
Dazz - Dazz Disco Mix,1976,336506,4,0.763,0.898,2,-6.26,1,0.0468,0.113,0.00417,0.0212,0.928,109.004,38,Funk
"Woman,Woman",1968,172000,4,0.824,0.764,5,-4.175,0,0.0854,0.0888,0.00294,0.117,0.881,107.998,84,Pop
Out Of Step,1981,80786,4,0.398,0.951,0,-7.294,1,0.379,0.0173,0.00157,0.823,0.693,170.449,44,Punk
I Do (CHERISH You),1999,228000,4,0.572,0.433,8,-9.392,1,0.0373,0.655,0.0,0.213,0.343,80.999,62,Pop
Skaternity,2000,161373,4,0.689,0.865,0,-6.89,1,0.0299,0.142,0.00045,0.034,0.98,146.413,14,SKA
Ninety-Nine and One-Half (Won't Do),1966,157880,4,0.869,0.515,9,-10.261,1,0.043,0.456,0.000745,0.0746,0.953,102.702,41,R&B
Who Killed the Chicken,1978,286653,4,0.685,0.649,9,-11.411,1,0.0771,0.0769,2.11e-06,0.115,0.714,129.249,3,SKA
Listen To Your Heart,1989,328000,4,0.539,0.583,1,-4.935,0,0.0275,0.108,0.0,0.111,0.337,86.063,57,Pop
Ballad of Easy Rider,1969,124266,4,0.411,0.635,2,-11.645,1,0.0667,0.66,0.0519,0.273,0.755,97.123,41,Folk
They Only Come Out at Night,1981,307853,4,0.744,0.549,10,-13.134,0,0.0348,0.00618,0.0983,0.0438,0.953,121.04,16,Disco
Great Day,2004,136920,4,0.428,0.69,11,-8.205,0,0.119,0.686,0.000127,0.498,0.688,86.163,53,Rap
Police Story,1982,92626,4,0.285,0.914,5,-13.901,1,0.109,0.106,0.353,0.961,0.144,110.078,34,Punk
The Sidewinder - Remastered 1999/Rudy Van Gelder Edition,1964,625293,4,0.473,0.67,8,-7.756,1,0.0353,0.446,3.15e-06,0.0957,0.808,152.484,46,Jazz
Sistren,1981,274520,4,0.791,0.677,7,-7.279,0,0.0883,0.135,0.0119,0.0498,0.671,139.757,18,Reggae
About A Girl,1989,168428,4,0.413,0.875,6,-7.48,0,0.031,5.13e-06,0.00058,0.209,0.575,131.951,80,Alt. Rock
Theme From “A Summer Place”,1960,142000,3,0.326,0.326,0,-15.144,1,0.0297,0.591,0.918,0.494,0.87,186.232,61,Pop
You Can't Roller Skate In A Buffalo Herd,1965,114053,4,0.554,0.442,7,-10.324,1,0.172,0.935,0.0,0.0842,0.905,174.148,18,Country
Coral Fang,2003,129600,4,0.308,0.972,9,-3.372,1,0.0556,0.000901,0.0,0.386,0.445,189.911,48,Punk
Working in the Coal Mine,1981,169171,4,0.794,0.672,5,-7.575,1,0.119,0.562,0.00265,0.0879,0.78,158.937,30,Alt. Rock
Two To Make It Right,1990,282000,4,0.772,0.598,7,-10.857,0,0.0429,0.204,0.00345,0.513,0.717,114.419,41,Pop
Heaven Sent,1986,292760,4,0.371,0.792,11,-7.895,1,0.0485,0.0267,3.03e-06,0.316,0.51,186.062,36,Metal
Move on Up - Single Edit,1970,165789,4,0.538,0.969,11,-5.626,0,0.0906,0.417,0.00154,0.119,0.928,138.652,63,Funk
No Feelings,1977,171173,4,0.286,0.961,5,-5.743,1,0.18,0.0315,3.91e-06,0.3,0.592,164.291,36,Alt. Rock
Betcha by Golly Wow (Live),1977,253004,4,0.43,0.56,3,-9.62,1,0.0268,0.362,0.000107,0.495,0.391,72.238,51,Disco
Israelites,1969,157693,4,0.709,0.5,10,-8.59,1,0.0488,0.812,1.88e-06,0.0915,0.973,73.359,38,SKA
Medicine (Tritonia 487) [Tritonal Throwback],2021,298581,4,0.502,0.893,7,-4.577,1,0.0559,0.522,0.0105,0.338,0.518,147.952,34,EDM
Candy Shop,2005,209106,5,0.613,0.574,11,-7.961,1,0.467,0.0253,3.13e-05,0.38,0.755,125.18,80,Rap
Hard Times,1986,96026,4,0.224,0.996,9,-4.578,1,0.131,0.00326,0.896,0.0305,0.207,214.396,40,Punk
Keep On Walkin’,1992,270000,4,0.766,0.712,6,-12.111,1,0.0427,0.00291,0.0201,0.226,0.655,104.974,40,Pop
Flashing Lights,2008,237506,4,0.639,0.628,6,-7.578,0,0.0398,0.0381,0.0,0.386,0.43,90.482,83,Rap
Blessings (feat. Etana),2018,216226,4,0.649,0.583,4,-5.953,0,0.304,0.0666,0.0,0.122,0.645,150.021,46,Reggae
A Dear John Letter,1953,157000,4,0.647,0.236,0,-14.245,1,0.0308,0.556,2.61e-05,0.0764,0.639,117.289,36,Country
Peggy Sue,1957,84000,4,0.77,0.365,9,-10.473,1,0.0499,0.661,0.0,0.113,0.867,127.41,42,Pop
Higher for Your Love,2018,171034,4,0.484,0.872,1,-5.063,1,0.0564,0.00358,0.29,0.177,0.104,174.083,46,EDM
True Love's A Blessing,1965,132733,4,0.713,0.614,9,-10.049,0,0.0347,0.742,0.0,0.378,0.906,112.639,30,Country
Let's Get Together,1966,214000,4,0.526,0.445,0,-11.241,1,0.0363,0.157,0.0066,0.325,0.393,118.718,20,Rock
Little Things (with Quinn XCII & Chelsea Cutler),2018,197453,4,0.553,0.636,6,-4.38,1,0.152,0.189,0.0,0.0779,0.53,81.969,50,EDM
"Shake Me,Wake Me (When It's Over)",1966,161013,4,0.538,0.614,6,-7.22,0,0.0452,0.183,0.0,0.0962,0.711,130.277,33,R&B
It Must Be Love,1979,151466,4,0.919,0.542,5,-12.307,1,0.0489,0.322,3.85e-05,0.0671,0.966,110.723,59,Country
Song of the South,1988,190800,4,0.486,0.633,9,-8.414,1,0.0365,0.176,0.0,0.312,0.669,162.158,71,Country
Somebody Told Me,1979,311933,4,0.613,0.645,4,-8.978,1,0.0393,0.394,0.000321,0.34,0.669,92.006,28,Disco
Kristen and Jim - 2000 Remaster,1992,220000,3,0.305,0.0129,9,-23.13,0,0.0339,0.989,0.955,0.109,0.0703,102.616,22,Rock
Na Na Hey Hey Kiss Him Goodbye,1970,247000,4,0.637,0.916,7,-6.95,1,0.0458,0.0139,2.28e-05,0.21,0.506,114.987,42,Pop
Smoke On The Water No. 2,1949,163500,4,0.848,0.46,4,-9.449,1,0.047,0.503,0.0,0.0571,0.964,118.138,7,Country
New Mule Skinner Blues,1940,149200,4,0.55,0.408,8,-12.004,1,0.0317,0.419,0.00788,0.15,0.683,108.382,28,Country
The Beat Goes On,1967,133000,4,0.821,0.781,0,-4.465,1,0.0397,0.00563,0.0191,0.0403,0.434,137.017,60,Pop
Set Me Free,2018,196009,4,0.61,0.956,5,-3.041,0,0.0752,0.0145,3.33e-05,0.133,0.785,150.0,30,EDM
Three For the Festival,1969,190133,4,0.582,0.384,7,-17.378,1,0.153,0.433,0.0296,0.16,0.681,117.003,12,Jazz
This D.J.,1994,203026,4,0.804,0.443,6,-10.268,0,0.134,0.0312,0.0225,0.112,0.58,92.035,65,Rap
Last Nite,2001,193373,4,0.624,0.899,0,-5.709,1,0.0296,0.0221,0.000137,0.0975,0.79,104.061,68,Alt. Rock
Stop Being Greedy,1998,216906,4,0.677,0.703,10,-5.986,0,0.215,0.00975,0.0,0.154,0.137,101.576,51,Rap
I Only Want To Be With You,1976,158000,4,0.602,0.684,7,-8.021,1,0.029,0.103,0.0,0.175,0.961,133.0,65,Pop
The Heart from Your Hate,2017,243853,4,0.582,0.928,10,-4.659,0,0.0635,0.00876,5.03e-06,0.297,0.565,113.043,63,Metal
Have Your Way,2009,279613,4,0.615,0.707,2,-5.868,1,0.0348,0.0172,0.0,0.223,0.443,109.49,26,Gospel
Is It Love,1986,123000,4,0.826,0.524,5,-6.284,1,0.0992,0.423,0.0,0.107,0.746,140.07,55,Pop
Two Of Hearts,1986,239000,4,0.824,0.506,5,-7.12,0,0.0291,0.124,0.0,0.113,0.654,130.717,62,Pop
Got the Life,1998,225306,4,0.498,0.905,11,-5.721,0,0.0521,1.85e-05,0.765,0.383,0.584,123.338,72,Alt. Rock
Popeye The Hitchhiker,1962,145000,4,0.708,0.679,7,-5.301,1,0.0783,0.721,9.94e-05,0.277,0.847,128.683,12,Pop
Rubber Ball,1961,244000,4,0.444,0.263,5,-12.276,1,0.0251,0.644,1.49e-06,0.867,0.19,77.158,41,Pop
A Tout Le Monde - Remastered 2004,1994,262133,4,0.272,0.747,5,-4.86,0,0.0401,0.000393,4.03e-05,0.16,0.255,202.777,63,Metal
Bro Dependent,1998,98933,4,0.417,0.891,9,-4.221,1,0.0623,0.000432,3.26e-06,0.0998,0.859,96.374,21,Punk
Sheila,1962,281000,4,0.803,0.859,6,-4.405,0,0.185,0.305,6.18e-05,0.553,0.631,101.007,66,Pop
Love Yourz,2014,211496,4,0.677,0.638,8,-8.631,1,0.333,0.589,0.0,0.193,0.435,82.81,74,Rap
One Step Closer,2001,157333,4,0.492,0.969,9,-4.419,1,0.0491,0.0014,1.32e-06,0.0787,0.538,95.136,80,Alt. Rock
Breathe Again,1994,269000,4,0.689,0.677,0,-6.36,1,0.0326,0.0697,0.0,0.0877,0.259,153.922,60,Pop
Where Have All the Flowers Gone? - Live,1963,113693,1,0.44,0.104,10,-18.625,1,0.0685,0.945,3.21e-06,0.186,0.214,89.869,23,Folk
Winin' Boy Blues,1926,177866,4,0.514,0.124,3,-15.426,0,0.0337,0.952,0.0,0.141,0.334,70.902,3,Jazz
Angel,1988,235000,4,0.74,0.766,6,-2.939,1,0.178,0.116,0.0,0.0406,0.807,170.531,75,Pop
Rock Me,1945,156400,4,0.633,0.119,10,-15.256,1,0.108,0.97,2.65e-05,0.114,0.723,138.107,31,Blues
Keep On Pushing,1964,155000,3,0.677,0.539,6,-6.64,0,0.0408,0.687,0.0,0.128,0.695,133.621,37,Pop
One Less Bell To Answer,1971,210000,3,0.398,0.405,11,-6.664,0,0.0258,0.737,4.97e-05,0.131,0.443,99.694,43,Pop
"Get Up,Stand Up",1973,197840,4,0.772,0.501,10,-9.56,1,0.421,0.163,0.0,0.0725,0.771,77.882,62,Reggae
I Live in a Car,1979,96413,4,0.249,0.775,11,-7.502,0,0.0455,0.000425,0.0194,0.0687,0.837,186.034,19,Punk
Set Me Free - Soul Country,1968,181333,4,0.549,0.453,5,-12.601,1,0.0277,0.479,0.00433,0.13,0.815,79.795,3,Funk
Peace In the Midst of the Storm - Live,1971,292706,5,0.294,0.437,2,-12.459,1,0.0563,0.33,0.0,0.102,0.219,80.802,9,Gospel
Square Hammer,2016,239293,4,0.53,0.903,2,-4.396,0,0.0483,3.31e-05,0.182,0.259,0.747,129.983,63,Metal
I’m Gonna Love You Just A Little More Baby,1973,431000,4,0.606,0.486,7,-13.553,0,0.0411,0.0111,0.00144,0.0757,0.81,87.568,56,Pop
Mona,1957,140786,4,0.484,0.711,8,-7.486,1,0.0355,0.874,0.000268,0.113,0.874,105.593,24,R&B
Never the Same Again,2012,301000,4,0.456,0.752,9,-5.628,1,0.0403,0.0918,0.0613,0.104,0.451,171.899,12,Rock
Keep Away,1998,290066,4,0.363,0.921,2,-5.192,1,0.0726,3.87e-05,0.00585,0.476,0.446,99.265,56,Metal
Disarm You (feat. Ilsey),2015,221133,4,0.446,0.793,5,-3.912,0,0.0556,0.0434,4.14e-05,0.159,0.313,127.799,48,EDM
Two More Bottles of Wine,1978,185066,4,0.763,0.655,3,-10.424,1,0.0348,0.216,0.000114,0.102,0.952,134.312,29,Country
I Ain't Drunk - Remastered,1983,247400,4,0.646,0.807,2,-5.87,1,0.132,0.149,0.000593,0.0639,0.786,125.516,48,Blues
Smooth Criminal - 2012 Remaster,1988,257760,4,0.853,0.981,8,-3.947,1,0.0751,0.247,0.468,0.306,0.595,118.193,74,R&B
Peek-A-Boo,1988,192813,4,0.825,0.684,2,-8.6,1,0.256,0.444,0.0,0.106,0.622,105.207,44,Punk
Cold Gin,1974,262000,4,0.512,0.752,1,-7.753,1,0.11,0.0511,0.0429,0.0881,0.644,117.588,44,Metal
Orange Crush - Remastered 2013,1988,231640,4,0.568,0.701,9,-10.453,1,0.04,0.000613,0.00258,0.17,0.638,120.678,58,Alt. Rock
Ruby (Don't Take Your Love To Town),1969,176706,4,0.669,0.414,0,-11.144,1,0.0298,0.795,0.000442,0.161,0.798,88.011,9,Country
Until She Comes,1991,230466,4,0.58,0.801,8,-10.306,1,0.0271,0.0317,0.000177,0.0982,0.968,106.681,28,Alt. Rock
Can U Handle It?,2004,279360,4,0.754,0.319,0,-8.773,1,0.0464,0.425,1.1e-06,0.127,0.382,129.858,52,R&B
Just Can't Get Enough,1981,220893,4,0.766,0.772,0,-9.362,1,0.0353,0.403,0.0584,0.183,0.919,128.168,76,Alt. Rock
Mars Meets Venus,1997,188000,4,0.604,0.898,11,-4.814,1,0.0548,0.000631,0.000413,0.368,0.336,113.888,13,Rock
Clean Sheets,1982,194712,4,0.286,0.954,7,-3.761,1,0.114,0.00413,0.0,0.209,0.622,186.504,34,Punk
Urban Struggle,1982,228611,4,0.274,0.973,2,-6.275,1,0.0637,0.00424,0.0,0.204,0.365,136.654,33,Punk
Incident at Neshabur,1970,297000,4,0.424,0.658,0,-11.751,1,0.0359,0.459,0.897,0.103,0.494,136.018,39,Rock
Twist And Shout,1964,155000,4,0.482,0.849,2,-9.198,1,0.0452,0.641,7.74e-06,0.0414,0.937,124.631,79,Pop
Rock Of Ages,1983,247000,4,0.706,0.785,11,-7.666,0,0.041,0.00802,0.0319,0.195,0.636,105.898,48,Metal
Midnight Lullaby,2013,55000,3,0.279,0.184,9,-22.97,1,0.0449,0.00212,0.0828,0.211,0.066,99.773,8,Rock
Maggie May/Reason To Believe,1971,350000,4,0.566,0.585,2,-8.733,1,0.0362,0.721,0.517,0.0911,0.567,129.475,7,Pop
Semente,2016,431729,4,0.576,0.653,7,-7.461,0,0.0618,0.118,0.0516,0.192,0.367,109.998,29,Funk
Hazard,1992,157000,4,0.609,0.952,8,0.919,1,0.169,0.0387,0.0,0.182,0.556,121.707,58,Pop
777-9311,1982,485400,4,0.819,0.631,6,-11.291,0,0.112,0.00939,0.00217,0.0261,0.776,123.215,39,Funk
Back Door Man,1960,366733,4,0.797,0.431,0,-16.457,1,0.0625,0.414,0.0359,0.138,0.809,109.893,30,Blues
Listen,1974,280560,4,0.669,0.573,10,-11.748,1,0.0889,0.389,0.123,0.12,0.267,100.068,32,Funk
Moon River,1962,422000,4,0.662,0.478,9,-8.631,1,0.0451,0.252,0.833,0.216,0.43,139.98,76,Pop
Express,1975,308013,4,0.664,0.676,0,-11.276,1,0.0347,0.000113,0.0989,0.0731,0.532,108.158,31,Disco
Let's Get Rocked,1992,295000,4,0.564,0.888,5,-6.763,1,0.0325,0.0109,6.68e-05,0.177,0.526,91.989,46,Metal
Evisceration Plague,2009,270920,4,0.291,0.98,1,-5.138,1,0.153,0.00127,0.091,0.102,0.257,79.792,49,Metal
Is It a Crime,1985,381560,3,0.45,0.376,5,-10.398,0,0.033,0.223,0.00489,0.184,0.542,122.427,64,R&B
Little Bit of Rain,1965,143160,4,0.505,0.0365,2,-17.544,1,0.0646,0.934,0.0086,0.12,0.223,114.553,34,Folk
Where Is The Love,1972,272000,4,0.834,0.699,5,-3.222,1,0.178,0.111,0.0,0.131,0.809,94.086,80,Pop
Soul Power 74 - Pt. 2,1974,248226,4,0.816,0.736,7,-5.511,1,0.0403,0.285,0.247,0.438,0.943,105.213,45,Funk
Worldwide Choppers,2011,326426,4,0.746,0.853,1,-4.452,1,0.129,0.00285,0.0,0.376,0.362,130.027,53,Rap
Till It Hurts,2016,188680,4,0.547,0.886,8,-4.017,1,0.0308,0.000619,0.000232,0.193,0.294,145.055,44,EDM
Bless His Holy Name,1980,183266,4,0.226,0.567,3,-8.78,1,0.0331,0.164,0.0,0.277,0.528,142.37,19,Gospel
Lie To Me,1997,251306,4,0.621,0.693,8,-8.755,1,0.0407,0.579,0.000295,0.0634,0.896,112.439,52,Blues
And Ya Don't Stop,1994,202000,4,0.834,0.725,10,-7.827,0,0.146,0.601,1.55e-05,0.119,0.636,98.028,18,Rap
"Paint It,Black",1965,133000,4,0.188,0.871,4,-5.752,1,0.0573,0.00646,0.779,0.301,0.535,169.661,18,Rock
Take On Me,1985,225000,4,0.573,0.902,6,-7.638,0,0.054,0.018,0.00125,0.0928,0.876,84.412,88,Pop
How Great (feat. Jay Electronica & My cousin Nicole),2016,337423,4,0.439,0.483,2,-9.449,1,0.315,0.477,0.0,0.553,0.292,78.442,47,Rap
Ain’t No Woman (LIKE The One I’ve Got),1973,157000,4,0.519,0.71,9,-10.908,0,0.0362,0.665,0.963,0.0889,0.67,102.585,18,Pop
Teach Me Tonight,1959,167493,4,0.558,0.231,5,-11.436,0,0.0812,0.805,0.0,0.142,0.403,73.103,55,Jazz
City Lights,1958,179600,4,0.326,0.495,10,-10.839,1,0.0386,0.891,0.0,0.241,0.723,109.915,27,Country
More Than OK,2018,156226,4,0.812,0.594,5,-6.619,1,0.0781,0.0556,1.9e-05,0.15,0.623,105.989,23,EDM
I’ll Have To Say I Love You In A Song,1974,154000,4,0.537,0.447,9,-14.978,1,0.029,0.834,0.0101,0.107,0.717,133.794,66,Pop
"Oh,What A Night",1970,247266,3,0.5,0.543,8,-7.354,1,0.0341,0.103,0.0,0.0748,0.597,106.291,39,R&B
Playing God,2009,182800,4,0.583,0.96,1,-3.597,0,0.0511,0.00105,2.97e-05,0.0801,0.626,137.991,60,Alt. Rock
Still into You,2013,216013,4,0.602,0.923,5,-3.763,1,0.044,0.0098,0.0,0.0561,0.765,136.01,79,Alt. Rock
Barbed Wire Love,1980,212093,3,0.27,0.741,9,-7.654,1,0.0515,0.000815,7.61e-05,0.0779,0.699,174.908,35,Punk
Up Above My Head I Hear Music In The Air,1961,149804,4,0.675,0.702,7,-5.334,1,0.104,0.706,0.0,0.159,0.921,82.372,23,Blues
Do You Believe Me Now,1982,215400,4,0.588,0.209,8,-14.662,1,0.0247,0.55,1.33e-05,0.0774,0.324,72.335,36,Country
Love Removal Machine,1987,258906,4,0.323,0.857,7,-6.972,1,0.109,0.00217,0.000502,0.0567,0.64,137.537,53,Metal
Let Me Down Easy,1980,250813,4,0.635,0.566,9,-10.245,1,0.0285,0.00681,0.00972,0.0681,0.793,127.908,34,Punk
Didn’t I (BLOW Your Mind This Time),1970,201000,4,0.484,0.59,9,-6.663,1,0.0283,0.795,0.00306,0.155,0.324,140.588,52,Pop
If I Had A Hammer,1963,121000,4,0.628,0.423,9,-11.231,1,0.0365,0.326,0.0,0.16,0.353,100.082,44,Pop
Just Don't Want To Be Lonely,1972,215373,4,0.674,0.608,5,-5.675,1,0.0257,0.0508,0.0,0.363,0.819,85.551,40,SKA
No One Like You,1982,237000,4,0.505,0.631,9,-10.433,0,0.038,0.0203,2.21e-05,0.141,0.835,118.178,68,Metal
If You Could Read My Mind,1970,228840,4,0.612,0.24,9,-12.821,1,0.033,0.745,7.86e-05,0.115,0.223,122.565,64,Folk
How? - Remastered 2010,1971,226000,4,0.545,0.352,7,-14.425,1,0.048,0.885,0.0625,0.198,0.206,74.163,43,Rock
A Song For Donny,1979,274733,4,0.477,0.412,10,-11.948,1,0.044,0.58,0.0,0.043,0.175,126.503,25,Disco
Identity,1978,145506,4,0.458,0.944,2,-4.607,1,0.0366,0.0181,4.46e-06,0.0764,0.797,154.855,35,Punk
Stumblin’ In,1979,213000,4,0.875,0.518,2,-8.388,1,0.0551,0.0638,0.00995,0.125,0.37,126.089,90,Pop
Cry Tough,1967,136186,4,0.702,0.346,9,-13.478,0,0.0433,0.864,0.00019,0.104,0.7,97.006,26,Reggae
Edgecrusher,1995,221400,4,0.654,0.794,9,-5.393,1,0.074,0.000203,0.000448,0.208,0.585,122.051,46,Metal
So Long,1958,161266,4,0.451,0.0253,3,-21.549,0,0.0475,0.932,3.65e-05,0.205,0.384,116.646,15,R&B
Child in Time,1970,620000,4,0.338,0.461,9,-10.74,0,0.0396,0.17,0.564,0.0927,0.351,126.698,44,Rock
Wait for Me - Live,2022,358933,4,0.401,0.534,7,-6.576,1,0.0526,0.591,7.43e-05,0.981,0.397,80.716,17,Blues
I’m Coming Out (#5*),1980,223000,4,0.728,0.77,11,-10.534,0,0.0961,0.0413,0.000681,0.226,0.81,116.212,1,Pop
My Creole Belle,1966,110960,4,0.614,0.15,1,-15.175,1,0.0366,0.586,0.00806,0.0932,0.891,178.177,28,Blues
Prelude 12,1975,80000,5,0.486,0.00578,7,-27.336,1,0.0683,0.764,0.158,0.0747,0.117,133.478,24,Rock
34 Blues,1930,177160,4,0.411,0.101,5,-16.866,0,0.0595,0.994,1.27e-05,0.165,0.311,203.211,9,Blues
Day Dreaming,1972,80000,4,0.213,0.0751,7,-27.103,1,0.0433,0.971,0.441,0.113,0.0346,85.295,58,Pop
Hello Walls,1962,144466,4,0.616,0.271,0,-12.003,1,0.0326,0.592,2.8e-05,0.0929,0.55,101.906,38,Country
Don't Get Around Much Anymore,1942,183693,4,0.6,0.278,10,-10.712,0,0.0431,0.819,4.55e-05,0.415,0.671,95.528,44,Jazz
EDM Death Machine,2015,263087,4,0.661,0.95,9,-3.417,1,0.131,0.000802,0.452,0.116,0.301,128.03,37,EDM
The Moving on Song,1964,201893,4,0.689,0.203,7,-15.837,0,0.0488,0.674,1.83e-06,0.0805,0.612,128.64,10,Folk
"Don't You Know,Little Girl",1968,179293,4,0.723,0.343,3,-7.979,1,0.0839,0.837,0.00758,0.128,0.821,120.868,0,SKA
One Dance,2016,173986,4,0.792,0.625,1,-5.609,1,0.0536,0.00776,0.0018,0.329,0.37,103.967,87,Rap
Invisible Man,1997,168000,3,0.429,0.718,6,-11.46,1,0.0293,0.1,0.463,0.0657,0.765,104.781,42,Pop
"Apples,Peaches,Pumpkin Pie",1967,148000,4,0.637,0.715,10,-8.67,1,0.0404,0.424,0.0,0.113,0.951,139.5,38,Pop
The World Is Yours,1994,290573,4,0.678,0.794,10,-6.186,0,0.14,0.274,1.68e-06,0.124,0.54,87.374,67,Rap
Best I Can,1990,334000,4,0.602,0.92,2,-4.396,1,0.0499,0.00297,0.000153,0.325,0.29,132.273,23,Metal
Rhythm Of My Heart,1991,160000,4,0.487,0.801,6,-6.433,1,0.158,0.0602,0.0,0.0764,0.673,109.273,45,Pop
Baby Don’t Forget My Number,1989,249000,4,0.852,0.649,6,-12.877,0,0.0749,0.00537,0.0029,0.157,0.845,100.303,49,Pop
Gaudete - 2009 Remaster,1973,147106,3,0.486,0.223,1,-15.365,0,0.0377,0.968,6.64e-05,0.887,0.425,69.291,31,Folk
This Is a Low - 2012 Remaster,1994,316906,4,0.271,0.5,9,-8.661,1,0.0325,0.211,0.00156,0.111,0.32,170.06,39,Alt. Rock
Misled,1985,300000,4,0.84,0.434,11,-15.358,1,0.0491,0.00677,0.00819,0.0477,0.962,122.51,44,Pop
Never Too Late,1979,181426,4,0.617,0.666,7,-7.077,1,0.0409,0.368,2.32e-05,0.238,0.954,111.238,4,Disco
Mother And Child Reunion,1972,187000,4,0.712,0.632,9,-7.704,1,0.0334,0.112,0.0,0.0648,0.764,119.931,56,Pop
HUMBLE.,2017,177000,4,0.908,0.621,1,-6.638,0,0.102,0.000282,5.39e-05,0.0958,0.421,150.011,85,Rap
Dirty Reggae,2007,194200,4,0.837,0.92,9,-2.756,1,0.0573,0.368,0.685,0.0912,0.977,147.089,27,SKA
Minor Mood,1966,572800,4,0.53,0.278,2,-16.034,0,0.0441,0.813,0.124,0.492,0.589,96.673,4,Jazz
Ramblin' On My Mind - Mono,1937,186240,4,0.747,0.413,4,-5.701,1,0.0323,0.899,0.0156,0.06,0.661,102.057,35,Blues
When You Were Young,2006,220426,4,0.467,0.988,11,-3.313,1,0.112,0.000152,0.0484,0.28,0.321,130.433,77,Alt. Rock
Hands,1999,135000,4,0.531,0.875,1,-2.766,0,0.126,0.000206,0.0,0.248,0.752,153.337,73,Pop
Secret Garden,1997,266000,4,0.52,0.329,0,-14.224,1,0.0266,0.576,0.0418,0.12,0.118,86.857,63,Pop
King Of Rock (In The Style Of Run-D.M.C.) [Performance Track with Demonstration Vocals],2006,311928,4,0.605,0.72,2,-7.878,1,0.094,0.00267,5.24e-06,0.0781,0.521,196.529,0,Rap
White Noise,1980,117773,4,0.228,0.846,7,-8.148,1,0.0769,1.3e-05,0.38,0.401,0.462,135.697,23,Punk
Dirty Little Secret,2005,193653,4,0.465,0.954,10,-4.251,1,0.044,0.000346,5.38e-06,0.573,0.458,143.85,71,Alt. Rock
Drag On Forever,2011,218000,4,0.543,0.793,1,-6.786,0,0.0252,0.000512,2.4e-05,0.272,0.715,95.985,11,Rock
My Family - 2015 Remastered Version,1980,189906,4,0.645,0.322,7,-9.993,1,0.0293,0.233,5.8e-06,0.0706,0.251,75.553,20,Folk
My Wave,1994,312613,5,0.509,0.95,9,-4.535,0,0.061,0.000132,0.00302,0.0937,0.705,126.591,48,Alt. Rock
Work It,2002,263226,4,0.884,0.677,1,-5.603,1,0.283,0.0778,0.0,0.0732,0.584,101.868,69,Rap
Kiss Me Deadly - 2002 Remaster,1981,263960,4,0.272,0.802,5,-4.613,0,0.15,0.0434,0.0,0.209,0.41,151.183,38,Punk
Cinnamon Crush (feat. Lindsey Lomis),2016,227480,4,0.515,0.47,8,-9.214,1,0.121,0.758,0.00011,0.102,0.448,75.386,44,Reggae
Do Something For Me,1956,184706,4,0.439,0.308,3,-6.75,1,0.0281,0.982,0.0,0.0807,0.323,67.533,3,R&B
South Street,1963,237000,4,0.78,0.585,2,-8.766,0,0.0389,0.11,0.314,0.083,0.707,90.024,55,Pop
Friend Zone,2017,192511,4,0.589,0.829,1,-4.961,1,0.0353,0.265,0.00367,0.114,0.242,107.003,50,Funk
Mountain Dew,1961,163906,4,0.537,0.502,3,-14.012,1,0.0374,0.191,0.000629,0.106,0.698,146.34,38,Country
Patience,1989,354880,4,0.457,0.296,6,-12.511,1,0.0306,0.683,0.000119,0.109,0.333,120.02,72,Metal
The Midnight Special,1962,166973,4,0.582,0.268,6,-12.387,1,0.0626,0.953,0.0,0.119,0.463,88.73,1,Folk
California Love - Original Version,1995,284906,4,0.763,0.85,7,-3.052,1,0.0417,0.0304,1.21e-06,0.371,0.761,91.519,79,Rap
Where Were You (When the World Stopped Turning),2001,305093,4,0.642,0.388,0,-9.194,1,0.0322,0.473,0.0,0.0754,0.186,115.355,52,Country
Shortyville,2013,262786,4,0.828,0.766,4,-7.682,0,0.083,0.00197,0.92,0.471,0.28,101.984,29,Funk
Music Of My Heart,1999,271000,4,0.375,0.556,11,-7.196,1,0.041,0.4,0.0,0.0956,0.397,111.827,39,Pop
Yellow Ledbetter,1992,303586,4,0.504,0.354,4,-11.3,1,0.0339,0.29,4.71e-06,0.157,0.292,140.87,69,Alt. Rock
How Do You Talk To An Angel,1993,227000,4,0.404,0.51,9,-11.353,1,0.0321,0.281,6.32e-06,0.0789,0.526,80.643,47,Pop
"Kick,Push",2006,254466,4,0.652,0.809,5,-5.276,1,0.17,0.165,0.0,0.175,0.512,94.786,1,Rap
The Swimming Song,1972,147466,4,0.604,0.585,9,-11.288,1,0.0329,0.408,0.0886,0.109,0.67,92.521,53,Folk
You Keep Me Hangin’ On,1967,255000,4,0.686,0.682,7,-12.154,0,0.033,0.0806,0.000155,0.14,0.708,123.44,63,Pop
Gamma Ray,2005,176920,4,0.603,0.909,11,-4.213,0,0.0385,0.109,0.249,0.329,0.7,168.116,62,Alt. Rock
Jane Says,1988,287000,4,0.402,0.597,2,-9.258,1,0.0327,0.0385,2.09e-06,0.109,0.496,81.806,63,Alt. Rock
None Of Us Are Free,1964,329386,4,0.674,0.658,5,-9.647,0,0.104,0.404,1.34e-06,0.0981,0.677,143.292,47,R&B
Smash It Up - Pts. 1 & 2,1979,313720,4,0.259,0.762,7,-9.161,1,0.0598,0.0541,0.0265,0.0817,0.261,165.824,37,Punk
(YOUR Love Has Lifted Me) Higher And Higher,1977,241000,4,0.656,0.646,10,-9.169,0,0.0336,0.0575,0.00464,0.16,0.75,117.586,44,Pop
The Bitterest Pill (I Ever Had To Swallow),1982,213320,4,0.485,0.675,2,-10.317,1,0.0314,0.00717,0.0,0.087,0.867,112.385,44,Punk
Help Me,1967,210040,4,0.408,0.477,4,-9.4,0,0.0346,0.111,1.87e-05,0.0457,0.599,107.103,23,Blues
I Drove All Night,1989,240000,4,0.566,0.912,11,-4.198,1,0.0629,0.00051,0.0,0.215,0.644,134.994,63,Pop
Wrong Way,1996,136146,4,0.69,0.681,9,-5.653,1,0.0379,0.0623,0.0,0.137,0.911,75.034,71,SKA
Clair,1973,268000,4,0.335,0.00532,1,-31.646,1,0.0376,0.994,0.912,0.0621,0.0397,65.832,65,Pop
Crusader,1984,394666,4,0.433,0.644,9,-8.054,0,0.0381,0.000374,0.000357,0.117,0.323,91.773,44,Metal
Work Me Over,1978,220204,4,0.843,0.705,11,-7.889,0,0.0399,0.264,0.0151,0.115,0.865,128.097,5,Disco
Changin' Times,1975,363000,4,0.278,0.811,9,-10.518,1,0.0416,0.00267,0.0302,0.161,0.653,172.317,30,Metal
Incarcerated Scarfaces,1995,282666,4,0.884,0.807,9,-6.781,0,0.31,0.0607,0.00301,0.0949,0.357,92.972,46,Rap
The Grand Tour,1974,187373,4,0.458,0.275,10,-11.498,1,0.0261,0.944,0.0194,0.271,0.449,88.718,47,Country
Whole Wide World,1990,155000,4,0.729,0.447,5,-9.038,1,0.0387,0.598,0.000279,0.116,0.595,108.837,56,Pop
"That Lady,Pts. 1 & 2",1973,334386,4,0.344,0.769,5,-9.112,0,0.0606,0.261,0.000122,0.335,0.923,126.318,54,Funk
Hearts,1981,210000,4,0.646,0.795,9,-3.293,1,0.0976,0.0319,0.0,0.267,0.796,89.99,79,Pop
Somewhere I Belong,2003,213933,4,0.451,0.951,1,-3.754,1,0.0645,0.000386,2.56e-06,0.261,0.441,162.041,71,Alt. Rock
If You Can Want,1968,215000,4,0.678,0.512,1,-7.389,0,0.0371,0.0237,7.45e-05,0.301,0.739,90.002,41,Pop
Rush,1999,374706,4,0.59,0.965,8,-8.639,1,0.0412,0.0021,0.856,0.38,0.357,137.968,19,EDM
Mo' Onions,1962,170386,4,0.733,0.553,5,-4.854,0,0.0304,0.813,0.905,0.134,0.603,125.924,5,Blues
The Midnight Special,1963,157746,4,0.498,0.259,0,-7.132,1,0.0291,0.697,0.16,0.24,0.707,107.261,12,Folk
Gotham City,1997,152000,4,0.687,0.717,9,-7.177,1,0.271,0.0642,0.0,0.354,0.499,154.259,46,Pop
Turnstile Casanova,1994,203718,4,0.549,0.906,0,-6.248,1,0.0305,0.093,0.00568,0.39,0.808,152.175,23,Folk
The Dutchman,1977,259560,4,0.473,0.667,7,-9.325,1,0.0357,0.608,4.62e-06,0.221,0.599,83.82,24,Folk
Is This Love - 2018 Remaster,1987,284000,4,0.263,0.759,0,-7.288,1,0.0431,0.0555,0.0,0.231,0.429,179.904,57,Rock
Microphone Fiend,1988,314600,4,0.586,0.795,11,-8.71,1,0.258,0.354,0.0,0.187,0.694,94.101,46,Rap
Evergreen (LOVE Theme From A Star Is Born),1977,184000,4,0.35,0.303,9,-10.943,1,0.0316,0.932,0.0257,0.0907,0.187,114.709,57,Pop
A Groovy Kind Of Love,1988,210000,4,0.456,0.243,2,-12.19,1,0.0286,0.414,4.45e-06,0.116,0.19,144.13,57,Pop
Colors (with Eyelar),2018,231832,4,0.258,0.783,0,-4.129,1,0.0612,0.0289,1.25e-06,0.0705,0.145,174.037,41,EDM
Seasons In The Sun,1974,208000,4,0.648,0.646,6,-8.201,1,0.0502,0.627,4.9e-06,0.247,0.812,99.975,60,Pop
Birdlike - Remastered 2004/Rudy Van Gelder Edition,1964,615426,4,0.451,0.6,5,-9.788,1,0.0561,0.288,0.0,0.119,0.77,123.708,21,Jazz
Tenor Madness - Rudy Van Gelder Remaster,1956,733066,4,0.431,0.511,0,-8.052,0,0.0554,0.75,6.22e-05,0.332,0.664,174.922,40,Jazz
That Girl,1988,210000,4,0.609,0.644,9,-13.53,0,0.0353,0.0619,0.0,0.19,0.893,124.323,19,Rock
Sky's the Limit (feat. 112) - 2014 Remaster,2014,329426,4,0.637,0.66,0,-4.792,1,0.162,0.217,0.0,0.09,0.503,90.876,60,Rap
My Girl Lollipop - 7'' Version,1980,165276,4,0.533,0.821,9,-8.589,1,0.0449,0.0119,0.198,0.264,0.846,149.143,27,SKA
Suspect Device,1978,155960,4,0.241,0.943,4,-6.381,1,0.0566,0.000737,0.0269,0.349,0.93,187.71,45,Punk
The Order of Death,1986,289973,4,0.653,0.598,11,-12.919,0,0.0336,0.166,0.539,0.607,0.552,103.088,36,Punk
Saving All My Love for You,1985,238466,3,0.636,0.264,6,-14.567,0,0.0263,0.593,4.22e-05,0.275,0.264,99.304,68,R&B
Everyday Is A Winding Road,1997,256000,4,0.629,0.673,6,-8.285,1,0.0409,0.0422,3.69e-05,0.1,0.718,112.955,52,Pop
Harper Valley Pta,1968,195000,4,0.809,0.717,4,-6.602,1,0.0393,0.574,0.0,0.089,0.919,122.463,56,Pop
Little Mama,1957,176360,4,0.758,0.453,6,-11.145,0,0.0503,0.816,0.0,0.28,0.714,133.989,12,R&B
Trip at the Brain,1988,271373,4,0.299,0.914,4,-12.181,0,0.048,0.00106,0.0119,0.102,0.637,103.469,42,Punk
Up Above My Head I Hear Music In The Air,1960,149804,4,0.675,0.702,7,-5.334,1,0.104,0.706,0.0,0.159,0.921,82.372,23,Gospel
The Fallen Angel,2000,240000,4,0.275,0.985,4,-4.106,0,0.172,0.00368,1.31e-05,0.254,0.326,103.87,25,Rock
Phoenix City,1963,397453,4,0.699,0.76,0,-9.676,0,0.0638,0.292,0.056,0.352,0.91,142.716,8,SKA
V. 3005,2013,234215,4,0.689,0.444,6,-7.152,0,0.319,0.119,0.0,0.111,0.661,83.009,49,Rap
Stop And Think It Over,1964,178000,4,0.646,0.399,2,-10.7,0,0.0388,0.569,0.23,0.173,0.757,138.366,33,Pop
Jumpman,2015,205879,4,0.852,0.553,1,-7.286,1,0.187,0.0559,0.0,0.332,0.656,142.079,68,Rap
H.A.P.P.Y. Radio - Rerecorded,1980,206600,4,0.807,0.784,5,-7.075,1,0.0442,0.113,0.0,0.229,0.969,134.026,31,Disco
Canned Heat Blues,1930,219120,1,0.745,0.215,2,-13.312,1,0.0306,0.962,0.000589,0.155,0.691,93.365,21,Blues
Touch,2015,177658,4,0.742,0.644,0,-7.284,1,0.0577,0.221,0.0391,0.105,0.614,104.027,51,EDM
She Cried,1962,204000,4,0.76,0.627,2,-9.048,1,0.0351,0.29,0.0,0.0652,0.731,120.778,39,Pop
Shot in the Dark,1986,256000,3,0.581,0.791,6,-7.262,1,0.0324,0.00835,6.02e-05,0.142,0.619,123.887,61,Metal
Mellow Yellow,1966,227226,4,0.71,0.319,2,-12.387,1,0.0667,0.534,0.0201,0.211,0.757,105.489,50,Folk
Why Get Up,1991,228760,4,0.722,0.681,10,-12.804,1,0.0296,0.317,3.65e-05,0.159,0.966,125.71,28,Blues
Wish You Were Here,1952,334000,4,0.481,0.262,7,-15.73,1,0.0414,0.735,0.0114,0.832,0.375,122.861,75,Pop
There Stands The Glass,1953,146666,4,0.522,0.256,3,-7.39,1,0.0309,0.923,0.0,0.359,0.64,114.96,47,Country
Sound System - 2007 Remaster,2007,134026,4,0.569,0.954,2,-4.82,1,0.126,0.35,0.000265,0.0768,0.574,91.205,54,Punk
Tha Crossroads,1996,223000,4,0.679,0.509,4,-7.31,1,0.0617,0.0856,0.0,0.438,0.534,144.29,67,Pop
How Will I Laugh Tomorrow,1988,403400,4,0.251,0.803,9,-12.197,0,0.0423,0.0131,5.29e-05,0.163,0.544,100.454,39,Metal
Hung Up,2013,220000,4,0.443,0.726,7,-3.745,1,0.167,0.416,0.0,0.369,0.37,119.824,36,EDM
Take The Money And Run,1976,170000,4,0.565,0.645,0,-12.923,1,0.0484,0.0552,2.84e-06,0.151,0.836,99.3,69,Pop
See You In September,1966,147000,4,0.519,0.422,4,-8.732,1,0.0282,0.864,0.0,0.332,0.803,128.956,41,Pop
Trippin' on a Hole in a Paper Heart,1996,175920,4,0.47,0.989,7,-3.857,1,0.0632,0.000386,0.00161,0.157,0.446,106.479,61,Metal
I Say A Little Prayer,1968,216000,4,0.592,0.355,9,-14.051,1,0.0352,0.478,0.0,0.0585,0.499,133.032,75,Pop
Loco Contigo (feat. J. Balvin & Tyga),2019,185194,4,0.827,0.757,6,-2.985,0,0.0564,0.283,1.56e-06,0.102,0.374,95.983,73,EDM
Right Back Where We Started From,1976,192000,4,0.692,0.653,5,-5.715,1,0.0392,0.49,0.00656,0.455,0.901,148.017,62,Pop
Tomorrow Night,1948,187032,3,0.478,0.546,5,-9.229,1,0.0296,0.702,0.0605,0.126,0.628,132.597,14,Blues
Sunny,1976,242240,4,0.647,0.868,0,-6.427,0,0.106,0.088,0.124,0.129,0.804,121.82,68,Disco
Until It Sleeps,1996,269000,4,0.562,0.919,8,-4.458,0,0.0293,0.000223,0.113,0.142,0.728,113.357,58,Rock
Every Beat of My Heart (New Disco Version),1979,338200,4,0.525,0.864,10,-10.054,0,0.0569,8.64e-05,0.771,0.183,0.904,127.475,7,Disco
What Does It Take (To Win Your Love),1970,198053,4,0.807,0.492,5,-9.911,1,0.0461,0.103,0.00382,0.0733,0.853,116.543,48,Reggae
Give A Little Love,1989,254333,4,0.622,0.468,6,-17.068,0,0.0346,0.0813,5.6e-05,0.155,0.831,79.325,19,Reggae
Go Hard or Go Home (feat. Stressmatic of the Federation),2003,233871,4,0.841,0.841,7,-6.44,1,0.316,0.186,0.0,0.118,0.523,107.972,40,Rap
Let's Be-Bop,1982,193000,4,0.352,0.63,9,-11.442,1,0.0321,0.0175,0.0,0.0719,0.636,165.168,11,Rock
I'm Getting Ready,2015,506200,4,0.464,0.636,8,-5.063,1,0.0387,0.00906,0.0,0.137,0.268,93.994,52,Gospel
Warning - 2007 Remaster,2007,219226,4,0.771,0.865,6,-6.15,1,0.368,0.232,7.08e-06,0.0909,0.372,85.94,48,Rap
Who Do You Love,1956,147373,4,0.64,0.729,1,-13.494,1,0.0453,0.862,0.0,0.111,0.683,113.19,39,R&B
A Whiter Shade Of Pale,1967,248000,4,0.249,0.66,0,-6.904,1,0.0343,0.514,0.00271,0.0891,0.427,149.822,61,Pop
Nadia’s Theme (THE Young And The Restless),1976,189000,4,0.279,0.243,7,-12.56,0,0.0298,0.913,0.959,0.0939,0.0393,139.649,15,Pop
Hit the Road Jack,1961,119880,4,0.598,0.571,8,-12.616,0,0.139,0.704,0.0,0.513,0.962,173.141,69,R&B
Turn Around,2013,231346,4,0.687,0.7,8,-6.439,1,0.03,0.00144,6.35e-05,0.13,0.963,103.946,46,Reggae
I Can’t Stand It,1981,163000,4,0.577,0.915,4,-7.305,1,0.101,0.441,0.0,0.156,0.544,94.729,49,Pop
Help Me Make It Through The Night,1971,248000,4,0.459,0.396,7,-7.9,1,0.0241,0.733,0.00304,0.127,0.414,65.861,53,Pop
Silly Watch,2020,195692,4,0.903,0.535,8,-6.238,1,0.286,0.0298,0.0,0.0851,0.157,130.117,69,Rap
Oh What A Feeling,1980,219659,4,0.874,0.675,7,-3.423,1,0.108,0.198,0.000753,0.092,0.892,145.801,46,Reggae
High Cotton,1989,180320,4,0.661,0.581,5,-9.67,1,0.032,0.423,0.0,0.11,0.863,91.11,56,Country
The Way It Is,1987,297000,4,0.582,0.689,7,-12.203,1,0.0277,0.607,0.0571,0.145,0.531,111.166,68,Pop
Bad Luck Blues (Alternative Take),1954,155293,3,0.455,0.301,9,-14.102,1,0.0487,0.0944,5.25e-05,0.38,0.733,200.981,17,Blues
God Knows I'm Good,1969,202000,4,0.418,0.436,7,-12.942,1,0.0327,0.527,0.0,0.0896,0.704,169.748,39,Rock
Not Going Away,2007,272000,4,0.457,0.91,7,-4.254,1,0.0438,0.0034,0.0,0.365,0.538,83.959,40,Rock
Tennessee,1992,293000,4,0.392,0.37,9,-10.888,1,0.0298,0.205,0.0096,0.0821,0.512,48.718,83,Pop
Peach Pickin' Time Down In Georgia,1932,175640,4,0.761,0.147,1,-15.261,1,0.0431,0.99,3.62e-06,0.164,0.706,122.83,0,Country
If This World Were Mine (with Luther Vandross),1980,323986,4,0.393,0.418,9,-9.999,1,0.0394,0.588,0.0,0.0638,0.307,123.6,45,Disco
Jive Turkey,1974,429466,4,0.782,0.563,0,-11.933,1,0.0474,0.0324,0.0273,0.0792,0.88,138.795,25,Funk
I Guess That's Why They Call It The Blues,1983,285000,3,0.673,0.663,0,-7.29,1,0.0269,0.217,0.0174,0.177,0.67,120.634,70,Rock
Bohannon's Beat (Part 1) - Single Version - Bonus Track,1974,238986,4,0.794,0.928,2,-6.467,1,0.0547,0.363,0.624,0.0491,0.976,101.467,6,Disco
House Of Fun,1982,180066,4,0.744,0.924,7,-8.964,1,0.0478,0.234,0.0331,0.128,0.791,128.656,38,SKA
Dance the Night Away,1979,188000,4,0.548,0.843,8,-7.32,1,0.0597,0.0373,1.26e-06,0.0536,0.719,129.661,64,Metal
It Was Written,2005,361066,4,0.688,0.719,0,-5.014,1,0.283,0.0283,0.0,0.728,0.546,81.443,47,Reggae
Stay Together For The Kids,2001,239333,4,0.52,0.78,2,-4.944,1,0.0356,0.00165,2.16e-05,0.156,0.166,145.12,65,Alt. Rock
Back for More,1985,227066,4,0.625,0.793,8,-8.176,0,0.0432,0.000308,5.13e-06,0.0979,0.462,120.92,47,Metal
Still Counting,2008,261812,4,0.309,0.919,2,-3.131,1,0.0609,0.00039,0.000225,0.424,0.322,103.89,72,Metal
So What'Cha Want,1992,217066,4,0.695,0.978,5,-3.556,0,0.274,0.0764,3.12e-05,0.069,0.706,171.093,58,Punk
Who'd She Coo?,1976,271226,4,0.682,0.646,11,-11.359,0,0.0617,0.0363,0.0642,0.0542,0.868,112.338,22,Funk
Hard Habit To Break,1984,283000,4,0.584,0.612,2,-5.833,1,0.0283,0.448,0.0,0.171,0.402,81.182,56,Pop
I Ain’t Gonna Stand For It,1981,278000,4,0.728,0.432,9,-15.269,1,0.0329,0.000252,0.0111,0.095,0.816,113.593,37,Pop
Majesty - Remastered 2017,1986,450946,4,0.326,0.918,11,-6.3,0,0.0902,3.57e-06,0.056,0.0583,0.354,79.287,31,Metal
From Within - Original Mix,2012,361870,4,0.61,0.918,3,-4.464,1,0.137,0.00321,0.0208,0.195,0.75,74.994,23,EDM
Moonlight,2018,135090,4,0.921,0.537,9,-5.723,0,0.0804,0.556,0.00404,0.102,0.711,128.009,82,Rap
"Twist,Twist,Señora",1962,157000,4,0.659,0.819,10,-7.747,1,0.0453,0.667,0.0155,0.843,0.858,93.396,14,Pop
Theme From “THE Apartment”,1960,181000,4,0.488,0.237,5,-17.706,1,0.0286,0.927,0.911,0.111,0.164,95.044,32,Pop
Just A Lil Bit,2005,237706,4,0.489,0.692,1,-6.672,1,0.41,0.0322,0.00608,0.315,0.527,96.946,77,Rap
Don’t Knock My Love,1971,293000,4,0.572,0.425,10,-16.738,1,0.0391,0.384,0.265,0.0817,0.88,113.264,13,Pop
Just Between You And Me,1990,235000,4,0.511,0.308,7,-15.021,1,0.0247,0.408,2.4e-05,0.15,0.38,83.545,45,Pop
Self Control,1984,249000,4,0.581,0.21,8,-10.426,1,0.0321,0.768,0.0,0.369,0.452,80.099,77,Pop
If Teardrops Were Pennies,1951,181973,4,0.674,0.198,4,-13.84,1,0.0306,0.89,2.49e-06,0.188,0.622,129.326,17,Country
Reet Petite,1957,169240,4,0.664,0.66,5,-6.526,1,0.13,0.447,0.0,0.298,0.873,84.345,54,R&B
Catch Me (I’M Falling),1988,295000,4,0.757,0.727,9,-11.816,1,0.0388,0.00412,0.0628,0.098,0.886,118.609,47,Pop
Wind Of Change,1991,312000,4,0.452,0.524,0,-10.108,1,0.0351,0.315,0.0,0.103,0.246,151.505,78,Pop
New Boys,1979,200159,4,0.361,0.5,2,-15.275,1,0.145,1.85e-05,0.0001,0.0691,0.602,172.109,0,Punk
Wild Thing,1989,239000,4,0.708,0.731,3,-4.872,1,0.0345,0.0189,4.47e-06,0.129,0.379,116.975,85,Pop
Oh Daddy,1977,236000,4,0.58,0.35,2,-10.855,0,0.0356,0.522,7.69e-05,0.134,0.469,137.821,53,Rock
What You Won’t Do For Love,1979,286000,4,0.642,0.396,6,-16.843,1,0.0642,0.462,0.000823,0.106,0.797,84.082,74,Pop
All These Things That I've Done,2004,301866,4,0.539,0.702,6,-7.291,1,0.0436,0.00245,2.37e-05,0.117,0.206,118.106,72,Alt. Rock
Party Lites,1981,294226,4,0.673,0.708,4,-10.307,0,0.0647,0.104,0.000237,0.356,0.578,112.988,18,Funk
Heart To Heart,1983,211000,4,0.901,0.136,8,-16.127,0,0.102,0.667,0.354,0.109,0.643,150.076,82,Pop
Sing And Shout,1951,198630,4,0.659,0.508,0,-7.759,1,0.113,0.91,0.0,0.108,0.662,74.334,0,Blues
When You're Gone,1996,296200,3,0.454,0.524,3,-7.128,1,0.0267,0.351,4.32e-05,0.0691,0.348,186.762,62,Alt. Rock
When You Love a Woman,1996,246000,4,0.514,0.514,1,-5.82,1,0.0275,0.253,0.0,0.258,0.218,132.145,55,Rock
Papa Was Too (Mono),1965,161706,4,0.755,0.408,8,-11.93,1,0.0396,0.373,0.0,0.0609,0.706,92.133,6,R&B
Flim,1997,177093,4,0.71,0.734,0,-14.932,0,0.052,0.513,0.836,0.0701,0.4,147.98,57,EDM
Diamonds And Rust,1975,286106,4,0.506,0.343,5,-12.153,0,0.03,0.243,0.0,0.141,0.265,130.052,56,Folk
"Heartbreaker (Pt. I,Pt. II)",1983,255466,4,0.891,0.446,5,-12.784,0,0.0602,0.0671,3.59e-06,0.157,0.832,104.94,39,Funk
The Worst Day Since Yesterday,2004,218786,4,0.347,0.489,2,-7.662,1,0.0341,0.287,2.09e-06,0.221,0.361,136.16,46,Punk
That’ll Be The Day,1976,158000,4,0.56,0.14,1,-20.439,1,0.0325,0.862,0.968,0.0927,0.0589,74.483,32,Pop
Moon Hop,1960,189773,4,0.839,0.529,0,-9.429,1,0.172,0.397,0.0625,0.0802,0.968,131.828,34,SKA
Unskinny Bop,1990,228000,4,0.574,0.93,1,-2.949,1,0.0413,0.0657,7.78e-06,0.108,0.69,92.303,59,Pop
Batdance,1989,373733,4,0.594,0.702,1,-9.894,1,0.0842,0.168,0.109,0.142,0.466,135.406,45,R&B
House Of The Rising Sun,1963,198066,4,0.455,0.135,5,-11.611,0,0.0326,0.934,0.0,0.111,0.342,100.516,3,Folk
Love Hurts (with Gram Parsons),1974,218933,4,0.46,0.233,7,-14.322,1,0.0273,0.19,1.39e-06,0.143,0.285,137.06,25,Country
Crystal Chandeliers,1967,163225,4,0.709,0.354,0,-12.136,1,0.0337,0.593,0.0,0.159,0.711,128.295,41,Country
Funny Face,1973,166000,3,0.541,0.249,2,-13.125,1,0.0339,0.813,5.59e-05,0.159,0.437,96.802,36,Pop
Spiderwebs,1995,266760,4,0.49,0.852,10,-7.192,1,0.0502,0.0376,2.21e-06,0.126,0.663,143.248,62,SKA
Push It,1998,242533,4,0.564,0.909,0,-6.471,1,0.0311,0.00034,0.11,0.0746,0.892,123.895,42,Alt. Rock
Work-Rest-Play-Die,1983,172866,4,0.317,0.812,1,-6.613,1,0.305,0.245,0.0,0.137,0.339,169.234,28,Punk
Sound System - 2007 Remaster,2007,134026,4,0.569,0.954,2,-4.82,1,0.126,0.35,0.000265,0.0768,0.574,91.205,54,SKA
Sabbath Bloody Sabbath,1973,346000,4,0.359,0.625,1,-9.643,0,0.0351,0.369,7.7e-05,0.0674,0.524,137.764,53,Metal
Living For The City,1973,219306,4,0.708,0.538,11,-10.28,1,0.0686,0.256,0.0,0.193,0.651,98.233,50,R&B
Live Like a Warrior,2004,234179,4,0.288,0.812,10,-4.908,1,0.156,0.0719,3.45e-06,0.329,0.349,90.006,42,Reggae
I Heard It Through The Grapevine,1967,165893,4,0.685,0.589,5,-11.785,1,0.0417,0.213,2.22e-05,0.205,0.906,112.385,43,R&B
"Yes,I’m Ready",1980,184000,3,0.237,0.377,5,-8.798,1,0.0287,0.902,0.0,0.131,0.479,173.142,55,Pop
Debaser,1989,171746,4,0.489,0.913,5,-9.152,0,0.0479,0.00015,0.709,0.0703,0.539,135.756,61,Alt. Rock
Rock ‘N’ Roll Fantasy,1979,197000,4,0.605,0.716,2,-5.471,1,0.0285,0.0261,5.82e-06,0.13,0.868,112.302,53,Pop
Pennsylvania 6-5000,1940,192240,4,0.707,0.279,1,-12.738,1,0.14,0.889,0.388,0.153,0.516,146.2,40,Jazz
Mode For Joe - Remastered,1966,480933,4,0.563,0.315,5,-14.799,0,0.0301,0.86,0.0254,0.128,0.445,91.863,22,Jazz
Saints,1993,152200,4,0.491,0.662,11,-11.987,1,0.0324,0.0323,0.283,0.47,0.824,114.737,45,Alt. Rock
Four Strong Winds,1963,209000,4,0.523,0.0339,7,-24.643,1,0.03,0.831,0.0,0.162,0.465,104.881,34,Folk
The Show Must Go On - 2008 Remaster,1975,267000,4,0.448,0.575,7,-8.828,1,0.0457,0.31,0.00472,0.11,0.361,127.74,21,Rock
Stormbringer - 2023 Remix,2015,319000,4,0.296,0.951,2,-4.871,0,0.0573,1.05e-05,0.176,0.389,0.346,89.047,18,Rock
Love Alive,1977,258000,4,0.543,0.335,2,-16.752,1,0.0459,0.29,0.00477,0.114,0.225,91.037,42,Rock
Political Song for Michael Jackson to Sing,1983,91133,4,0.538,0.895,1,-8.629,1,0.161,0.171,0.000601,0.115,0.74,171.858,27,Punk
Self Esteem,1998,257826,4,0.488,0.862,0,-7.595,1,0.0476,0.0204,0.0,0.359,0.706,104.56,77,Alt. Rock
Born in Chicago,1965,188866,4,0.419,0.597,2,-12.591,1,0.048,0.786,0.000769,0.321,0.941,76.177,36,Blues
Dark Side of My Heart,1993,276986,4,0.507,0.941,6,-4.349,0,0.0445,0.000412,0.0138,0.287,0.735,151.08,33,Metal
I Saved the World Today,1999,293000,4,0.52,0.635,5,-7.233,1,0.0331,0.152,6.16e-06,0.124,0.154,117.759,21,Rock
Red Carpet Massacre,2007,196000,4,0.725,0.816,11,-4.41,1,0.0453,0.254,1.05e-05,0.117,0.635,101.361,18,Rock
Genius of Love,1981,334360,4,0.921,0.529,2,-11.974,1,0.0851,0.0845,0.000779,0.0478,0.724,102.941,56,Disco
Timber I'm Falling In Love,1990,151800,4,0.591,0.622,1,-9.659,1,0.0264,0.0464,6.57e-06,0.335,0.771,124.937,16,Country
Shoop,1994,248000,4,0.939,0.674,0,-7.232,1,0.212,0.091,0.0,0.0565,0.792,96.918,70,Pop
Fashion Killa,2013,236280,4,0.801,0.819,11,-5.189,1,0.158,0.292,0.0,0.515,0.811,139.969,77,Rap
The Last Song (Love Needs To Be Loved),1969,186000,4,0.325,0.634,2,-7.576,1,0.0662,0.0167,0.0,0.0846,0.502,90.999,17,Rock
Where Are Ü Now (with Justin Bieber),2015,250285,4,0.432,0.781,4,-4.038,0,0.0567,0.041,4.21e-06,0.0789,0.197,139.432,74,EDM
The Moor (Remastered),1999,686786,4,0.303,0.859,5,-6.106,1,0.0819,0.00133,0.379,0.243,0.103,126.083,41,Metal
Bonded by Blood,1985,224066,4,0.182,0.96,4,-6.098,0,0.398,0.00015,7.52e-06,0.18,0.246,157.106,44,Metal
You Go To My Head,1965,442000,4,0.55,0.432,8,-12.599,1,0.0292,0.65,0.0312,0.0713,0.654,114.327,16,Jazz
Africa,1961,986533,4,0.427,0.45,9,-13.159,0,0.0429,0.461,0.171,0.0774,0.387,91.49,13,Jazz
Born To Be Bad,1977,271120,4,0.34,0.661,11,-6.437,0,0.0542,0.433,0.107,0.134,0.463,142.909,19,Punk
Down on the Farm,1981,190000,4,0.591,0.526,9,-10.69,1,0.0323,0.0112,0.00019,0.154,0.592,78.773,21,Rock
Sugar Shack,1963,123000,4,0.792,0.803,7,-7.484,1,0.0664,0.225,5.01e-06,0.065,0.881,132.85,40,Pop
Sweet Home Chicago - Mono Rough Mix,1967,240693,4,0.581,0.651,7,-8.033,1,0.0574,0.717,0.0195,0.18,0.922,126.112,29,Blues
Soul Cha Cha,1975,206455,4,0.713,0.844,11,-8.528,0,0.0919,0.219,0.000373,0.053,0.849,122.478,29,Disco
Monster Mash,1973,192000,4,0.541,0.504,11,-14.191,0,0.457,0.375,0.0,0.421,0.707,68.482,54,Pop
Miracles,1975,174000,4,0.721,0.718,7,-6.916,1,0.0431,0.00146,0.00013,0.12,0.343,96.48,59,Pop
Love Zone,1986,215000,4,0.652,0.783,1,-3.271,1,0.143,0.048,0.0,0.0866,0.664,129.843,45,Pop
Can't Get Used To Losing You,1983,185093,4,0.821,0.394,9,-13.189,0,0.0481,0.00192,0.152,0.0989,0.834,112.786,28,SKA
Miss Ann,1963,255800,4,0.535,0.468,11,-15.136,0,0.0499,0.737,0.00786,0.598,0.886,126.226,10,Jazz
I Get Around,1964,259000,4,0.846,0.416,10,-13.767,0,0.118,0.156,9.34e-06,0.238,0.645,96.188,67,Pop
Estranged,1991,563893,4,0.358,0.762,11,-8.323,1,0.0324,0.0105,0.282,0.368,0.168,89.246,63,Metal
Make It Real,1980,229000,4,0.587,0.734,10,-8.774,1,0.0602,0.0411,0.00307,0.358,0.697,121.715,35,Metal
Raveology,2014,262514,4,0.634,0.99,9,-3.035,1,0.0714,0.0164,0.785,0.0837,0.573,127.98,29,EDM
You're Still The One - Remastered 2023,2023,197797,4,0.527,0.665,3,-3.704,1,0.032,0.261,0.0,0.137,0.564,133.779,55,Country
Holy Wars...The Punishment Due,1990,396133,4,0.339,0.887,9,-12.179,1,0.0699,0.00291,0.316,0.296,0.317,125.086,52,Metal
Softly As In A Morning Sunrise - RVG Remaster 2008,1962,476893,4,0.549,0.23,8,-13.848,1,0.0593,0.888,0.334,0.114,0.382,133.876,20,Jazz
Hail and Kill,1988,357026,4,0.358,0.857,4,-12.569,0,0.0581,0.00478,5.2e-05,0.0586,0.2,93.156,51,Metal
Tender,1999,461946,4,0.587,0.566,9,-9.932,1,0.0276,0.469,0.0,0.0644,0.528,76.055,58,Alt. Rock
Gravity Rides Everything,2004,259839,4,0.395,0.443,4,-7.972,1,0.0396,0.431,0.0352,0.504,0.714,103.262,50,Alt. Rock
Got To Give It Up,1977,255000,4,0.854,0.847,2,-9.019,1,0.042,0.232,0.000569,0.345,0.89,122.644,64,Pop
Night In Tunisia,1954,660226,4,0.498,0.689,2,-10.731,1,0.0544,0.594,3.58e-05,0.612,0.748,93.385,9,Jazz
Do Me!,1990,236000,4,0.615,0.534,9,-6.719,0,0.0386,0.106,1.76e-05,0.0607,0.193,135.917,84,Pop
The Oath,1987,454040,4,0.149,0.871,4,-10.296,0,0.128,0.000326,0.837,0.0707,0.149,169.472,32,Metal
Pony Blues,1929,179533,4,0.435,0.319,10,-15.698,1,0.0514,0.975,0.957,0.128,0.485,119.625,10,Blues
Patient Number 9 (feat. Jeff Beck),2022,441000,4,0.318,0.87,5,-4.246,1,0.0652,0.000195,0.192,0.133,0.297,169.906,49,Rock
Lonely Too Long,1989,273973,4,0.572,0.593,1,-7.335,1,0.0239,0.5,4.47e-05,0.0381,0.388,89.803,29,Country
A Bit On The Side,2024,250000,4,0.409,0.989,1,-1.318,0,0.13,0.00571,0.000131,0.451,0.0558,104.016,29,Rock
The Way Life Goes (feat. Oh Wonder),2017,221746,4,0.703,0.757,1,-3.612,1,0.05,0.617,0.0,0.106,0.696,82.008,79,Rap
Hobo Blues,1949,183706,4,0.509,0.119,2,-19.147,1,0.0451,0.986,0.14,0.103,0.767,97.593,25,Blues
Forward Unto Zion,1969,226026,4,0.675,0.452,2,-13.87,1,0.107,0.422,0.00328,0.126,0.778,137.177,12,Reggae
Never Going to Drink Again,2000,110160,4,0.472,0.96,1,-5.935,1,0.049,0.000749,0.000147,0.309,0.866,106.026,0,SKA
Fever,1956,164680,4,0.689,0.357,5,-7.051,0,0.0466,0.751,2.51e-06,0.0818,0.535,63.456,39,R&B
Adios Amigo,1962,150266,3,0.476,0.166,10,-16.004,1,0.0291,0.686,0.000384,0.121,0.275,80.28,27,Country
House Of 1000 Corpses,2001,566826,4,0.36,0.793,0,-9.169,1,0.275,0.0113,0.871,0.0915,0.168,112.91,45,Metal
Black Friday Rule,2008,421106,4,0.304,0.95,11,-6.527,0,0.195,0.0288,0.00434,0.369,0.634,142.444,41,Punk
The Guns of Brixton,1979,189666,4,0.745,0.604,7,-9.311,1,0.0949,0.00254,0.0492,0.116,0.648,96.514,39,Alt. Rock
Black Girl (In the Pines),1944,129560,3,0.588,0.245,5,-9.547,1,0.036,0.961,9.97e-05,0.149,0.67,143.73,30,Blues
I Will Survive,1999,147906,4,0.409,0.862,7,-4.305,1,0.0812,0.00568,0.0,0.152,0.574,121.469,42,Punk
Any Man Of Mine,1995,246760,4,0.592,0.725,8,-8.698,1,0.0412,0.207,0.0,0.148,0.784,78.235,72,Country
Straight Up,1989,198000,4,0.552,0.733,3,-6.898,0,0.0933,0.0209,0.0,0.0858,0.643,143.56,65,Pop
Big Lizard,1985,119373,4,0.39,0.855,0,-11.909,1,0.0722,0.00666,0.00233,0.13,0.711,187.611,35,Punk
Only You,1996,229000,4,0.49,0.873,6,-5.861,1,0.0355,0.107,5.19e-06,0.118,0.513,103.272,69,Pop
I'm Still in Love With You,1971,201493,4,0.738,0.416,7,-9.108,1,0.0322,0.511,0.000197,0.122,0.769,86.535,24,SKA
Big Booty (feat. Megan Thee Stallion),2021,128995,4,0.826,0.767,1,-3.892,1,0.215,0.0308,0.0,0.113,0.436,159.973,52,Rap
Take This Hammer,1963,208186,4,0.485,0.463,4,-6.746,1,0.0334,0.427,0.00337,0.217,0.619,116.852,8,Blues
With Or Without You,1987,296226,4,0.546,0.539,2,-7.342,1,0.0267,0.000135,0.235,0.119,0.122,109.92,54,Alt. Rock
Loving You Is Sweeter Than Ever,1968,170426,4,0.53,0.616,5,-7.86,1,0.0378,0.107,0.0,0.0942,0.702,98.76,37,R&B
Highly Inflammable - Bonus Track,1978,155346,4,0.561,0.567,0,-6.315,1,0.0293,0.151,0.000252,0.0715,0.824,140.391,15,Punk
I Don't Remember Loving You,1982,221906,4,0.541,0.834,2,-7.831,1,0.0997,0.202,3.23e-06,0.976,0.532,83.979,27,Country
A Man I Hardly Know,1971,123200,4,0.658,0.364,8,-8.064,1,0.0277,0.771,1.41e-05,0.312,0.679,131.576,7,Country
I Want Your Sex,1987,264000,4,0.443,0.472,5,-10.94,1,0.0243,0.364,0.825,0.113,0.264,90.948,70,Pop
Cowboy Song,1976,314440,4,0.531,0.668,8,-9.494,1,0.115,0.218,0.00404,0.307,0.434,134.446,51,Metal
Skinny Legs And All,1968,191000,4,0.599,0.394,7,-16.106,1,0.0721,0.718,0.0018,0.706,0.824,130.56,14,Pop
Five Minutes,1982,199173,4,0.39,0.968,6,-11.571,1,0.0567,0.0665,3.85e-05,0.121,0.36,147.193,3,Punk
Me And Mrs. Jones,1973,284000,3,0.294,0.528,8,-10.01,1,0.0471,0.234,0.0,0.147,0.452,200.813,64,Pop
Shake And Dance With Me,1978,230573,4,0.938,0.481,7,-8.465,1,0.0462,0.542,0.0462,0.0598,0.967,114.929,25,Funk
White Iverson,2015,256532,4,0.675,0.561,7,-7.678,1,0.0352,0.233,0.0,0.0793,0.309,130.098,75,Rap
Before I Leave,2003,235333,4,0.726,0.578,5,-5.723,0,0.0438,0.0551,0.0,0.108,0.666,89.166,48,Reggae
Fever,1958,169200,4,0.68,0.544,4,-11.779,0,0.0408,0.644,0.0,0.268,0.833,120.505,33,Jazz
Rose of Sharyn,2004,216306,4,0.469,0.978,8,-4.399,1,0.0628,5.59e-05,0.0168,0.294,0.413,90.994,51,Metal
Black Disciple,1963,492120,4,0.426,0.463,0,-12.472,0,0.0356,0.866,0.000491,0.0915,0.627,130.224,16,Jazz
Gold (feat. Yuna),2016,257044,4,0.479,0.675,9,-4.893,0,0.0413,0.0319,0.00536,0.128,0.189,145.022,46,EDM
Old Shep,1941,196293,3,0.414,0.139,7,-14.046,1,0.0304,0.859,0.0,0.119,0.41,110.441,26,Country
Nobody Does It Better,1977,274000,4,0.736,0.561,0,-8.16,1,0.05,0.446,0.0,0.128,0.122,92.06,51,Pop
Voodoo Woman,1975,228200,4,0.661,0.525,5,-9.42,0,0.0382,0.369,5.76e-06,0.0943,0.964,91.601,43,Blues
Not Ready to Make Nice,2006,237296,4,0.425,0.554,6,-4.145,1,0.0298,0.134,8.56e-05,0.0963,0.288,83.917,62,Country
Turtle Blues,1968,261000,4,0.54,0.484,7,-9.745,1,0.0314,0.836,0.000223,0.529,0.484,109.09,40,Rock
Irish Drinking Song,1997,118053,4,0.558,0.791,0,-9.473,1,0.0645,0.0199,0.0,0.296,0.491,112.617,32,SKA
Success Story,1975,200000,4,0.582,0.905,7,-7.782,1,0.0431,0.206,1.47e-05,0.0668,0.704,137.658,20,Rock
I Believe in Santa Claus - Remix 2017,2009,218000,4,0.502,0.793,0,-6.624,1,0.0338,0.0153,0.0,0.291,0.374,145.959,4,Rock
Greater is Coming,2017,399386,4,0.434,0.808,5,-3.484,0,0.0432,0.0656,0.0,0.148,0.356,98.031,37,Gospel
Introduction To Naked Soul,1987,73560,4,0.374,0.0104,7,-25.467,1,0.0395,0.978,0.826,0.119,0.205,37.623,38,Jazz
634-5789,1966,178586,4,0.647,0.388,2,-11.92,1,0.0407,0.31,0.000701,0.792,0.765,103.246,36,R&B
Between You Baby and Me,1975,283106,3,0.352,0.385,9,-11.265,1,0.104,0.568,0.0,0.128,0.332,178.151,17,Disco
Kung Fu Fighting,1975,197000,4,0.621,0.764,2,-8.702,1,0.0578,0.146,4.97e-05,0.161,0.745,102.288,72,Pop
American Generation,1979,296773,4,0.52,0.839,4,-7.97,1,0.0502,0.364,0.112,0.269,0.565,126.712,27,Disco
I Can Love You Better,1998,233915,4,0.788,0.748,9,-5.439,1,0.0344,0.419,0.0,0.0638,0.608,119.781,51,Country
T-Bone Shuffle,1951,170000,4,0.656,0.396,8,-13.577,1,0.0329,0.817,0.135,0.127,0.801,132.088,36,Blues
Satisfaction Guaranteed (Or Take Your Love Back) ,1970,210186,4,0.724,0.853,9,-4.951,0,0.139,0.0761,0.0,0.193,0.736,126.462,29,R&B
That Girl,2006,241026,4,0.643,0.797,2,-5.588,1,0.169,0.311,0.0,0.331,0.701,96.008,50,Rap
Burn - 2004 Remix,1974,363000,4,0.342,0.933,0,-4.241,1,0.053,0.0227,0.0668,0.38,0.496,97.947,15,Metal
Keep a Cool Head,1969,124280,4,0.723,0.451,5,-7.04,0,0.0315,0.77,0.0161,0.0651,0.897,80.765,26,Reggae
The Power of the Mind (Qlimax Anthem 2007),2007,328810,4,0.58,0.942,9,-9.915,1,0.157,0.0326,0.0323,0.221,0.113,149.963,35,EDM
Alley Oop,1960,215000,4,0.879,0.786,11,-5.891,0,0.279,0.0607,2.35e-05,0.291,0.545,75.003,47,Pop
More Than You Know - 1996 Remastered,1996,195466,4,0.716,0.149,0,-11.789,0,0.0414,0.988,0.657,0.296,0.495,79.618,15,Jazz
Wish You Were Here,2001,212733,4,0.246,0.768,9,-7.48,1,0.0387,0.000631,0.301,0.102,0.35,169.873,70,Alt. Rock
What About Love,1985,221000,4,0.245,0.63,2,-7.065,0,0.038,0.29,0.0,0.323,0.3,160.652,61,Pop
"So Fresh,So Clean",2000,240026,3,0.725,0.64,5,-7.905,0,0.332,0.0281,0.0,0.099,0.915,166.028,72,Rap
Suicide,1996,173306,4,0.342,0.986,1,-2.179,1,0.254,0.0728,0.509,0.538,0.249,113.56,32,SKA
Bounce,2005,114226,4,0.46,0.977,0,-3.853,0,0.0394,0.000245,0.201,0.283,0.89,92.666,60,Metal
Take 'Em All,1978,153493,4,0.591,0.844,2,-5.554,1,0.04,0.0124,0.0,0.159,0.76,85.135,43,Punk
Clampdown,1979,229133,4,0.678,0.683,11,-7.995,0,0.111,0.0397,8.13e-05,0.287,0.833,145.345,30,Alt. Rock
The Duck,1966,192000,4,0.709,0.768,5,-6.427,1,0.0476,0.636,0.0,0.289,0.725,94.989,59,Pop
Crying in the Rain - 1987 Version; 2018 Remaster,1987,337000,3,0.319,0.905,4,-7.232,0,0.099,0.000509,2.88e-05,0.358,0.234,128.241,35,Metal
You're My World Girl,1977,252266,4,0.575,0.292,0,-12.536,1,0.0263,0.733,0.0,0.101,0.307,94.525,0,Disco
The Selah,1970,189213,4,0.754,0.494,3,-6.495,1,0.0554,0.608,0.0207,0.096,0.798,94.864,12,Reggae
I Am A Rock,1966,256000,4,0.6,0.537,9,-7.777,0,0.0362,0.0468,0.0038,0.206,0.126,90.061,76,Pop
The Window,1976,256000,4,0.48,0.374,9,-13.593,0,0.035,0.107,0.000116,0.173,0.367,87.927,31,Rock
Into the Crypts of Rays,1984,219306,4,0.154,0.968,11,-6.938,0,0.0861,1.73e-06,0.772,0.626,0.252,168.839,37,Metal
One Big Family,1982,212200,4,0.744,0.501,9,-14.759,1,0.0604,0.000914,1.67e-05,0.0518,0.801,160.073,23,Reggae
Sweet And Innocent,1971,182000,4,0.762,0.786,0,-5.08,1,0.044,0.498,0.000201,0.141,0.969,125.524,25,Pop
Line Of Sight,2017,236470,4,0.408,0.728,8,-6.357,1,0.176,0.0391,0.00139,0.19,0.169,180.23,59,EDM
Celebrate,1980,309000,4,0.683,0.708,2,-7.499,1,0.0441,0.535,0.257,0.0511,0.78,135.372,23,Rock
Summer Nights - Tiësto’s Deep House Remix,2016,192096,4,0.61,0.885,5,-3.929,0,0.055,0.0102,0.0,0.393,0.464,123.989,32,EDM
"Giving Up,Giving In",1973,367520,4,0.551,0.853,0,-6.058,0,0.0332,0.00297,0.0307,0.659,0.615,131.66,9,Disco
Left of the Dial,1985,222866,4,0.247,0.971,9,-4.895,1,0.136,0.00508,0.00634,0.281,0.248,150.648,23,Punk
My Whole World Ended (THE Moment You Left Me),1969,212000,4,0.567,0.667,5,-9.419,1,0.0411,0.00632,0.0,0.0306,0.849,110.152,38,Pop
Got To Be Enough,1980,346973,4,0.923,0.517,0,-12.393,1,0.0435,0.0529,0.164,0.0516,0.976,123.699,37,Funk
The Magic Is You (Medley) - Original Mix,1978,816602,4,0.534,0.876,10,-8.369,0,0.182,0.0141,2.48e-05,0.0387,0.709,132.813,4,Disco
Autumn Leaves,1958,659520,4,0.535,0.258,7,-9.499,0,0.033,0.768,8.95e-05,0.115,0.281,110.953,53,Jazz
Lovergirl,1984,290893,4,0.76,0.853,9,-4.594,0,0.0658,0.119,0.00212,0.0996,0.842,123.301,40,Disco
Use It Up and Wear It Out,1980,242091,4,0.89,0.43,1,-16.66,1,0.0575,0.389,0.000373,0.343,0.661,126.004,0,Disco
I Believe I'm Gonna Make It,1960,179068,3,0.519,0.545,0,-9.557,1,0.0353,0.246,0.0,0.258,0.669,97.299,20,R&B
Look on Yonder Wall,1945,143066,4,0.75,0.0928,5,-16.602,0,0.0611,0.591,0.0,0.104,0.565,70.452,4,Blues
The Wild Boys,1985,257000,4,0.741,0.837,11,-7.622,0,0.0638,0.404,0.0,0.138,0.583,115.69,56,Pop
He's Able,1994,306546,4,0.559,0.55,10,-8.671,1,0.0254,0.537,0.0,0.531,0.284,100.9,20,Gospel
I Can’t Get Next To You,1969,174000,4,0.693,0.687,5,-12.909,1,0.0973,0.575,0.0,0.398,0.699,108.854,51,Pop
Good Hearted Woman,1972,181440,4,0.484,0.413,2,-14.422,1,0.0394,0.633,0.0442,0.375,0.766,106.72,60,Country
Bark at the Moon,1983,257000,4,0.303,0.961,9,-5.333,0,0.243,0.00253,6.2e-05,0.132,0.305,146.591,63,Metal
Kathleen,1969,167453,4,0.428,0.115,1,-17.311,0,0.0306,0.771,2.67e-05,0.0516,0.331,91.69,32,Folk
What In The World - Live,1977,457706,3,0.42,0.439,9,-10.409,1,0.0342,0.194,0.0644,0.684,0.562,142.358,35,Blues
Sh-Boom,1954,144000,4,0.655,0.515,5,-7.726,1,0.0452,0.612,0.0,0.228,0.885,136.683,62,Pop
When Will I Be Loved,1960,124000,4,0.513,0.573,9,-10.023,1,0.0337,0.186,0.000958,0.0878,0.621,132.607,59,Pop
Smoke On The Water,1973,342000,4,0.632,0.586,0,-11.333,1,0.0284,0.0983,0.581,0.0535,0.89,114.243,63,Pop
Slow Motion,1992,197000,4,0.733,0.408,7,-7.834,0,0.0388,0.679,3.92e-05,0.11,0.291,94.947,66,Pop
Making Believe,1977,215960,4,0.424,0.386,8,-9.475,1,0.0292,0.648,0.00109,0.451,0.436,103.953,30,Country
Long Cool Woman In A Black Dress,1972,199000,4,0.757,0.868,9,-9.326,1,0.062,0.411,0.00221,0.355,0.815,138.918,77,Pop
Never Surrender,1985,210000,4,0.387,0.828,1,-3.955,0,0.0382,0.0439,0.0,0.301,0.306,161.922,51,Pop
Feels So Good,1977,582733,4,0.576,0.603,5,-9.603,1,0.0329,0.455,0.0537,0.0406,0.524,103.658,51,Jazz
Embraceable You,1955,291173,4,0.427,0.105,0,-14.939,1,0.0354,0.947,0.000103,0.147,0.0507,118.785,48,Jazz
Sorry You Asked?,1995,205533,4,0.674,0.859,4,-3.343,1,0.0328,0.556,8.18e-05,0.0572,0.881,96.772,23,Country
Streets Of Bakersfield,1973,158423,4,0.482,0.639,9,-6.94,1,0.0392,0.083,0.0,0.0713,0.943,202.861,43,Country
You And I,1981,486026,4,0.782,0.874,8,-6.651,0,0.0759,0.297,0.00327,0.572,0.826,119.378,41,R&B
Unforgettable,1959,165800,3,0.324,0.191,0,-14.919,1,0.0308,0.885,0.0031,0.236,0.203,94.406,29,Jazz
Look on Yonder Wall,1964,269400,4,0.488,0.717,11,-9.901,0,0.04,0.513,0.000841,0.12,0.883,110.033,1,Blues
Hella Good,2002,242586,4,0.772,0.665,8,-3.947,1,0.0349,0.0136,0.012,0.0905,0.838,115.138,63,Alt. Rock
"Li'l Darlin' - Live At The Tropicana Hotel,Las Vegas/1969",1969,292306,4,0.268,0.0368,0,-23.97,1,0.0338,0.933,0.0522,0.888,0.214,63.577,39,Jazz
Let Me In,1966,176000,4,0.407,0.625,7,-10.436,1,0.0421,0.0326,0.00271,0.18,0.723,79.58,21,Rock
I Love You Always Forever,1997,239000,4,0.744,0.453,5,-11.977,1,0.0348,0.627,0.421,0.0898,0.122,103.773,69,Pop
Deliverance,2002,816720,4,0.283,0.973,4,-4.006,0,0.0459,0.000281,0.706,0.192,0.275,97.303,44,Metal
Be Careful With a Fool,1969,314880,3,0.294,0.736,7,-7.961,0,0.151,0.282,0.0418,0.102,0.753,208.576,51,Blues
Sodom And Gomorrah,1978,375213,4,0.714,0.567,1,-12.913,1,0.0349,0.0618,0.0,0.139,0.887,131.565,11,Disco
Femme Fatale,1967,159000,4,0.55,0.143,0,-15.753,1,0.0332,0.912,0.0,0.118,0.149,103.921,62,Alt. Rock
Ship To Wreck,2015,234526,4,0.564,0.923,9,-3.843,0,0.0325,0.00147,0.0,0.277,0.587,141.991,56,Alt. Rock
Good Thing Going,1982,220212,4,0.772,0.394,1,-12.72,1,0.128,0.416,0.00236,0.0741,0.882,79.686,47,Reggae
Romantic,1991,132000,4,0.571,0.544,6,-10.613,1,0.0299,0.453,0.00805,0.322,0.216,132.052,86,Pop
Stay Schemin,2012,267720,4,0.541,0.735,7,-4.234,0,0.167,0.0611,0.0,0.12,0.322,162.305,67,Rap
This Girl’s In Love With You,1969,167000,4,0.666,0.31,0,-14.909,1,0.0333,0.686,0.901,0.111,0.549,84.735,33,Pop
Happily Ever After,1999,151000,4,0.688,0.683,5,-6.629,0,0.0932,0.017,0.0,0.134,0.528,156.087,67,Pop
Dread at the Controls,1982,230186,4,0.861,0.539,7,-9.487,1,0.0544,0.163,0.0,0.0974,0.911,131.165,14,Reggae
Black Rat - Take 4,1969,172720,4,0.574,0.584,7,-2.84,1,0.0276,0.0454,0.0,0.0607,0.688,100.311,25,Blues
"Trouble No More (Source) - Bear's Sonic Journals: Live at Fillmore East,02/11/1970",1990,308000,4,0.544,0.683,5,-12.224,1,0.0318,0.107,0.00332,0.346,0.795,129.273,31,Rock
Without Me,2002,290320,4,0.908,0.669,7,-2.827,1,0.0738,0.00286,0.0,0.237,0.662,112.238,87,Rap
Just One Last Time (feat. Taped Rai),2012,227106,4,0.532,0.812,8,-2.507,1,0.0547,0.021,0.0,0.124,0.207,128.063,35,EDM
"After Hours - Live At Smalls' Paradise,Harlem,NYC,1957 / Remastered 1999 / Rudy Van Gelder Edition",1957,658986,4,0.542,0.377,5,-11.514,1,0.0459,0.878,0.683,0.569,0.54,137.746,10,Jazz
Show Me Love,1998,252000,4,0.811,0.833,5,-4.259,1,0.153,0.014,2.06e-05,0.0769,0.567,120.258,71,Pop
Let Me off Uptown,1941,186693,1,0.562,0.376,1,-8.656,1,0.0654,0.843,0.000156,0.0949,0.592,152.382,16,Jazz
I Found Love (When I Found You),2004,241840,4,0.494,0.663,9,-5.638,1,0.0288,0.0267,0.00286,0.136,0.459,167.925,18,Blues
I Know an Old Lady (Who Swallowed a Fly),1961,180200,5,0.617,0.152,10,-18.372,1,0.653,0.889,0.0,0.106,0.61,173.58,29,Folk
The Cutter,1983,232746,4,0.471,0.955,7,-5.219,1,0.121,0.00485,1.44e-06,0.162,0.35,139.266,49,Alt. Rock
Happy Fat Annie,1967,124000,4,0.619,0.333,6,-14.432,0,0.132,0.541,0.0,0.0591,0.927,120.904,1,Rock
Cry to Me,1980,348600,3,0.475,0.455,8,-12.165,1,0.0339,0.149,1.41e-05,0.233,0.462,101.681,32,Disco
Bohemian Rhapsody,1992,354000,4,0.391,0.402,0,-9.961,0,0.0539,0.289,0.0,0.243,0.228,143.879,71,Pop
Give Me the Night,1980,301026,4,0.835,0.765,1,-7.831,1,0.0681,0.475,0.0692,0.12,0.855,110.282,63,Jazz
Rollin' and Tumblin',1959,152424,4,0.427,0.815,7,-6.043,1,0.0319,0.000236,0.00634,0.174,0.882,102.873,14,Blues
Disco Queen,1979,205914,4,0.762,0.9,4,-9.966,1,0.0322,0.0243,0.0,0.0715,0.93,134.083,19,Disco
Do You Wanna Dance? - 2017 Remaster,1978,115706,4,0.366,0.889,9,-2.408,1,0.0314,6.72e-05,0.000797,0.444,0.916,181.743,49,Alt. Rock
California Girls,1965,160000,4,0.503,0.62,11,-6.069,1,0.0295,0.471,0.0,0.159,0.713,116.598,60,Pop
"What'd I Say,Pt. 1 & 2",1959,307053,4,0.54,0.681,4,-5.44,1,0.0508,0.808,0.0,0.162,0.794,88.385,58,R&B
Stand Back,1983,297000,4,0.638,0.783,11,-9.455,0,0.0435,0.00736,0.0447,0.0381,0.637,115.269,57,Pop
Dim All The Lights,1979,280800,4,0.79,0.624,7,-13.953,1,0.0322,0.0322,0.00114,0.187,0.82,120.56,44,R&B
Indians,1987,341333,4,0.379,0.941,11,-10.443,0,0.038,0.000869,0.000637,0.0393,0.527,105.155,50,Metal
I Remember You,1962,243000,4,0.584,0.536,10,-8.158,1,0.0279,0.112,0.0,0.456,0.441,127.001,67,Pop
Love You for the Summer,2018,172727,4,0.588,0.913,7,-5.583,0,0.0371,0.0564,0.0285,0.164,0.517,132.003,55,EDM
Back to Love,1985,312066,4,0.882,0.722,4,-4.826,0,0.0311,0.107,2.09e-06,0.0779,0.925,115.326,34,Disco
"Mercy,Mercy,Mercy - Live At Caesars Palace,Las Vegas,Nevada/1968",1968,335160,4,0.605,0.812,10,-7.119,1,0.0639,0.588,0.0397,0.744,0.671,123.032,24,Jazz
Snatch It Back And Hold It,1965,174466,4,0.765,0.408,4,-13.079,1,0.167,0.0984,0.0,0.141,0.891,136.713,36,Blues
Stuck On You,1960,205000,3,0.599,0.463,7,-7.449,1,0.0472,0.162,6.64e-05,0.141,0.141,158.053,68,Pop
The Good Left Undone,2006,181453,5,0.179,0.979,1,-3.803,0,0.145,0.000212,1.72e-06,0.131,0.524,197.022,55,Punk
Boss D.J.,1992,171693,4,0.586,0.261,7,-7.107,1,0.0485,0.741,0.0,0.168,0.559,126.057,50,Alt. Rock
The Moil,1998,190933,4,0.585,0.938,8,-6.158,1,0.0416,0.002,0.952,0.221,0.723,106.131,11,Funk
Weekend In L.A.,1987,254000,4,0.404,0.89,11,-6.496,0,0.0857,0.059,0.00092,0.626,0.749,187.649,31,SKA
The Gold Song,1999,196466,4,0.595,0.99,7,-2.89,1,0.0668,0.00213,0.0,0.0406,0.555,111.935,37,Punk
Who Is It,1993,225000,4,0.798,0.639,4,-7.391,0,0.0424,0.00141,0.0,0.0836,0.421,129.443,60,Pop
More And More,1993,214000,4,0.375,0.428,0,-7.387,1,0.029,0.109,0.0,0.105,0.361,78.516,65,Pop
All I Need,2019,225750,4,0.82,0.948,4,-3.154,1,0.092,0.00374,0.943,0.068,0.551,123.991,52,EDM
Free Time,2007,181773,4,0.741,0.683,6,-7.767,0,0.067,0.135,0.0,0.171,0.883,91.576,38,SKA
Monkey Man,1969,175533,4,0.843,0.528,10,-12.474,1,0.0448,0.222,2.62e-06,0.0752,0.961,128.491,38,SKA
Highway 101,1988,224546,4,0.445,0.955,5,-3.591,0,0.0725,2.22e-05,0.0274,0.231,0.382,129.817,41,Punk
Give up the Funk (Let's Dance),1975,373720,4,0.884,0.635,3,-15.564,0,0.0704,0.0474,0.444,0.299,0.879,115.583,2,Disco
Butcher Pete (Part 1),1950,148466,4,0.727,0.9,3,-4.1,0,0.13,0.82,6.74e-05,0.262,0.866,92.087,46,R&B
What The Hell?,2005,186386,4,0.574,0.599,0,-2.6,1,0.0273,0.529,0.000315,0.369,0.716,94.941,21,Blues
Kiss The Bride,2024,231000,3,0.42,0.299,7,-11.402,1,0.0268,0.716,6.58e-05,0.174,0.181,177.824,46,Rock
Beautiful Child,1999,207000,4,0.176,0.564,7,-6.411,1,0.0344,0.0642,0.0,0.135,0.344,203.592,4,Rock
Broken Shadows,1971,400133,3,0.307,0.543,2,-9.686,0,0.0407,0.135,0.392,0.33,0.261,105.639,25,Jazz
Camay (feat. Raekwon & Cappadonna),2000,271933,4,0.708,0.61,10,-8.45,0,0.367,0.167,0.0,0.21,0.469,89.141,32,Rap
POWER,2010,292093,4,0.542,0.914,0,-4.747,0,0.113,0.0161,0.0,0.744,0.576,153.993,76,Rap
Rock Steady,1970,160266,4,0.677,0.346,0,-9.039,1,0.0595,0.611,0.00613,0.0646,0.778,173.056,48,SKA
Voices,1974,290000,4,0.408,0.335,7,-13.283,1,0.0294,0.0445,4.03e-05,0.276,0.356,95.057,18,Rock
Run Around,1966,156000,4,0.452,0.657,7,-9.22,1,0.0556,0.491,0.0,0.219,0.695,112.2,18,Rock
Raise Your Weapon,2010,502909,4,0.506,0.698,1,-7.483,1,0.0812,0.0165,0.00174,0.112,0.0701,140.001,47,EDM
A Little Bitty Tear,1962,126000,4,0.512,0.274,0,-14.106,1,0.0411,0.877,0.000278,0.183,0.86,143.106,25,Pop
When He Speaks,1994,181866,4,0.541,0.229,11,-7.467,1,0.0282,0.849,0.0,0.102,0.216,127.851,34,Gospel
Funkdafied,1994,185000,4,0.802,0.461,11,-12.367,0,0.302,0.0757,0.0,0.109,0.74,90.995,51,Pop
Control,1986,353306,4,0.785,0.786,11,-12.487,1,0.0501,0.28,0.236,0.158,0.638,120.404,45,R&B
Pledge Your Allegiance,1988,270693,4,0.424,0.711,9,-12.811,1,0.0352,0.0236,0.000324,0.133,0.441,92.493,34,Metal
Making Believe,1955,175800,4,0.566,0.266,10,-11.303,1,0.0254,0.707,0.0,0.283,0.474,102.697,36,Country
Just the Way You Are,1977,290000,4,0.589,0.453,7,-8.912,1,0.0397,0.703,2.54e-05,0.134,0.513,139.148,47,Rock
Here We Go Again!,1993,142000,4,0.621,0.756,4,-4.421,0,0.0312,0.0172,4.19e-06,0.293,0.421,143.847,55,Pop
Voodoo,1998,282653,4,0.778,0.614,10,-9.897,0,0.0487,0.17,2.61e-06,0.102,0.853,120.005,63,Metal
Power of the Night,1987,314080,4,0.411,0.896,5,-13.76,1,0.0803,0.0203,0.162,0.135,0.172,87.421,17,Metal
I Love Sex (And Rock And Roll),1980,228053,4,0.465,0.875,2,-6.32,1,0.0465,0.0593,0.0,0.181,0.197,97.93,10,Punk
Backbone,2021,258265,4,0.311,0.993,2,-2.479,1,0.0727,1.41e-05,0.00131,0.198,0.118,90.436,54,Metal
Ladies Night,1979,385506,4,0.657,0.431,9,-15.682,1,0.166,0.149,2.18e-05,0.0428,0.926,112.008,57,R&B
(OUR Love) Don’t Throw It All Away,1979,250000,4,0.349,0.337,5,-13.193,1,0.0528,0.357,6.05e-05,0.643,0.208,143.143,60,Pop
How Great Is Our God,2004,305426,4,0.32,0.573,1,-5.653,1,0.0319,0.107,0.0,0.0854,0.077,156.05,63,Gospel
Pretty Little Angel Eyes,1961,165000,4,0.624,0.565,1,-8.164,0,0.0542,0.306,0.0,0.367,0.95,106.343,40,Pop
The Pusher,1968,352000,4,0.482,0.402,0,-13.45,1,0.027,0.165,0.0169,0.0717,0.721,81.502,49,Rock
Thank You (Falettinme Be Mice Elf Agin) - Single Version,1969,291320,4,0.9,0.709,9,-12.683,1,0.0636,0.296,0.00047,0.0863,0.897,105.822,54,Funk
Three Women Blues,1928,163218,3,0.414,0.0338,3,-26.65,1,0.0401,0.995,0.0261,0.114,0.66,83.217,8,Blues
Snow (Hey Oh),2006,334666,4,0.427,0.9,11,-3.674,1,0.0499,0.116,1.75e-05,0.119,0.599,104.655,79,Alt. Rock
Dog Days Are Over,2008,251840,4,0.492,0.81,7,-5.315,1,0.0847,0.0416,0.00379,0.117,0.245,149.954,75,Alt. Rock
I'm Just A Singer (In A Rock And Roll Band),1972,262000,4,0.247,0.922,6,-8.2,0,0.11,0.0234,0.00232,0.176,0.666,149.621,22,Rock
Psychedelic,2014,267203,4,0.543,0.951,7,-4.826,0,0.0721,0.0337,0.0168,0.207,0.261,150.001,37,EDM
Bookends Theme,1968,32000,4,0.419,0.106,9,-34.602,0,0.107,0.985,0.93,0.103,0.62,142.262,45,Rock
Africa,1983,295000,4,0.671,0.373,9,-18.064,1,0.0323,0.257,8.01e-05,0.0481,0.732,92.718,86,Pop
The Charade,2014,200840,4,0.671,0.733,7,-7.88,1,0.0653,0.254,0.218,0.207,0.462,120.08,36,R&B
I Know (Live),1997,350185,4,0.488,0.586,1,-8.378,1,0.181,0.0664,5.35e-06,0.91,0.228,101.953,28,SKA
Express Yourself,1970,265000,4,0.851,0.583,8,-11.022,0,0.286,0.0506,0.0,0.236,0.956,95.048,60,Pop
Sweet City Woman,1971,207000,4,0.696,0.736,7,-7.283,1,0.048,0.255,0.0,0.117,0.917,88.133,59,Pop
Fantastic Vehicle,1960,154933,4,0.664,0.242,9,-11.504,0,0.0434,0.788,0.736,0.105,0.367,77.058,15,Jazz
Fire,2018,205617,4,0.386,0.714,6,-5.597,0,0.381,0.263,0.0,0.233,0.289,89.807,48,EDM
All Tomorrow's Parties,1967,359680,4,0.357,0.498,2,-13.712,1,0.0455,0.04,0.000469,0.0965,0.134,92.432,16,Alt. Rock
My All,1998,230933,4,0.607,0.317,7,-10.244,0,0.029,0.732,4.53e-05,0.086,0.111,108.122,66,R&B
Good Time Charlie,1977,151405,4,0.521,0.687,2,-7.998,1,0.0338,0.261,2.67e-05,0.144,0.763,111.944,4,Blues
I Heard The Angels Sing,1962,258113,4,0.593,0.416,4,-15.053,1,0.336,0.899,0.217,0.707,0.714,77.433,8,Blues
I'll Play The Blues For You - Album Version - (Parts 1 & 2),1972,437600,4,0.666,0.392,7,-14.69,0,0.0304,0.0442,0.013,0.0797,0.583,96.481,31,Blues
One of These Days - 2007 Remaster,2007,67333,4,0.571,0.953,2,-5.271,1,0.281,0.0979,1.33e-05,0.205,0.888,177.809,34,Punk
Dancer,1980,508120,4,0.896,0.339,11,-9.576,0,0.0884,0.0183,0.552,0.0311,0.389,122.106,43,Disco
La La Bam-Bam,1977,227480,4,0.851,0.603,6,-8.436,1,0.049,8.39e-05,0.0,0.115,0.89,125.243,30,Reggae
Prison Song,2001,201160,4,0.493,0.974,1,-3.252,1,0.135,0.0202,8.31e-05,0.182,0.354,99.647,67,Metal
The Ghost in You,1984,257000,4,0.585,0.476,10,-14.432,1,0.0285,0.0943,1.59e-06,0.0904,0.74,123.511,45,Alt. Rock
The Only One,1986,295200,4,0.51,0.726,4,-13.567,1,0.0577,0.000773,0.000169,0.124,0.249,137.477,19,Punk
Fancy Clown,2004,115826,4,0.537,0.753,8,-9.441,1,0.35,0.328,1.52e-05,0.368,0.693,90.292,66,Rap
1963,1986,335640,4,0.631,0.778,8,-12.989,1,0.0303,0.0241,0.0998,0.0323,0.927,125.75,32,Alt. Rock
Loser,1994,235000,4,0.654,0.611,2,-10.45,1,0.119,0.0337,0.000178,0.405,0.786,85.387,70,Alt. Rock
Superficial Love,1981,78760,4,0.488,0.843,0,-5.195,1,0.0688,0.00108,0.0,0.504,0.682,114.954,44,Punk
Fake Plastic Trees,1995,290706,4,0.463,0.229,2,-12.592,1,0.0297,0.167,0.0997,0.202,0.135,73.543,72,Alt. Rock
"We ""A"" Rockers",1983,301626,4,0.613,0.432,10,-16.99,1,0.212,0.0119,0.0,0.323,0.839,140.76,16,Reggae
One Word,1982,272000,4,0.429,0.39,2,-13.3,1,0.0299,0.437,0.000385,0.19,0.165,123.555,8,Rock
Blood of the Kings,1982,449600,4,0.358,0.686,4,-12.542,1,0.0429,5.49e-05,0.0311,0.097,0.361,148.406,39,Metal
Who's That Lady - 1991 Remastered,1964,169333,4,0.638,0.449,0,-11.391,0,0.0531,0.225,0.0,0.121,0.608,134.993,34,R&B
It's Morning,2004,232000,4,0.366,0.522,0,-10.943,1,0.0361,0.303,0.0,0.2,0.737,192.71,2,Rock
I Still Can’t Get Over Loving You,1984,245000,4,0.633,0.546,1,-12.346,1,0.0399,0.104,4.95e-06,0.0765,0.476,83.709,4,Pop
Blue Yodel No. 11,1929,178333,4,0.676,0.252,1,-11.727,1,0.0484,0.957,0.0,0.151,0.558,107.993,4,Country
"Wu-Gambinos (feat. Ghostface Killah,Method Man,RZA & Masta Killa) - Hidden Chambers Remix",1997,339506,4,0.706,0.687,9,-4.301,0,0.34,0.0914,0.000162,0.083,0.493,99.034,39,Rap
If You Had My Love,1999,266000,4,0.68,0.625,11,-7.0,0,0.0353,0.0645,5.81e-05,0.109,0.814,94.02,66,Pop
Hold On,1982,227000,4,0.777,0.414,6,-7.44,0,0.0946,0.00421,2.73e-05,0.0724,0.287,100.002,71,Pop
Billy Don’t Be A Hero,1974,205000,4,0.701,0.69,11,-10.27,1,0.0399,0.0226,0.0,0.173,0.964,122.19,39,Pop
"Shout,Pts. 1 & 2",1959,268560,4,0.489,0.866,10,-7.433,1,0.0933,0.753,0.0,0.876,0.416,138.63,57,R&B
How Sweet It Is (To Be Loved by You),1975,216000,4,0.764,0.628,0,-10.961,1,0.048,0.336,0.0,0.0977,0.823,109.008,64,Pop
A Whole New World,1993,160000,4,0.285,0.227,0,-15.793,1,0.0354,0.846,2.11e-06,0.1,0.135,115.8,65,Pop
Against The Wind,1980,333000,4,0.674,0.771,7,-5.612,1,0.0246,0.28,0.0318,0.133,0.718,109.618,65,Pop
Try Jah Love,1976,409933,4,0.761,0.581,1,-13.548,0,0.0386,0.0952,0.0,0.14,0.891,111.808,40,Reggae
Over The Rainbow - 2023 Remaster,2023,299986,4,0.295,0.226,8,-10.998,1,0.0274,0.857,0.0136,0.113,0.114,93.272,43,Folk
Pastures Of Plenty,1940,144600,4,0.592,0.181,2,-15.507,1,0.0865,0.968,0.554,0.12,0.535,126.571,25,Folk
Star Sapphire,2007,141250,4,0.159,0.00376,4,-38.134,1,0.0396,0.993,0.843,0.0889,0.0395,68.936,63,Funk
Book Of Dreams,1986,203306,4,0.706,0.58,4,-12.03,1,0.0284,0.459,0.00335,0.104,0.867,116.045,23,Folk
Mo' Better Blues (feat. Terence Blanchard),1990,218973,4,0.616,0.278,1,-16.973,1,0.0283,0.357,0.192,0.153,0.443,100.325,39,Jazz
Puppy Love,1960,161000,4,0.234,0.443,7,-7.605,1,0.0361,0.701,0.0,0.25,0.448,68.69,57,Pop
Are You Going With Me?,1982,527373,4,0.645,0.345,0,-15.857,0,0.0327,0.543,0.866,0.0983,0.489,120.272,41,Jazz
Guilty,1981,457533,4,0.686,0.729,3,-12.444,1,0.0362,0.00325,1.81e-05,0.0868,0.775,124.691,37,Disco
Not Tonight,1997,252000,4,0.854,0.602,6,-10.162,0,0.32,0.0689,0.0,0.292,0.592,99.429,49,Pop
Let’s Think About Livin,1960,153000,4,0.626,0.809,2,-6.05,1,0.0406,0.248,7.16e-05,0.717,0.933,95.991,0,Pop
Sell Out,1996,227493,4,0.557,0.87,1,-6.332,1,0.125,0.064,1.51e-05,0.208,0.947,104.708,55,SKA
You Remind Me Of Something,1996,249000,4,0.631,0.536,6,-7.194,1,0.0586,0.591,0.0,0.108,0.829,59.999,44,Pop
Let It All Blow - Special Disco Remix,1984,410466,4,0.806,0.584,5,-12.48,0,0.0476,3.73e-05,0.691,0.0562,0.543,115.343,18,Funk
I Got A Rich Man's Woman,1973,283133,3,0.374,0.446,2,-10.629,0,0.0321,0.566,0.0477,0.442,0.65,166.508,0,Blues
Merry Christmas (I Don't Want To Fight Tonight),2017,127000,4,0.435,0.987,0,-3.083,1,0.091,0.00166,0.00747,0.0823,0.523,147.953,4,Rock
Swedish Pagans,2008,253226,4,0.257,0.979,7,-4.079,1,0.121,0.0883,0.0452,0.545,0.17,135.067,53,Metal
Shine,1984,226466,4,0.757,0.871,2,-5.543,0,0.0507,0.014,0.00246,0.0544,0.553,104.994,37,Reggae
Girlie Girlie,2011,205000,4,0.654,0.776,3,-6.246,1,0.0297,0.0297,0.0,0.134,0.814,84.012,13,Rock
Ashes to Ashes - 2016 Remaster,1997,216200,4,0.572,0.81,0,-7.407,1,0.0274,8.52e-05,0.000138,0.0998,0.313,98.459,51,Metal
Love Takes Time,1979,229000,4,0.403,0.338,8,-12.371,0,0.0322,0.727,0.0,0.0849,0.233,126.23,56,Pop
Bra,1972,306360,4,0.676,0.769,7,-10.142,1,0.0535,0.00545,0.0256,0.131,0.891,117.733,46,Funk
Sing Me Back Home,1968,171493,4,0.658,0.312,9,-11.061,1,0.0326,0.291,0.0,0.142,0.614,109.695,42,Country
He's A Pirate,2011,183555,4,0.296,0.951,2,-4.845,0,0.0757,0.000933,0.864,0.419,0.0509,134.967,50,EDM
Everything Your Heart Desires,1988,300000,4,0.706,0.861,10,-5.774,1,0.0411,0.157,1.29e-06,0.256,0.887,99.992,37,Pop
Subliminal Fascism,1996,87453,4,0.571,0.983,10,-4.981,0,0.101,0.0311,0.0184,0.17,0.646,115.082,18,SKA
Mirage,1982,294000,4,0.443,0.668,2,-11.131,0,0.0355,0.0588,0.855,0.117,0.631,94.401,39,Jazz
Friday I’m In Love,1992,220000,4,0.448,0.123,7,-15.193,1,0.0409,0.948,0.0,0.0816,0.143,123.491,55,Pop
Go West,1979,251466,4,0.74,0.705,1,-11.647,1,0.0396,0.0316,2.38e-05,0.0607,0.866,127.968,35,Disco
Under The Boardwalk,1964,161000,4,0.747,0.226,7,-13.635,1,0.0414,0.908,0.000168,0.107,0.778,123.792,68,Pop
Heaven Must Be Like This,1974,438133,4,0.462,0.429,0,-12.616,1,0.0323,0.0405,0.00486,0.256,0.514,140.268,38,R&B
Going Underground,1980,174506,4,0.319,0.836,11,-6.706,1,0.113,0.00364,1.84e-05,0.1,0.94,180.56,56,Punk
Dancing With Mr D - Instrumental,1978,276000,4,0.473,0.939,9,-2.643,1,0.0854,0.522,0.515,0.299,0.514,72.548,43,Rock
Psychotic Reaction,1981,234733,4,0.25,0.988,11,-5.754,1,0.13,0.0198,0.526,0.668,0.161,131.484,24,Punk
Epic,1989,293653,4,0.358,0.893,4,-7.486,0,0.12,0.0222,0.0524,0.126,0.262,174.238,65,Metal
Sukiyaki,1981,189000,4,0.415,0.359,7,-11.094,1,0.0334,0.707,6.53e-05,0.319,0.404,146.029,43,Pop
I'm Waiting for the Man - May 1965 Demo,1965,283853,4,0.61,0.224,5,-13.471,1,0.0314,0.981,0.0259,0.153,0.349,99.035,17,Alt. Rock
Choo Choo Ch'Boogie,1946,137026,4,0.518,0.944,2,-6.993,0,0.219,0.843,0.0,0.331,0.698,185.282,27,R&B
Celebration,1981,298000,4,0.886,0.664,1,-11.795,1,0.0524,0.145,0.0483,0.0767,0.906,121.631,70,Pop
Sin Semilla Kaya Dub,1977,190373,4,0.835,0.312,6,-21.297,0,0.0718,0.0439,0.837,0.116,0.762,103.638,3,Reggae
Wild World,1988,218426,4,0.763,0.352,0,-11.789,1,0.0555,0.261,8.45e-05,0.0791,0.732,83.993,56,Reggae
You’re Still The One,1998,160000,4,0.44,0.0208,2,-29.104,1,0.0498,0.994,0.935,0.0988,0.34,59.926,39,Pop
Come Dancing,1983,236000,4,0.491,0.751,7,-11.549,1,0.0686,0.23,1.22e-05,0.0666,0.916,152.43,51,Pop
She Believes In Me,1979,258000,4,0.32,0.412,10,-12.472,1,0.0311,0.484,5.02e-06,0.346,0.316,142.779,62,Pop
Red Rubber Ball,1966,137000,4,0.644,0.459,9,-11.702,1,0.0322,0.657,0.0,0.0876,0.852,92.801,42,Pop
One Sweet Day,1995,281066,4,0.568,0.495,1,-8.964,1,0.0299,0.353,0.0,0.0839,0.303,128.234,68,R&B
In Your Own Sweet Way,1977,1079000,4,0.454,0.342,1,-18.531,1,0.0444,0.786,0.101,0.254,0.364,94.698,16,Jazz
I Go To Extremes,1990,263000,4,0.592,0.918,5,-4.744,1,0.036,0.0143,1.25e-05,0.287,0.568,127.095,47,Pop
We Shall Behold Him,1981,270373,3,0.441,0.361,8,-12.518,1,0.0282,0.351,0.0,0.359,0.374,81.055,8,Gospel
Midnight In Moscow,1962,179000,4,0.543,0.476,5,-11.111,0,0.0294,0.202,0.939,0.128,0.887,166.446,26,Pop
Him,1980,268000,4,0.589,0.731,2,-6.343,1,0.0868,0.0534,0.0,0.308,0.191,87.908,76,Pop
I Want to Be a Cowboy's Sweetheart,1935,190413,4,0.687,0.413,2,-8.831,1,0.0414,0.694,1.71e-06,0.151,0.838,119.937,26,Country
Big Nuthin',1979,280933,4,0.549,0.688,3,-6.182,1,0.029,0.728,0.0,0.154,0.57,87.082,15,Folk
I Never Loved A Man (THE Way I Love You),1967,171000,4,0.657,0.371,5,-9.186,1,0.0359,0.367,0.0459,0.157,0.709,134.867,53,Pop
Doctor’s Orders,1975,263000,4,0.657,0.914,7,-4.493,1,0.0285,0.002,0.0356,0.0688,0.542,127.001,6,Pop
Give It To Me Baby,1981,248133,4,0.706,0.727,11,-8.714,1,0.0456,0.114,7.7e-05,0.174,0.965,119.55,64,Funk
Dr. Funkenstein,1976,346066,4,0.606,0.55,7,-16.9,1,0.513,0.274,0.000206,0.0854,0.649,167.393,31,R&B
The Pretender,2007,269373,4,0.433,0.959,9,-4.04,1,0.0431,0.000917,0.0,0.028,0.365,172.984,78,Alt. Rock
Moon Child (The Re-Entry) - Terry Hunter Club Mix,1979,543948,4,0.749,0.865,10,-5.406,0,0.0456,0.00519,0.13,0.0342,0.904,124.008,4,Funk
My Pretty Girl,1927,161800,4,0.618,0.568,7,-8.876,1,0.083,0.952,0.868,0.106,0.962,128.99,7,Jazz
Spiders And Snakes,1974,174000,4,0.659,0.707,4,-10.244,1,0.0962,0.636,7.95e-06,0.1,0.754,86.283,12,Pop
Doesn't Make It Alright - 2015 Remaster,2015,206080,4,0.713,0.38,7,-10.599,1,0.0668,0.022,0.13,0.308,0.833,139.728,36,SKA
I’ll Tumble 4 Ya,1983,154000,4,0.823,0.597,1,-12.983,1,0.259,0.114,0.0,0.0785,0.681,112.893,0,Pop
Sweet Soul Sister,1989,308266,4,0.442,0.866,5,-9.245,1,0.0614,0.124,0.0103,0.159,0.151,93.012,49,Metal
Just Like Noah's Ark,2006,333000,4,0.652,0.868,3,-4.574,1,0.0294,0.246,0.226,0.406,0.923,123.909,15,Rock
Come And Get These Memories,1963,143666,4,0.532,0.664,3,-7.293,1,0.0447,0.653,1.14e-06,0.208,0.848,127.007,31,R&B
Move On Up,1970,165789,4,0.538,0.969,11,-5.626,0,0.0907,0.419,0.00144,0.12,0.928,138.654,54,R&B
Turn The Beat Around,1976,233000,4,0.735,0.804,6,-6.476,0,0.0347,0.0145,0.0,0.0716,0.539,130.018,42,Pop
Just My Imagination (RUNNING Away With Me),1971,228000,4,0.425,0.242,0,-15.424,1,0.0267,0.88,0.0118,0.195,0.477,92.472,63,Pop
Indescribable,2004,238786,3,0.379,0.799,11,-4.131,1,0.0291,0.0817,0.0,0.108,0.41,179.761,48,Gospel
Shine A Little Love,1979,281000,4,0.687,0.695,7,-8.95,1,0.032,0.217,0.00806,0.0569,0.884,133.134,49,Pop
Girl/Boy Song,1995,292826,4,0.53,0.64,0,-9.149,1,0.102,0.426,0.916,0.0878,0.482,168.937,39,EDM
New Rose,1976,164013,4,0.192,0.967,1,-7.718,0,0.108,0.00535,4.09e-05,0.294,0.245,173.847,40,Punk
Words In My Mouth,2011,259000,4,0.382,0.803,3,-6.466,1,0.0421,0.0108,1.35e-05,0.238,0.481,175.903,9,Rock
Leave The World Behind - Radio Edit,2009,161718,4,0.525,0.849,10,-7.727,0,0.0484,0.00232,0.00196,0.322,0.277,128.055,58,EDM
Makin’ It,1979,282000,4,0.617,0.38,5,-9.809,1,0.0486,0.67,0.000582,0.0697,0.315,172.024,48,Pop
Securicor,1979,147906,4,0.347,0.965,2,-6.939,1,0.184,0.00101,0.0374,0.284,0.307,214.848,17,Punk
Tour,1995,286333,4,0.892,0.65,1,-7.251,0,0.107,0.0722,1.19e-06,0.0555,0.394,97.061,26,Reggae
Take Your Time (DO It Right),1980,209000,4,0.917,0.489,0,-5.417,1,0.0569,0.134,0.0,0.0664,0.603,118.12,30,Pop
Peso,2011,169560,4,0.415,0.831,10,-6.837,0,0.36,0.193,0.0,0.0768,0.583,139.63,67,Rap
Doctor's Orders,1974,270533,4,0.662,0.636,0,-14.2,1,0.0336,0.0679,0.737,0.0891,0.963,125.845,42,Disco
Hey Nineteen,1981,309000,4,0.936,0.249,2,-18.341,1,0.0641,0.0374,0.00452,0.0631,0.822,119.986,63,Pop
Absolutely Curtains,1972,350000,5,0.126,0.23,7,-19.231,0,0.0382,0.095,0.612,0.0939,0.0371,85.271,32,Rock
Halo,2003,543398,4,0.229,0.969,9,-4.729,1,0.252,0.000191,0.0425,0.431,0.0875,148.609,38,Metal
The Yellow Princess,1968,293146,4,0.269,0.351,11,-18.824,0,0.0403,0.122,0.872,0.082,0.51,109.002,16,Folk
Not Anymore,1977,221173,4,0.354,0.753,2,-10.479,0,0.0632,0.0174,0.00124,0.171,0.581,116.116,25,Punk
I Need Lunch - Live at Max's Kansas City Halloween 1976,1976,256363,4,0.301,0.831,9,-7.226,1,0.084,0.0256,0.0139,0.732,0.144,118.69,7,Punk
Commotion - Remastered 1985,1969,164000,4,0.71,0.634,7,-8.457,1,0.0304,0.0223,0.0439,0.186,0.751,127.539,28,Rock
Dream Warriors,1987,288466,4,0.551,0.867,9,-7.853,0,0.0458,0.0246,2.93e-06,0.201,0.359,117.52,46,Metal
Martin & Gina,2020,132832,4,0.832,0.534,1,-7.813,0,0.253,0.345,0.0,0.165,0.116,93.924,79,Rap
I Can't Stop,2010,305785,4,0.524,0.601,0,-13.399,0,0.0335,0.00108,0.601,0.398,0.314,139.972,53,EDM
You Shook Me,1962,255226,3,0.338,0.251,5,-17.826,1,0.036,0.65,0.019,0.269,0.587,183.015,25,Blues
Wayfaring Pilgrim,1978,308026,3,0.366,0.167,0,-16.925,0,0.033,0.271,0.884,0.226,0.458,168.634,45,Blues
This Is What You Came For,2016,222160,4,0.631,0.927,9,-2.787,0,0.0332,0.199,0.119,0.148,0.465,123.962,84,EDM
Paper Roses,1960,158000,4,0.359,0.504,8,-10.555,1,0.0349,0.272,1.52e-05,0.332,0.73,114.172,38,Pop
Don't Haffi Dread,1994,238550,4,0.722,0.376,7,-10.175,0,0.303,0.0214,0.0,0.053,0.753,76.002,41,Reggae
I Just Want To Be Your Everything,1977,225000,4,0.651,0.648,9,-7.44,1,0.0346,0.167,1.7e-05,0.192,0.868,97.017,65,Pop
Constantly,1995,257000,4,0.747,0.667,9,-6.75,1,0.0304,0.274,5.03e-05,0.109,0.405,122.597,41,Pop
Changes,1998,268826,4,0.865,0.665,7,-6.289,1,0.073,0.0453,0.0,0.224,0.331,111.113,73,Rap
Living in America,1985,248533,4,0.714,0.907,0,-4.687,1,0.0412,0.00121,0.000346,0.216,0.788,114.122,45,R&B
Take Out Some Insurance,1959,143331,4,0.747,0.288,9,-14.435,1,0.0513,0.663,0.0,0.122,0.566,111.33,51,Blues
You’ve Got Your Troubles,1965,204000,4,0.522,0.216,0,-19.885,0,0.0306,0.937,0.838,0.132,0.501,134.773,0,Pop
Dancing With Mr D,1978,187000,4,0.452,0.99,9,-2.823,1,0.0523,0.123,0.885,0.0677,0.875,152.096,40,Rock
Brandy (YOU’RE A Fine Girl),1972,190000,4,0.762,0.56,4,-6.054,1,0.0319,0.0733,0.00679,0.0886,0.797,125.0,36,Pop
Get Low (with Liam Payne),2019,204583,4,0.718,0.926,1,-3.511,1,0.0494,0.027,1.76e-05,0.0513,0.54,108.018,53,EDM
Blues For Ray,1950,191360,4,0.425,0.292,8,-17.648,1,0.0337,0.926,0.884,0.107,0.921,134.354,13,Jazz
Love Insurance - Album Mix,1982,403026,4,0.783,0.528,1,-12.462,1,0.0479,0.000577,0.0223,0.0621,0.966,122.043,8,Disco
What’s My Name?,1994,201000,4,0.776,0.58,1,-7.26,0,0.13,0.0228,0.0,0.162,0.409,143.032,53,Pop
Rats,2019,261573,4,0.524,0.944,2,-5.73,0,0.0839,6.11e-06,0.526,0.135,0.24,124.03,56,Metal
Iris,1998,289533,3,0.315,0.715,11,-8.072,0,0.0362,0.00125,7.97e-06,0.0942,0.497,155.925,88,Alt. Rock
You Gotta Move,1965,200666,4,0.623,0.151,9,-16.275,1,0.0626,0.697,0.000354,0.102,0.309,75.033,43,Blues
"Hello,I Love You",1968,133000,4,0.597,0.554,11,-14.144,0,0.0425,0.029,0.0,0.0766,0.963,117.835,61,Pop
More,1963,216000,4,0.62,0.869,6,-5.479,1,0.0462,0.615,0.0,0.131,0.597,126.019,80,Pop
Tremor - Sensation 2014 Anthem,2014,294466,4,0.631,0.939,6,-4.21,0,0.0363,0.000351,0.747,0.955,0.452,127.992,54,EDM
Real Love,1992,269973,4,0.769,0.781,0,-5.472,1,0.0797,0.12,0.00037,0.0506,0.826,95.021,62,R&B
Got To Choose,1974,234000,4,0.449,0.676,6,-6.453,1,0.0366,0.0737,0.0593,0.235,0.567,109.93,31,Rock
Concrete Jungle,2003,204266,4,0.451,0.987,9,-4.105,1,0.106,9.54e-06,0.102,0.0568,0.368,137.731,42,Metal
Goo Goo Muck,1981,186038,4,0.583,0.767,4,-11.38,0,0.0296,0.288,0.0789,0.0606,0.736,141.683,63,Punk
You Can't Change Me,2016,187185,4,0.548,0.929,3,-2.739,0,0.0545,0.29,0.319,0.0376,0.538,123.796,5,EDM
Mary Jane’s Last Dance,1994,271000,4,0.427,0.698,2,-7.15,1,0.0539,0.0486,0.0,0.109,0.62,168.717,46,Pop
London Dungeon,1983,154400,4,0.344,0.912,0,-11.219,1,0.164,0.109,0.0973,0.19,0.273,170.842,53,Metal
Blues with a Feeling,1966,264680,1,0.383,0.599,0,-9.766,1,0.0626,0.48,0.00186,0.222,0.644,134.301,23,Blues
Home At Last,1958,166320,4,0.576,0.338,3,-11.06,1,0.0457,0.817,4.58e-06,0.125,0.676,112.734,4,R&B
Love Hurts,2006,237066,4,0.474,0.805,4,-4.063,0,0.0266,0.0129,2.51e-06,0.175,0.409,78.102,56,Alt. Rock
Wicked,2018,173346,4,0.718,0.679,11,-5.899,0,0.0706,0.00191,0.0104,0.385,0.205,157.97,61,Rap
For Your Eyes Only,1981,184000,4,0.244,0.44,7,-7.777,1,0.0475,0.871,8.65e-05,0.372,0.113,82.02,60,Pop
The Broomfield Hill,1960,161733,4,0.864,0.0981,2,-12.685,1,0.103,0.99,0.0,0.217,0.762,112.197,0,Folk
The Crowd - 2007 Remaster,2007,131333,4,0.281,0.967,9,-4.764,1,0.12,0.076,0.00085,0.379,0.555,188.487,43,Punk
A Milli,2008,221840,4,0.674,0.695,6,-8.636,0,0.278,0.0387,0.00202,0.194,0.773,151.486,68,Rap
You're Calling Me Sweetheart Again,1962,138293,3,0.598,0.336,9,-6.718,1,0.035,0.767,0.0,0.128,0.56,140.174,0,Country
Rude Boy,2012,164575,4,0.568,0.858,11,-2.442,0,0.307,0.0308,0.778,0.108,0.453,139.795,37,EDM
Visions Of Paradise,1968,255000,4,0.405,0.227,0,-14.993,1,0.0345,0.954,0.894,0.128,0.149,119.999,24,Rock
Honky Tonk Heroes,1973,215666,4,0.726,0.627,2,-11.303,1,0.0508,0.405,0.045,0.0999,0.559,102.967,42,Country
Paper In Fire,1987,231000,4,0.607,0.905,4,-4.748,1,0.0427,0.00122,0.000276,0.0624,0.533,141.984,52,Pop
Take Time To Know Her,1968,185000,3,0.321,0.337,2,-12.825,1,0.0427,0.698,0.00116,0.0721,0.371,155.279,34,Pop
Queen of the Highway,1970,167000,4,0.661,0.595,5,-9.582,0,0.037,0.605,0.000667,0.0888,0.697,125.095,49,Rock
His Eye Is On the Sparrow,1960,261333,5,0.29,0.026,5,-21.119,1,0.042,0.919,0.000142,0.112,0.125,116.099,22,Gospel
My Maria,1996,208106,4,0.673,0.842,3,-4.627,1,0.0366,0.06,0.000257,0.178,0.898,125.57,73,Country
Sweating Bullets,1992,326600,4,0.331,0.859,4,-5.55,0,0.166,0.000315,0.00815,0.48,0.684,77.451,36,Metal
...And the Mouse Police Never Sleeps - 2003 Remaster,1978,192000,3,0.525,0.879,0,-8.675,0,0.0786,0.0838,6.27e-06,0.289,0.936,165.061,23,Rock
It’s Not Love (Re-Recorded / Remastered),1985,303386,4,0.691,0.717,6,-5.856,0,0.0457,6.26e-05,0.0,0.071,0.695,115.034,13,Metal
It’s Up To You,1963,72000,4,0.512,0.328,9,-10.127,1,0.246,0.864,0.886,0.113,0.724,95.048,26,Pop
Another Kinda Love,1966,184000,4,0.491,0.451,2,-14.319,0,0.0418,0.61,0.0142,0.295,0.758,169.507,20,Blues
Don't Stop 'Til You Get Enough,1979,365466,4,0.878,0.821,11,-9.875,1,0.089,0.126,0.0461,0.183,0.947,118.881,74,R&B
Insensitive,1996,255000,4,0.512,0.429,2,-9.931,1,0.0256,0.154,8.81e-05,0.101,0.332,178.669,51,Pop
Goodbye Earl,1999,258640,4,0.705,0.7,0,-7.38,1,0.0295,0.0192,0.0,0.0755,0.765,122.841,63,Country
No Diggity,1996,304000,4,0.867,0.646,1,-4.674,0,0.288,0.303,0.0,0.279,0.67,88.634,77,Pop
Nowhere To Run,1965,181640,4,0.606,0.815,2,-9.377,0,0.0485,0.104,0.00566,0.0515,0.877,129.34,60,R&B
My Little Queen Bee (Got A Brand New King),1958,156426,4,0.475,0.601,5,-6.027,1,0.0329,0.361,5.05e-05,0.168,0.844,136.628,27,Blues
Someday I Suppose,1997,208000,4,0.5,0.776,9,-7.909,1,0.0908,0.0142,0.0,0.187,0.82,87.742,41,SKA
Love Somebody,1984,296000,3,0.497,0.693,8,-7.024,1,0.0565,0.19,0.0,0.215,0.358,111.539,67,Pop
Without You,2017,246000,3,0.717,0.637,0,-3.401,0,0.0347,0.25,0.306,0.347,0.392,119.951,32,EDM
The Ragtime Dance,1902,198293,4,0.46,0.137,3,-26.688,1,0.046,0.98,0.919,0.156,0.485,92.139,27,Jazz
You’ve Got A Friend,1971,255000,4,0.765,0.317,11,-11.881,0,0.0274,0.88,2.35e-06,0.126,0.524,108.04,55,Pop
Empire,1990,324000,4,0.318,0.89,2,-4.542,1,0.089,0.00207,1.47e-05,0.0395,0.413,78.76,24,Metal
Black Velvet,2011,209093,3,0.497,0.399,10,-8.949,0,0.0341,0.195,0.775,0.149,0.612,119.535,27,Funk
D.O.A.,2008,98906,4,0.332,0.948,4,-7.564,0,0.106,6.19e-05,0.0169,0.38,0.683,141.871,19,Punk
Windowlicker,1999,365640,4,0.696,0.775,10,-5.097,0,0.142,0.132,0.00879,0.37,0.474,123.023,52,EDM
Silver City Bound,1940,361135,3,0.508,0.167,3,-17.045,1,0.188,0.847,0.000193,0.0977,0.615,180.68,3,Blues
Come And Get It,1970,181000,4,0.567,0.987,4,-4.069,1,0.0765,0.000133,2.38e-05,0.371,0.383,107.974,62,Pop
The Warrior,1984,208000,4,0.684,0.865,1,-3.979,0,0.432,0.502,0.0,0.143,0.48,120.094,63,Pop
I Saw Your Mommy...,1988,292800,4,0.32,0.715,4,-8.86,1,0.0536,0.00704,0.0,0.338,0.771,95.547,40,Metal
Lonesome Loser,1979,241000,4,0.453,0.59,0,-7.77,1,0.0248,0.0613,0.0,0.29,0.434,109.919,57,Pop
Love to Love - 2008 Remaster,1977,436786,3,0.358,0.652,4,-8.206,0,0.0317,0.0017,0.0218,0.123,0.0625,129.864,39,Metal
No Fun - 2019 Remaster,2019,318213,4,0.586,0.772,9,-4.732,1,0.0292,0.00557,0.0346,0.137,0.727,122.531,40,Punk
The Bottle Left Me,2008,177066,4,0.478,0.964,0,-5.29,1,0.0395,0.0007,2.61e-06,0.149,0.928,100.171,25,SKA
It’s All Right,1963,167000,3,0.558,0.365,1,-15.422,1,0.25,0.256,0.0,0.341,0.635,81.503,47,Pop
Still,1980,246000,4,0.946,0.646,5,-6.604,1,0.21,0.219,0.0,0.0643,0.961,127.978,75,Pop
That's The Way Love Goes,1993,265106,4,0.703,0.7,5,-6.789,1,0.0693,0.302,0.471,0.0718,0.582,97.675,64,R&B
Fire Hive,2014,278361,4,0.686,0.98,1,-2.966,0,0.228,0.000304,0.703,0.171,0.614,140.054,41,EDM
Sad Movies (MAKE Me Cry),1961,199000,4,0.61,0.272,2,-10.071,1,0.0286,0.888,7.11e-06,0.245,0.608,107.116,37,Pop
Strange Meadow Lark,1959,442226,4,0.53,0.143,8,-17.471,1,0.0423,0.958,0.497,0.278,0.119,125.464,46,Jazz
Ordinary,2000,167733,4,0.497,0.965,0,-4.027,1,0.0493,0.00132,0.000134,0.192,0.598,112.968,41,Punk
Games People Play,1975,284133,4,0.675,0.45,11,-10.878,0,0.0381,0.529,0.00109,0.0632,0.634,76.195,44,R&B
Rose Colored Glasses,1978,200493,3,0.396,0.379,8,-14.236,1,0.043,0.382,0.0,0.105,0.368,114.447,56,Country
Frankie and Johnny,1929,170226,4,0.772,0.478,0,-7.45,1,0.0355,0.928,1.91e-06,0.191,0.766,83.406,20,Country
Message In Our Music,1976,380160,4,0.668,0.774,5,-7.001,1,0.0468,0.149,4.34e-05,0.254,0.771,128.317,28,Disco
Baby I Love You,1967,249000,4,0.651,0.747,1,-7.269,0,0.0699,0.0528,0.0,0.207,0.776,147.518,69,Pop
"The Cry - Live From Chattanooga,TN",2012,483053,4,0.301,0.908,1,-4.685,0,0.241,0.00955,0.0,0.545,0.0671,165.567,25,Gospel
I Want to Go with You,1966,159413,3,0.307,0.22,1,-12.057,1,0.0302,0.891,3.09e-05,0.146,0.514,111.355,14,Country
Up Park Camp,1972,189760,4,0.814,0.538,1,-5.668,0,0.0347,0.0883,6.22e-06,0.0864,0.588,136.129,10,Reggae
Solitude,1956,128880,3,0.3,0.0102,7,-25.611,1,0.0334,0.986,0.00324,0.0926,0.143,86.456,40,Jazz
U.M.M.G. (Upper Manhattan Medical Group),1967,300133,4,0.504,0.558,6,-8.566,1,0.0366,0.769,0.242,0.14,0.578,110.77,15,Jazz
In the Name of God,2005,854733,4,0.316,0.857,5,-5.577,0,0.0599,4.1e-05,0.00175,0.0834,0.362,105.032,44,Metal
Guy For That (Feat. Luke Combs),2023,164011,4,0.608,0.914,8,-4.116,1,0.0721,0.00545,0.0,0.137,0.511,120.01,86,Rap
The Day We Killed,2000,205878,4,0.674,0.948,7,-0.43,1,0.0334,0.0128,0.0,0.0938,0.559,112.977,11,SKA
If I Ever Leave This World Alive,2004,201533,4,0.353,0.615,2,-5.932,1,0.0294,0.227,9.16e-06,0.0506,0.492,104.829,55,Punk
I’d Die Without You,1993,250000,4,0.617,0.266,1,-18.812,1,0.0398,0.253,0.00083,0.0993,0.349,79.981,48,Pop
"Lonesome Christmas,Pt. 1",1950,180039,3,0.441,0.446,3,-17.379,1,0.108,0.0299,0.0,0.137,0.917,132.87,0,Blues
Monkey,1988,231000,4,0.401,0.953,4,-4.276,1,0.0752,1.83e-05,2.56e-05,0.149,0.555,174.217,69,Pop
Thank You Lord,1962,376640,4,0.362,0.934,10,-4.713,1,0.168,0.778,0.159,0.568,0.375,146.311,13,Gospel
Whatever Happened To Randolph Scott?,1978,114400,4,0.699,0.451,2,-14.647,1,0.0304,0.815,0.0,0.202,0.863,95.772,28,Country
Ghetto Child,1973,230719,4,0.647,0.405,2,-11.651,0,0.0292,0.387,2.82e-06,0.067,0.737,109.423,34,R&B
My Girl,1979,164933,4,0.689,0.915,1,-4.77,0,0.0376,0.102,0.00028,0.087,0.704,119.378,28,SKA
Idle Moments,1963,897626,4,0.486,0.0863,0,-18.495,0,0.0695,0.953,0.799,0.0891,0.187,63.677,35,Jazz
He'll Have To Go,1960,199733,4,0.381,0.174,5,-16.261,1,0.032,0.87,0.00546,0.242,0.451,77.649,8,Country
I Think Of You,1973,264031,4,0.679,0.339,7,-16.136,1,0.0336,0.685,8.62e-06,0.458,0.575,104.091,1,Disco
She's Still Loving Me,1994,263253,4,0.672,0.749,10,-4.62,1,0.0725,0.279,0.0,0.114,0.96,80.775,35,Reggae
High On Life (feat. Bonn),2017,230761,4,0.414,0.486,6,-6.431,0,0.0311,0.0129,0.0,0.111,0.368,128.038,68,EDM
I Don't Mind,1978,139800,4,0.266,0.884,8,-7.113,1,0.0693,0.0534,3.73e-05,0.106,0.857,166.761,32,Punk
Blues Ain't Nothin',1984,242333,4,0.627,0.486,10,-9.448,0,0.0396,0.276,0.000518,0.277,0.692,171.601,32,Blues
Something Beautiful,2013,221360,4,0.776,0.487,0,-5.57,1,0.0532,0.107,0.000122,0.0621,0.779,154.097,45,Funk
Time After Time,1998,240000,3,0.381,0.153,2,-13.145,1,0.0402,0.924,0.00127,0.122,0.218,181.003,56,Folk
You'd Be So Nice To Come Home To - alt. take,1990,447026,4,0.457,0.259,7,-18.979,0,0.0361,0.782,0.0349,0.0874,0.632,107.102,23,Jazz
Crazy Little Thing Called Love,1980,163000,4,0.599,0.762,0,-6.887,1,0.0423,0.714,4.43e-06,0.35,0.715,76.961,73,Pop
Man in the Mirror - 2012 Remaster,1988,318680,4,0.808,0.812,8,-5.012,1,0.0381,0.52,7.91e-05,0.134,0.269,100.331,66,R&B
If You Love Me,1995,146000,4,0.595,0.776,11,-5.772,0,0.0386,0.129,0.000602,0.246,0.933,92.881,74,Pop
Slide,1977,410853,4,0.597,0.823,4,-12.8,0,0.0328,0.0027,0.11,0.11,0.933,115.948,39,Funk
Hey Brother,2013,255093,4,0.545,0.78,7,-4.867,0,0.0436,0.0309,4.64e-05,0.0828,0.458,125.014,78,EDM
Love Is On The Way,1993,130000,4,0.616,0.653,5,-6.699,0,0.307,0.487,0.0,0.119,0.561,84.882,59,Pop
The Weekend,1986,229933,4,0.794,0.368,1,-15.087,1,0.0304,0.442,0.0,0.0553,0.743,98.14,39,Country
Your Love Is King,1984,219893,3,0.741,0.421,9,-6.789,1,0.0303,0.577,7.19e-05,0.0374,0.595,134.621,59,R&B
Dazz - Single Version,1976,202000,4,0.722,0.778,4,-7.931,1,0.0611,0.0697,7.46e-06,0.0414,0.839,109.076,49,Funk
One Chance,1998,355000,4,0.788,0.539,10,-7.164,0,0.192,0.00291,0.000784,0.0452,0.748,90.008,25,Rock
Woman,1981,172000,4,0.824,0.764,5,-4.175,0,0.0854,0.0888,0.00294,0.117,0.881,107.998,84,Pop
Since I Don't Have You,1959,158000,4,0.265,0.602,6,-4.231,1,0.0319,0.59,0.000293,0.299,0.663,70.722,52,Pop
Everybody Is In The Place,2016,171696,4,0.607,0.989,2,-3.513,1,0.0866,0.000438,0.209,0.0715,0.0355,130.05,25,EDM
You’re The Reason I’m Living,1963,148000,4,0.347,0.209,2,-12.525,1,0.0276,0.766,0.0,0.24,0.36,72.3,22,Pop
Gimme Danger [2023 Remaster] - Bowie Mix,2023,211191,4,0.453,0.602,3,-11.505,0,0.0431,0.0101,0.409,0.143,0.373,131.796,41,Punk
I Guess I Showed Her,1992,218493,4,0.822,0.599,7,-11.927,1,0.0327,0.092,2.66e-05,0.144,0.971,127.715,35,Blues
Yesterday,1963,142240,4,0.479,0.39,7,-8.178,0,0.0288,0.877,0.846,0.158,0.443,90.579,4,Folk
Dare Me,1985,259120,4,0.71,0.917,4,-5.275,0,0.0909,0.0799,1.95e-06,0.18,0.944,109.641,38,Disco
"Touching,Feeling,Knowing",1976,436226,4,0.434,0.446,11,-15.769,0,0.0392,0.864,0.918,0.0934,0.109,92.514,2,Jazz
Don't Turn Around,1988,220026,4,0.756,0.558,4,-16.157,1,0.0476,0.162,5.5e-06,0.0748,0.802,97.002,48,Reggae
Five O’clock World,1966,138000,4,0.496,0.691,9,-9.833,1,0.0327,0.0737,1.75e-05,0.051,0.893,126.43,43,Pop
Dangerous (feat. Kid Cudi),2014,150613,4,0.414,0.543,5,-9.455,1,0.103,0.636,1.71e-05,0.0813,0.0565,171.869,52,Rap
Deceiver of the Gods,2013,259173,4,0.262,0.991,1,-5.373,0,0.167,4.09e-05,0.204,0.15,0.0827,192.858,47,Metal
Stoned Out Of My Mind,1972,184533,4,0.719,0.69,6,-8.953,0,0.0378,0.116,2.07e-06,0.398,0.791,105.776,29,R&B
(DON’T Fear) The Reaper,1976,308000,4,0.333,0.927,9,-8.55,0,0.0733,0.0029,0.000208,0.297,0.385,141.466,74,Pop
Watching The Wheels,1981,239000,4,0.607,0.612,0,-8.666,1,0.0523,0.408,5.2e-06,0.32,0.272,82.935,56,Pop
Wake up In the Sky,2018,203161,4,0.799,0.579,4,-5.144,0,0.0487,0.00381,0.0,0.367,0.363,142.987,0,Rap
St. Thomas,1956,407600,4,0.552,0.509,0,-9.828,1,0.0428,0.605,0.509,0.0827,0.74,112.049,39,Jazz
Come A Little Bit Closer (#3*),1964,150000,4,0.586,0.524,0,-10.276,1,0.0327,0.8,0.452,0.0435,0.964,154.898,21,Pop
You Stepped Into My Life,1978,304733,4,0.724,0.725,2,-11.93,0,0.0395,0.0226,0.0336,0.0445,0.909,106.156,23,Disco
Bathwater,2000,242800,4,0.624,0.732,4,-4.931,0,0.0543,0.412,0.0,0.33,0.619,145.929,51,Alt. Rock
You And Me,2001,215533,4,0.496,0.749,0,-7.042,0,0.0278,0.248,0.0,0.218,0.663,96.15,51,Alt. Rock
Call On Me,2003,265786,4,0.649,0.691,8,-6.891,0,0.0654,0.0461,4.59e-06,0.102,0.497,84.993,38,Reggae
Save The Best For Last,1992,218000,4,0.528,0.234,3,-15.784,1,0.0283,0.641,0.0,0.183,0.191,95.911,65,Pop
Down On Bended Knee,1981,204693,1,0.534,0.674,0,-9.632,1,0.0475,0.535,0.00495,0.141,0.682,109.797,1,Blues
Danny's Song,1972,188293,4,0.512,0.379,11,-12.251,0,0.0299,0.418,1.09e-05,0.0967,0.522,144.687,49,Country
"April In Paris - Original Edited Concert - Live at Sunset School,Carmel-by-the-Sea,CA,September 1955",1955,296133,4,0.377,0.185,6,-21.808,1,0.0334,0.98,0.92,0.926,0.0387,101.696,16,Jazz
The End Of The Innocence,1989,315000,4,0.623,0.425,8,-13.045,1,0.0291,0.306,8.65e-05,0.108,0.392,116.593,59,Pop
In The Jailhouse Now,1955,125906,4,0.66,0.459,4,-6.038,1,0.0342,0.884,0.0,0.117,0.843,79.71,36,Country
Black Betty,1939,112773,4,0.715,0.122,11,-14.933,1,0.409,0.534,0.0,0.18,0.577,103.979,35,Folk
Grandpa's Spells,1926,154426,4,0.628,0.143,7,-21.641,1,0.046,0.996,0.95,0.158,0.754,109.508,7,Jazz
Sweet Home Chicago,1968,401506,4,0.632,0.165,1,-12.939,1,0.0646,0.927,8.52e-06,0.0709,0.174,118.51,11,Blues
Hey,1998,155906,4,0.326,0.978,9,-3.173,1,0.113,0.00757,0.0109,0.0641,0.573,81.477,35,SKA
New Country,1982,188640,4,0.599,0.765,1,-13.317,0,0.0445,0.135,0.92,0.097,0.972,129.924,31,Jazz
(WHERE Do I Begin?) Love Story,1971,197000,4,0.41,0.427,2,-9.695,1,0.0374,0.618,2.08e-06,0.067,0.557,95.193,56,Pop
Square Biz,1981,383706,4,0.769,0.922,2,-7.479,1,0.119,0.148,0.000197,0.5,0.723,113.621,52,Disco
Boops (Here To Go),1981,218360,4,0.853,0.658,4,-9.777,0,0.0767,0.39,2.87e-05,0.104,0.626,103.081,7,Reggae
Nica's Dream - Live,1957,471572,4,0.504,0.381,7,-17.958,0,0.0355,0.828,0.914,0.892,0.49,93.277,8,Jazz
Michelle,1969,104506,3,0.387,0.0948,2,-21.094,0,0.038,0.977,0.924,0.109,0.221,76.614,60,Jazz
Shout At The Devil '97,1997,222000,4,0.52,0.99,2,-4.616,1,0.0529,0.00116,0.292,0.61,0.391,103.697,29,Metal
Flying Home,1944,194693,4,0.524,0.355,8,-13.227,1,0.0361,0.707,0.0,0.0909,0.614,171.71,19,Jazz
Rock Your Baby,1974,200000,4,0.594,0.906,1,-5.536,1,0.0594,0.169,0.00122,0.0778,0.892,104.411,50,Pop
Electric Avenue,1983,227000,4,0.974,0.403,2,-12.943,1,0.273,0.106,0.00207,0.0786,0.755,121.97,56,Pop
Bob,1994,122160,4,0.571,0.854,0,-6.191,1,0.0694,0.0227,0.0,0.446,0.767,90.396,52,Punk
He'll Have to Go,1959,138640,3,0.554,0.186,1,-15.846,1,0.0379,0.909,0.00144,0.11,0.2,81.181,45,Country
Born Under A Bad Sign,1968,189000,4,0.476,0.504,0,-14.532,1,0.0282,0.295,0.000153,0.256,0.947,183.057,52,Rock
Unsatisfied,1984,241773,4,0.529,0.811,0,-7.343,1,0.0318,0.0481,0.000358,0.367,0.438,121.259,40,Punk
Without a Song - Remastered,1957,446893,4,0.61,0.28,8,-15.634,1,0.0477,0.753,0.00707,0.145,0.339,111.871,34,Jazz
Never Be Like You (feat. Kai),2016,234909,4,0.448,0.59,0,-4.359,1,0.0577,0.446,0.0,0.14,0.264,119.834,66,EDM
My Jamaican Guy,1982,360986,4,0.764,0.941,7,-8.019,1,0.0691,0.0633,0.0477,0.0535,0.481,94.557,22,Disco
Can You See The Light,1978,213493,4,0.857,0.582,8,-13.498,1,0.0673,0.0314,0.0152,0.182,0.893,116.404,29,Funk
Dance with Me,1959,145546,4,0.426,0.44,5,-8.119,1,0.0296,0.355,0.0,0.154,0.537,131.336,28,R&B
New Attitude,1984,251160,4,0.81,0.722,11,-7.101,0,0.0429,0.0877,0.000885,0.529,0.963,138.011,45,R&B
Dangerous,1997,217640,4,0.913,0.6,11,-8.446,0,0.202,0.0096,0.0,0.117,0.764,103.268,46,Rap
You,1977,278013,4,0.609,0.459,7,-12.828,1,0.0907,0.102,0.000118,0.0989,0.674,84.42,41,Funk
Lady,1979,183000,4,0.539,0.16,3,-13.285,1,0.0329,0.881,0.000268,0.105,0.322,81.446,76,Pop
Back In My Arms Again,1965,177306,4,0.722,0.833,9,-1.316,0,0.0293,0.0623,0.00327,0.0663,0.695,121.229,12,R&B
Over The Hills And Far Away,2007,302266,4,0.238,0.915,4,-3.297,0,0.0725,0.000305,0.000281,0.0916,0.375,135.453,52,Metal
Three Times A Lady,1978,217426,3,0.39,0.0803,8,-20.518,1,0.0306,0.874,0.000639,0.127,0.184,150.503,53,Disco
Missing,1996,215000,4,0.632,0.863,0,-5.21,1,0.0446,0.0449,1.01e-06,0.13,0.731,101.976,65,Pop
Rocky Mountain High,1972,283640,4,0.455,0.437,4,-11.411,1,0.0278,0.314,0.0,0.501,0.724,81.396,67,Country
Follow The Reaper,2000,227493,4,0.392,0.948,2,-3.466,1,0.07,4.18e-05,0.717,0.665,0.296,95.896,43,Metal
Baby I Need Your Loving,1964,166000,4,0.632,0.686,0,-6.116,0,0.0395,0.437,0.0,0.193,0.65,121.414,63,Pop
The Quiet Place,2006,225026,4,0.517,0.961,10,-5.314,0,0.143,0.00033,0.321,0.698,0.159,104.747,51,Metal
Revolution,2005,300000,4,0.82,0.622,7,-7.562,1,0.0311,0.0981,0.000191,0.294,0.885,124.004,25,Rock
Grown & Sexy,2005,244600,4,0.745,0.516,2,-6.708,1,0.152,0.241,7.26e-05,0.147,0.363,94.807,39,Reggae
Hypnotize,2005,189440,4,0.274,0.92,6,-4.096,1,0.0489,0.0303,0.000412,0.115,0.0397,154.016,69,Alt. Rock
Golden Ring,1976,181493,4,0.458,0.514,11,-12.644,1,0.0603,0.528,0.0,0.185,0.603,166.523,47,Country
We Belong Together,2005,201400,4,0.833,0.467,0,-7.89,1,0.0619,0.0339,0.0,0.09,0.767,139.971,70,R&B
Boombastic,1995,249000,4,0.867,0.538,2,-16.183,1,0.361,0.242,1.75e-05,0.316,0.781,158.328,71,Pop
Cream,1991,113000,4,0.87,0.37,1,-6.143,1,0.393,0.12,0.0,0.117,0.747,169.927,67,Pop
African Skies,1987,492266,3,0.43,0.575,10,-10.414,0,0.0389,0.72,0.875,0.131,0.68,101.788,20,Jazz
Drag City,1964,197000,4,0.508,0.931,0,-4.539,0,0.0751,0.3,0.0,0.0639,0.556,139.937,32,Pop
Reptilia,2003,219826,4,0.489,0.649,9,-5.11,1,0.0336,0.000603,0.713,0.101,0.77,158.009,77,Alt. Rock
Mournin' Blues,1968,203000,4,0.537,0.345,2,-11.995,1,0.0407,0.573,0.00404,0.0979,0.316,149.958,2,Rock
Still The Same,1978,203000,4,0.709,0.767,0,-6.732,1,0.0283,0.405,0.000172,0.0592,0.557,115.64,65,Pop
Oh Pretty Woman,1966,211640,4,0.642,0.343,6,-11.865,0,0.026,0.214,0.0178,0.135,0.717,104.864,24,Blues
Not Giving Up On Love,2010,173760,3,0.593,0.896,4,-5.035,0,0.051,0.0569,4.84e-06,0.167,0.463,131.063,47,EDM
The Night The Lights Went Out In Georgia,1973,257000,4,0.428,0.51,7,-11.695,0,0.103,0.52,8.32e-06,0.105,0.393,169.967,64,Pop
Sex Boy (Studio Recording 1977),1977,128880,4,0.516,0.634,7,-11.809,1,0.0506,0.984,0.0587,0.111,0.652,96.633,9,Punk
All Those Years Ago,1981,227000,4,0.557,0.609,2,-7.038,1,0.0308,0.14,2.92e-05,0.0734,0.514,125.632,52,Pop
Swoop (I'm Yours),1984,215240,4,0.899,0.837,4,-7.701,0,0.0471,0.147,0.0144,0.319,0.962,127.689,35,Funk
"Cradle Rock - Live On BBC ""Sounds Of The Seventies"" / 1973",1973,352826,4,0.452,0.863,2,-8.83,1,0.0625,0.0293,0.00616,0.434,0.704,100.422,25,Blues
Moanin' At Midnight,1951,176573,4,0.362,0.507,11,-13.978,0,0.0463,0.884,0.00607,0.116,0.755,93.468,37,Blues
1969 - 2019 Remaster,2019,247840,4,0.485,0.829,2,-5.251,1,0.0524,0.000176,0.0229,0.178,0.726,106.98,42,Punk
Kiss Goodbye,1997,41000,3,0.11,0.0579,8,-25.625,0,0.0402,0.557,0.966,0.0909,0.0297,68.987,10,Rock
Layla,1972,423000,4,0.404,0.902,1,-3.88,1,0.0665,0.577,0.297,0.287,0.497,115.669,72,Pop
Baby Let Me Hold Your Hand,1953,129826,4,0.733,0.562,1,-12.362,1,0.0445,0.906,0.0351,0.169,0.969,112.497,7,Blues
I Started A Joke,1969,188000,4,0.31,0.464,7,-8.755,1,0.0275,0.156,8.17e-06,0.132,0.431,144.775,66,Pop
Dancing Machine / Blame It on the Boogie - Immortal Version,1978,244760,4,0.691,0.92,1,-5.921,0,0.117,0.00274,1.29e-05,0.169,0.439,119.98,28,Disco
Come & Go (with Marshmello),2019,205484,4,0.625,0.814,0,-5.181,1,0.0657,0.0172,0.0,0.158,0.535,144.991,75,Rap
Ain't It Grand To Be A Christian,1935,191813,3,0.671,0.131,3,-10.793,1,0.063,0.992,0.000911,0.115,0.561,65.766,1,Blues
I Like,1988,294475,4,0.441,0.832,5,-14.396,0,0.064,0.0223,1.23e-05,0.2,0.6,103.786,53,R&B
Isolation - 2007 Remaster,1980,175093,4,0.544,0.783,0,-8.12,1,0.054,0.048,0.00734,0.0917,0.697,151.522,47,Alt. Rock
What About Us,1997,269000,4,0.491,0.588,1,-6.177,1,0.0506,0.0281,2.01e-06,0.0906,0.193,113.608,74,Pop
For You (feat. Melissa Hayes),2019,238001,4,0.577,0.873,0,-5.094,1,0.119,0.113,7.2e-05,0.332,0.309,140.043,29,EDM
Roam,1990,295000,4,0.636,0.939,9,-5.551,1,0.0837,0.0485,6.69e-06,0.271,0.694,134.937,57,Pop
The Unforgiven Ones,1996,174026,4,0.457,0.482,9,-8.495,0,0.0287,0.931,0.015,0.117,0.327,114.172,25,Alt. Rock
Faded Love,1950,198200,4,0.511,0.259,9,-10.546,1,0.029,0.73,0.000471,0.0928,0.537,125.015,28,Country
Gonna Take A Lot Of River,1986,181666,4,0.552,0.814,0,-11.599,1,0.0375,0.715,0.0,0.374,0.95,158.736,27,Country
Blue Suede Shoes,1956,119200,4,0.557,0.66,2,-7.706,1,0.056,0.654,1.66e-06,0.138,0.962,95.252,65,Country
Yonder Comes a Sucker,1955,154066,4,0.692,0.465,2,-10.882,1,0.0298,0.757,1.63e-05,0.307,0.804,112.731,23,Country
Love That Burns,1968,304000,3,0.522,0.223,2,-12.703,0,0.0354,0.147,6.1e-06,0.219,0.292,138.782,28,Rock
Amen (feat. Drake),2012,289706,4,0.503,0.795,10,-4.505,1,0.335,0.178,0.0,0.042,0.265,149.981,46,Rap
Another Night,1995,170000,4,0.702,0.71,5,-5.003,0,0.0459,0.0144,0.0,0.144,0.282,158.129,64,Pop
Stinkfist,1996,312120,4,0.286,0.728,0,-6.608,1,0.0616,0.000174,0.836,0.133,0.467,171.441,67,Alt. Rock
A Fine Way to Die,2020,400982,4,0.683,0.781,7,-5.324,0,0.0467,0.00534,0.00163,0.0661,0.7,102.985,37,EDM
Burnin' for You,1981,271000,4,0.532,0.728,9,-9.079,0,0.0352,0.106,0.0108,0.0849,0.69,134.303,66,Metal
Oh Sheila,1985,240000,4,0.798,0.577,0,-10.347,1,0.0777,0.0234,0.00112,0.0728,0.835,128.82,53,Pop
Big Me,1995,132840,4,0.579,0.708,0,-10.419,1,0.0374,0.442,0.0,0.11,0.846,130.97,64,Alt. Rock
Keep Your Hands To Yourself,1987,205000,4,0.577,0.807,2,-9.281,1,0.0449,0.00233,0.000257,0.0755,0.891,114.921,63,Pop
"Hey,Hey Baby",1952,174906,4,0.684,0.234,9,-15.497,1,0.0601,0.769,0.399,0.0916,0.821,170.75,27,Blues
Laughter In The Rain,1975,170000,4,0.495,0.613,5,-9.463,1,0.0239,0.348,0.0058,0.0406,0.924,100.535,63,Pop
How High - Instrumental,1995,229800,4,0.796,0.502,7,-6.839,1,0.123,0.00025,0.835,0.124,0.498,91.561,36,Rap
Reflections,1967,169893,4,0.687,0.45,1,-10.379,1,0.0258,0.273,0.0,0.0694,0.752,99.832,47,R&B
Wasted Years,1986,309000,4,0.315,0.96,4,-4.657,0,0.0933,0.0259,0.000141,0.161,0.496,154.131,53,Metal
Let's Stay Together,1983,318693,4,0.427,0.791,8,-5.654,0,0.078,0.572,0.000537,0.129,0.462,102.389,40,R&B
Thieves In The Temple,1990,200000,4,0.775,0.676,5,-10.582,0,0.042,0.0228,0.0,0.0631,0.646,129.948,42,Pop
Tryin' To Get Over You,1994,225626,4,0.578,0.371,2,-10.537,1,0.0283,0.632,1.75e-05,0.165,0.188,60.503,46,Country
Black Velvet,1990,287000,4,0.75,0.366,8,-10.07,1,0.0321,0.271,9.57e-05,0.106,0.477,91.138,72,Pop
Bloodclot,1995,165240,4,0.495,0.972,5,-2.769,1,0.0552,0.0122,0.0,0.294,0.779,160.822,40,SKA
Monk's Dream - Take 8,1962,385466,4,0.698,0.278,5,-15.425,1,0.0508,0.572,0.0233,0.105,0.77,81.079,43,Jazz
Owner Of A Lonely Heart,1984,268000,4,0.744,0.798,7,-5.981,1,0.0364,0.176,0.0037,0.26,0.898,125.059,71,Pop
Famous Last Words,2006,299226,4,0.467,0.883,2,-3.679,0,0.106,0.000321,0.000152,0.125,0.309,122.252,71,Alt. Rock
Lonely Teenager,1961,135000,4,0.352,0.468,10,-9.412,1,0.0313,0.304,0.0,0.462,0.638,71.858,31,Pop
Popsicles And Icicles,1964,151000,4,0.64,0.339,3,-8.08,1,0.0317,0.817,0.0,0.0883,0.664,124.0,30,Pop
Izzo (H.O.V.A.),2001,240626,4,0.618,0.844,1,-4.051,0,0.342,0.0178,0.000126,0.0634,0.697,84.411,56,Rap
Love Don't Love Nobody,1974,217039,3,0.492,0.296,5,-13.87,1,0.0293,0.722,0.000323,0.128,0.251,141.468,39,Disco
The First Cut Is The Deepest - Stereo Version,1967,180493,4,0.586,0.786,7,-6.528,1,0.0319,0.282,0.00176,0.173,0.767,96.317,57,Folk
Nikita,1986,343000,4,0.632,0.656,7,-9.29,1,0.0277,0.123,0.000264,0.0735,0.752,86.605,68,Pop
Drop The World (feat. Eminem),2009,229226,4,0.665,0.91,1,-1.628,1,0.317,0.0696,0.0,0.247,0.346,145.002,38,Rap
I’m Gonna Be (500 Miles),1993,219000,4,0.851,0.551,4,-5.177,1,0.0396,0.151,0.0,0.0827,0.807,131.922,75,Pop
Love Sensation,1980,366200,4,0.703,0.756,5,-9.337,1,0.0746,0.00946,0.0185,0.17,0.736,117.126,44,Disco
Unity,1970,143373,4,0.769,0.466,10,-8.223,1,0.0549,0.634,0.301,0.0597,0.827,84.254,30,Reggae
Peanut Butter Jelly,2015,203133,4,0.708,0.945,5,-3.247,0,0.234,0.00104,0.0803,0.227,0.545,127.96,64,EDM
That Ain't No Way To Go,1994,212013,4,0.686,0.709,9,-5.144,1,0.0364,0.192,0.0,0.264,0.538,106.344,46,Country
Turn! Turn! Turn! (To Everything There Is a Season),1965,229360,4,0.451,0.818,2,-8.124,1,0.0439,0.135,2.92e-05,0.052,0.755,124.532,62,Folk
The One I Love,1987,198000,4,0.515,0.656,2,-12.202,1,0.0296,0.000904,4.35e-06,0.135,0.769,127.707,51,Alt. Rock
Tie A Yellow Ribbon Round The Ole Oak Tree,1973,207000,4,0.617,0.634,5,-10.982,1,0.0525,0.317,3.42e-06,0.0747,0.597,88.183,41,Pop
Classical Gas,1968,184000,4,0.489,0.701,7,-10.53,1,0.0348,0.852,0.78,0.108,0.739,155.269,51,Pop
Fallin’ In Love,1975,245000,4,0.475,0.269,7,-11.641,1,0.027,0.722,0.017,0.125,0.357,140.654,72,Pop
The Flame,1988,338000,4,0.629,0.581,4,-11.856,1,0.027,0.513,2.06e-06,0.0755,0.359,97.074,64,Pop
Black Fire - 2010 Remastered Edition,2003,347133,4,0.16,0.947,0,-3.578,0,0.0611,0.000347,1.55e-05,0.333,0.262,97.448,25,Metal
Clobberin' Time,1999,69840,4,0.311,0.967,2,-3.851,1,0.179,3.37e-06,0.201,0.35,0.379,92.364,28,Punk
Somewhere Over The Rainbow - Live,1990,312666,4,0.205,0.487,0,-9.145,1,0.0432,0.692,0.000174,0.88,0.184,165.153,14,R&B
Mrs. Rita,1992,265866,4,0.508,0.807,4,-8.71,0,0.0318,8.12e-05,1.2e-05,0.109,0.817,142.777,29,Alt. Rock
One and Only,1978,270733,4,0.744,0.682,10,-11.828,0,0.0412,0.152,0.00169,0.0697,0.883,119.176,34,Disco
Simple Kind Of Life,2000,256933,4,0.576,0.849,0,-5.199,1,0.0355,0.0678,0.0,0.278,0.482,119.999,49,SKA
Slave To The Rhythm - Hot Blooded Version,1985,498840,4,0.595,0.836,1,-6.917,1,0.0358,0.0603,0.0477,0.326,0.628,97.095,44,Disco
Rank Strangers,1952,188173,3,0.545,0.195,1,-13.477,1,0.0289,0.68,0.000125,0.325,0.375,148.14,32,Country
Don’t Be Cruel,1988,110000,4,0.421,0.68,0,-14.808,1,0.0362,0.25,0.312,0.926,0.917,99.887,26,Pop
Look For A Star,1960,137000,4,0.915,0.692,9,-7.544,1,0.0857,0.15,0.00012,0.0964,0.713,118.981,60,Pop
Evil (Is Going On),1954,173706,3,0.5,0.256,0,-19.64,1,0.185,0.764,0.000308,0.0754,0.726,159.608,40,Blues
Shout It Out,1976,337066,4,0.674,0.9,2,-6.22,1,0.0719,0.055,0.0,0.0245,0.646,108.982,10,Funk
Hang up My Rock and Roll Shoes,1958,139906,4,0.632,0.641,5,-7.647,1,0.0659,0.655,0.0,0.071,0.923,131.476,27,R&B
There Is No Breeze (To Cool the Flame of Love),1941,193440,4,0.302,0.126,5,-12.438,1,0.0337,0.98,0.00139,0.115,0.196,84.994,2,Jazz
Talkin' Out The Side Of Your Neck,1984,245533,4,0.696,0.64,9,-11.687,1,0.111,0.265,6.17e-05,0.196,0.938,88.179,22,Funk
Thank You (Falettinme Be Mice Elf Agin) - Single Version,1969,291320,4,0.9,0.709,9,-12.683,1,0.0636,0.296,0.00047,0.0863,0.897,105.822,54,R&B
Mathematics,1999,246440,4,0.753,0.749,1,-6.132,0,0.316,0.0285,0.0,0.0845,0.832,93.79,57,Rap
Ring My Bell,1979,491000,4,0.781,0.556,5,-13.067,0,0.0611,0.0661,0.0907,0.0339,0.968,125.999,61,Pop
The Way You Move (feat. Sleepy Brown),2003,234000,4,0.871,0.597,5,-4.932,0,0.0464,0.126,0.000113,0.0638,0.635,125.999,71,Rap
I Should Care - 1990 Remaster,1990,181840,3,0.374,0.128,8,-23.618,1,0.0411,0.987,0.923,0.117,0.279,167.212,40,Jazz
Big Ship,1979,197733,4,0.777,0.41,9,-8.854,0,0.32,0.00498,2.43e-06,0.186,0.815,70.514,47,Reggae
E.S.P.,1987,334000,4,0.633,0.929,4,-10.031,0,0.0372,0.00522,0.0362,0.0662,0.741,136.996,27,Rock
He's A Friend,1974,283933,4,0.628,0.759,0,-7.794,0,0.0422,0.473,1.34e-05,0.115,0.743,104.932,23,Disco
Hot Fun in the Summertime,1969,157040,3,0.656,0.65,0,-11.643,1,0.0574,0.634,0.0147,0.161,0.931,146.268,50,R&B
Language,2012,368475,4,0.738,0.613,6,-6.001,0,0.403,0.0169,0.0493,0.0684,0.407,127.988,52,EDM
Step up to Me,1993,233493,4,0.554,0.822,7,-8.133,1,0.0364,0.0143,0.0048,0.558,0.963,88.746,21,SKA
"The ""In"" Crowd - Live At The Bohemian Caverns,Washington,D.C./1965",1965,351426,4,0.652,0.515,7,-19.55,1,0.118,0.49,0.14,0.962,0.645,143.004,37,Jazz
The Twelfth Of Never,1973,147000,4,0.205,0.334,5,-10.765,1,0.0343,0.902,0.000346,0.133,0.354,171.317,39,Pop
Beth / Detroit Rock City,1976,168000,4,0.453,0.286,0,-11.403,1,0.0321,0.807,3.45e-05,0.206,0.345,114.003,11,Pop
Dreaming a Dream (Disco),1979,232266,4,0.615,0.801,10,-9.258,0,0.0674,0.000175,0.887,0.0771,0.702,118.595,18,Disco
Hoboken - 2007 Remaster,2007,71773,4,0.302,0.976,2,-4.871,1,0.161,0.00581,0.0,0.052,0.517,92.396,30,SKA
The Rockafeller Skank,1998,413880,4,0.665,0.991,7,-6.725,1,0.256,0.0117,0.00392,0.339,0.0676,152.596,52,EDM
Institutionalized,1983,229960,3,0.358,0.804,0,-8.534,1,0.302,0.0404,0.0,0.111,0.625,91.842,56,Punk
Apartment #9,1966,176426,4,0.566,0.18,5,-11.778,1,0.0351,0.821,0.00117,0.219,0.552,78.18,30,Country
L-O-V-E,1965,155306,4,0.425,0.373,4,-7.543,1,0.0801,0.686,0.0,0.077,0.663,78.231,73,Jazz
Wa-Do-Dem,1983,235373,4,0.855,0.602,0,-7.289,1,0.0595,0.376,0.0,0.167,0.81,77.514,56,Reggae
Skin Tight,1974,474266,4,0.828,0.611,7,-12.749,1,0.0393,0.0399,0.0116,0.104,0.835,110.169,36,R&B
Mr. Brightside,2004,222973,4,0.352,0.911,1,-5.23,1,0.0747,0.00121,0.0,0.0995,0.236,148.033,87,Alt. Rock
My Life,1997,50453,4,0.249,0.999,2,-2.89,1,0.352,8.48e-06,0.00127,0.237,0.0512,180.089,18,Punk
Gone Under,2013,346866,4,0.573,0.653,10,-9.239,0,0.116,0.492,0.0,0.758,0.528,104.087,28,Funk
Colors (feat. Tatu),2013,202400,4,0.53,0.937,5,-3.397,0,0.0466,0.0303,0.000128,0.151,0.546,149.991,45,EDM
If You Know What I Mean,1976,223000,4,0.387,0.336,2,-14.031,1,0.0287,0.718,6.32e-06,0.185,0.416,76.037,43,Pop
Shake Down,1984,233000,4,0.81,0.674,0,-11.012,1,0.0494,0.00219,0.297,0.044,0.377,110.01,5,Disco
Shaved Women,1979,281933,4,0.472,0.966,9,-10.72,1,0.0554,0.0877,0.000111,0.677,0.0526,99.189,11,Punk
New God Flow,2018,294906,4,0.493,0.914,3,-2.963,0,0.386,0.393,0.0,0.353,0.519,173.694,47,Rap
King Push,2018,172333,3,0.393,0.814,2,-5.279,1,0.335,0.0468,0.000345,0.152,0.219,181.07,38,Rap
Behind The Groove,1980,365866,4,0.717,0.867,10,-7.981,1,0.139,0.0818,4.55e-05,0.0744,0.828,115.443,35,Funk
Everybody’s Talkin’,1969,131000,4,0.609,0.952,8,-2.758,1,0.0277,0.133,1.2e-05,0.136,0.968,99.147,17,Pop
"My Life,My Love,My All - Live at Lakewood Church,Houston,TX - June 16,2000",2000,382573,4,0.239,0.509,1,-9.465,1,0.05,0.429,0.0,0.38,0.152,78.242,40,Gospel
Just Won’t Burn - Live at the Beacon Theatre / 2022,2022,449120,3,0.411,0.444,9,-9.53,0,0.0407,0.441,0.00713,0.952,0.373,146.752,31,Blues
I’m Still In Love With You,1972,177000,4,0.771,0.536,2,-9.867,1,0.151,0.2,1.88e-06,0.0766,0.899,81.343,43,Pop
Proud Mary,1971,327400,4,0.397,0.499,2,-10.972,1,0.0685,0.0766,1.55e-06,0.111,0.367,171.067,67,R&B
No Reason Why,1988,112800,4,0.354,0.917,9,-10.522,1,0.0704,1.47e-05,0.000966,0.0664,0.452,110.646,26,Punk
Right Now,1991,320000,4,0.529,0.662,5,-11.745,1,0.0273,0.153,0.00542,0.099,0.302,93.93,55,Rock
WTF (Where They From) [feat. Pharrell Williams],2015,192772,4,0.932,0.819,8,-3.484,0,0.203,0.0181,6.81e-06,0.0577,0.556,119.941,48,Rap
Get Your Walk On,2002,219840,4,0.909,0.74,1,-2.361,1,0.26,0.0562,0.0,0.0593,0.802,97.855,51,Rap
Low Down and Dirty - Live,1995,289400,4,0.456,0.961,7,-5.129,1,0.0466,0.00206,0.447,0.139,0.738,128.641,11,Blues
Don’t Leave Me This Way,1977,217000,4,0.553,0.839,0,-5.844,0,0.116,0.153,6e-05,0.13,0.673,121.819,54,Pop
Cherish,1985,332000,4,0.68,0.389,8,-13.239,1,0.0545,0.0121,0.0834,0.105,0.68,80.145,61,Pop
Out Of Control (Back For More),2009,217653,4,0.601,0.942,9,-6.448,0,0.074,0.0462,0.0653,0.0397,0.305,136.854,30,EDM
Dilemma (feat. Kelly Rowland),2002,289666,4,0.736,0.518,2,-9.333,0,0.182,0.185,1.51e-05,0.147,0.579,168.121,56,Rap
Hot Blooded,1978,268000,4,0.705,0.806,0,-4.83,1,0.0814,0.229,0.0,0.0676,0.763,117.945,64,Pop
Jesus Is Real (feat. John P. Kee) - Live,2001,277106,4,0.475,0.911,8,-6.811,1,0.111,0.248,0.0,0.48,0.458,171.448,33,Gospel
Never Stop,1990,285866,4,0.667,0.867,4,-7.284,0,0.0352,0.438,0.01,0.134,0.916,137.185,33,Alt. Rock
Should I (Put My Trust In You),1988,224200,4,0.691,0.516,7,-14.106,1,0.132,0.0137,0.0712,0.0592,0.551,89.182,33,Reggae
Help Me Lose My Mind,2013,244480,4,0.78,0.708,5,-5.692,0,0.0548,0.0395,0.0797,0.0516,0.347,109.021,60,EDM
School’s Out,1972,210000,4,0.294,0.745,5,-9.138,1,0.0461,0.05,0.125,0.676,0.347,134.364,68,Pop
Midnight At The Lost And Found,1983,209000,4,0.644,0.856,7,-6.027,1,0.0302,0.0123,0.00141,0.276,0.611,109.488,37,Rock
Dance (Disco Heat),1978,355263,4,0.768,0.79,3,-10.469,1,0.0312,0.007,0.186,0.0678,0.956,132.729,38,Disco
Ali Baba,1972,157800,4,0.84,0.535,5,-9.366,1,0.0644,0.364,0.0141,0.0722,0.885,79.716,39,Reggae
Tell Me Something Good,1974,277066,4,0.666,0.577,1,-7.916,1,0.22,0.659,0.0,0.569,0.783,74.29,51,Disco
Who We Be,2001,287866,4,0.719,0.833,7,-4.879,1,0.168,0.124,0.0,0.272,0.609,82.776,49,Rap
Spoonful,1960,295466,4,0.773,0.438,5,-16.724,1,0.0728,0.413,0.614,0.0954,0.774,118.119,36,Blues
Walk On,1960,190892,4,0.671,0.178,0,-17.952,0,0.0483,0.733,0.00714,0.128,0.75,112.148,25,Blues
Rollin' And Tumblin',1951,156933,4,0.677,0.261,8,-14.846,1,0.0579,0.908,0.00221,0.0633,0.672,122.699,27,Blues
Nobody Knows,1996,195000,4,0.655,0.646,7,-4.322,1,0.116,0.278,0.0,0.156,0.927,90.055,71,Pop
Ain't No Sunshine,1971,125093,4,0.527,0.415,4,-11.451,0,0.122,0.457,1.72e-05,0.117,0.515,78.169,83,R&B
Cry Me A River,1980,195013,4,0.631,0.188,7,-12.146,0,0.0312,0.935,7.61e-05,0.119,0.236,72.469,21,Country
Please Love Me Forever,1961,154000,3,0.355,0.402,10,-9.468,1,0.032,0.806,0.00453,0.179,0.496,110.902,38,Pop
Oh Pretty Woman,1966,211640,4,0.642,0.343,6,-11.865,0,0.026,0.214,0.0178,0.135,0.717,104.864,24,Blues
There Is A Happy Land,1967,197000,4,0.572,0.338,9,-14.829,0,0.0275,0.719,1.8e-06,0.1,0.572,98.887,25,Rock
Walk Away Renée,1966,164000,4,0.405,0.563,9,-7.313,1,0.033,0.735,0.0,0.198,0.592,117.777,46,Pop
Telstar,1963,202000,4,0.237,0.777,9,-7.347,1,0.0421,0.00174,0.832,0.107,0.677,145.956,29,Pop
American Made,1983,159866,4,0.696,0.527,8,-14.275,1,0.0329,0.108,0.000897,0.0377,0.974,128.962,51,Country
Sing,1973,179000,4,0.537,0.873,1,-4.516,1,0.0521,0.0299,0.0,0.0768,0.51,130.007,71,Pop
Charly,1991,239133,4,0.694,0.79,1,-12.876,1,0.0532,0.0038,0.0212,0.329,0.402,131.009,38,EDM
How Can You Leave a Man Like This?,1958,157213,4,0.654,0.597,8,-7.567,1,0.0497,0.816,0.0,0.152,0.904,181.54,8,R&B
Deny the Cross,2003,282880,4,0.257,0.917,6,-10.764,0,0.0782,4.14e-05,0.00167,0.0422,0.112,148.14,26,Metal
Resurrection,2001,395840,4,0.187,0.903,0,-6.079,1,0.102,0.00119,0.000718,0.493,0.0714,141.019,34,Metal
Set Adrift On Memory Bliss,1992,235000,4,0.795,0.705,5,-8.552,0,0.0715,0.00118,0.00658,0.136,0.482,100.025,51,Pop
Getaway,1976,227080,4,0.724,0.879,5,-9.412,0,0.0369,0.124,0.0155,0.359,0.826,112.595,46,R&B
All That I Got Is You (feat. Mary J. Blige),2000,320813,4,0.254,0.693,10,-8.435,0,0.0929,0.787,0.0,0.331,0.812,173.459,41,Rap
Brazil,1975,252000,4,0.687,0.617,4,-5.213,1,0.0287,0.0941,1.27e-05,0.0898,0.665,121.079,83,Pop
The Messenger 2012,2012,637999,4,0.266,0.893,4,-5.925,0,0.0753,0.0418,0.87,0.304,0.189,170.03,16,EDM
Daydream Believer,1980,179000,4,0.51,0.488,7,-10.304,1,0.0304,0.256,0.0,0.11,0.649,125.683,70,Pop
Sweet Sensation - Fantasy Love Affair Rework,1987,341969,4,0.793,0.581,7,-9.174,1,0.039,0.00845,0.679,0.0497,0.873,112.109,20,Disco
Three to Get Ready,1958,323866,3,0.453,0.193,0,-17.582,1,0.0461,0.861,0.466,0.156,0.686,178.795,43,Jazz
Search And Destroy - Live Halloween 1986,1986,223747,4,0.149,0.954,6,-5.106,1,0.118,7.15e-05,4.34e-05,0.15,0.342,185.047,1,Punk
Eastern Standard Time,1969,163538,4,0.816,0.523,0,-9.937,1,0.0586,0.618,0.411,0.0681,0.949,125.723,38,SKA
I Ran (SO Far Away),1982,221000,4,0.51,0.771,2,-6.666,1,0.0341,0.000205,0.831,0.135,0.644,145.522,61,Pop
…And The Battle Begun,2006,296866,4,0.519,0.884,1,-5.353,1,0.0623,0.00137,2.56e-05,0.0721,0.678,96.806,30,SKA
It's My House,1980,274560,4,0.762,0.67,5,-5.862,1,0.0718,0.29,6.68e-06,0.0783,0.87,99.472,50,Disco
Go Away Little Girl,1963,150000,4,0.302,0.521,7,-5.391,1,0.0354,0.72,4.74e-06,0.123,0.364,101.814,36,Pop
"Rock and Roll,Hoochie Koo",1970,210026,4,0.55,0.601,9,-14.121,0,0.0338,0.0617,3.99e-05,0.48,0.894,94.916,36,Blues
Cocoa Butter Kisses,2013,307187,4,0.679,0.645,6,-7.777,0,0.222,0.0518,0.0,0.145,0.203,125.795,65,Rap
Mr. Coffee,1998,135613,4,0.401,0.791,6,-5.23,0,0.0803,0.000851,3.06e-06,0.15,0.499,108.886,29,Punk
Apollo,2012,209765,4,0.552,0.742,6,-6.122,0,0.0683,0.015,0.0124,0.639,0.274,128.076,53,EDM
Dreamin',1980,381733,4,0.62,0.904,1,-7.922,0,0.148,0.127,0.0,0.0923,0.702,117.846,22,Disco
Paper Wings,2004,223613,4,0.556,0.93,3,-3.62,1,0.0538,0.000921,0.00514,0.108,0.514,100.143,47,Punk
Thrill Me Up,1997,184800,4,0.8,0.719,5,-6.816,1,0.0318,0.0222,0.000565,0.118,0.953,130.988,19,SKA
Lonely Boy,1977,193000,4,0.356,0.872,2,-7.837,1,0.068,0.00417,0.00975,0.0997,0.607,166.3,79,Pop
Eight Miles High,1966,214640,4,0.365,0.77,9,-10.492,1,0.0764,0.21,0.136,0.503,0.37,130.603,49,Folk
I Feel Like Praising Him,1971,327880,4,0.492,0.704,8,-9.395,1,0.312,0.472,0.0,0.0821,0.559,73.594,26,Gospel
Bomb Intro / Pass That Dutch,2003,217200,4,0.899,0.645,10,-11.621,0,0.271,0.0435,0.101,0.358,0.348,110.895,57,Rap
We Got The Beat,1982,153000,4,0.587,0.994,2,-5.61,1,0.0451,0.157,0.0767,0.0319,0.482,151.938,58,Pop
Demon Speeding,2001,224306,4,0.549,0.81,11,-4.001,0,0.0328,0.000298,2.89e-06,0.156,0.41,133.985,59,Metal
I Remember You,1990,243000,4,0.584,0.536,10,-8.158,1,0.0279,0.112,0.0,0.456,0.441,127.001,67,Pop
I Don’t Want To Wait,1998,320000,4,0.411,0.467,11,-8.178,1,0.055,0.297,1.22e-05,0.0426,0.441,177.436,61,Pop
Master Of Puppets,1986,515000,4,0.539,0.828,4,-9.108,0,0.035,0.00067,0.421,0.154,0.562,105.25,49,Metal
Scream,2007,288520,4,0.549,0.941,6,-4.802,0,0.0521,3.74e-05,1.45e-06,0.214,0.581,130.009,61,Metal
Got Ur Self A Gun,2002,228626,4,0.699,0.869,11,-4.263,0,0.238,0.0118,0.0,0.0982,0.616,93.612,51,Rap
No More Mr. Nice Guy - Live in Columbus,2017,190000,4,0.391,0.979,8,-4.054,1,0.12,0.00239,0.0,0.776,0.396,130.902,5,Metal
Takoma Park Pool Hall Blues,1965,211973,3,0.569,0.0281,11,-17.442,1,0.0567,0.953,0.854,0.0766,0.112,75.503,4,Folk
Just Feel Better (feat. Steven Tyler),2005,252000,4,0.437,0.867,0,-4.028,0,0.0546,0.133,0.0,0.0966,0.478,160.133,42,Rock
Girls Dem Sugar,1997,257893,5,0.603,0.782,2,-4.832,1,0.162,0.118,0.0,0.363,0.731,124.303,56,Reggae
The Veldt - Radio Edit,2012,170066,4,0.736,0.759,9,-7.066,1,0.0347,0.0574,0.207,0.0778,0.485,128.036,55,EDM
Lonely Woman,1959,302199,4,0.474,0.376,9,-10.482,0,0.0283,0.315,0.000748,0.147,0.253,81.001,35,Jazz
Cherish,1989,332000,4,0.68,0.389,8,-13.239,1,0.0545,0.0121,0.0834,0.105,0.68,80.145,61,Pop
Pledging My Time,2023,230000,3,0.445,0.304,2,-10.618,0,0.0455,0.594,0.0,0.632,0.237,99.258,21,Rock
After All,1989,232000,4,0.487,0.65,0,-5.195,1,0.0253,0.191,0.0,0.0933,0.456,151.964,77,Pop
Monday Morning - 2017 Remaster,1975,168000,4,0.609,0.814,0,-8.141,1,0.0298,0.00285,1.67e-05,0.267,0.881,106.88,28,Rock
Rude Boy Train,1969,138786,4,0.598,0.476,8,-8.819,1,0.0695,0.674,0.0,0.313,0.815,182.283,26,SKA
Ain’t No Mountain High Enough,1970,206000,4,0.207,0.202,11,-16.461,0,0.0383,0.861,0.0517,0.078,0.0791,89.116,30,Pop
The Lovin' Cup,1973,130000,4,0.604,0.547,9,-8.663,1,0.0298,0.606,0.000157,0.0879,0.773,136.164,32,Rock
Can’t Help Falling In Love,1993,193000,4,0.245,0.166,0,-11.76,1,0.0332,0.936,0.00855,0.0939,0.239,71.915,44,Pop
Descent Into The Maelstrom,1955,208613,3,0.262,0.667,7,-15.3,0,0.0388,0.986,0.878,0.116,0.444,68.166,3,Jazz
Roll 'Em Pete,1938,175200,4,0.601,0.414,7,-11.204,0,0.0412,0.976,0.0,0.0664,0.716,95.289,27,R&B
All Around The World,1990,147000,4,0.733,0.859,9,-5.03,0,0.033,0.479,0.0645,0.105,0.52,124.948,63,Pop
I Eat Dinner,1976,296466,4,0.529,0.197,7,-17.204,1,0.0269,0.66,0.00172,0.0792,0.321,93.986,14,Folk
The Sinking Of Reuben James,1962,192160,4,0.722,0.42,1,-12.541,1,0.0343,0.48,2.42e-06,0.327,0.901,112.809,11,Folk
He’ll Have To Go,1960,134000,3,0.469,0.244,1,-15.702,1,0.0357,0.974,0.0162,0.845,0.577,88.271,10,Pop
Santa Monica,1997,191506,4,0.491,0.942,7,-5.333,1,0.109,0.156,0.0,0.367,0.398,100.441,68,Alt. Rock
Hard Rockin' the Place,2015,246000,4,0.591,0.923,2,-4.482,1,0.0807,0.000406,0.284,0.32,0.498,126.082,14,Rock
Slip Slidin’ Away,1978,285000,4,0.641,0.409,8,-12.452,1,0.0348,0.743,2.58e-06,0.118,0.315,121.165,55,Pop
Sixteen Reasons,1960,118000,3,0.339,0.406,10,-8.955,1,0.0319,0.865,1.1e-05,0.11,0.619,109.783,39,Pop
I Count the Tears,1960,129173,4,0.515,0.546,5,-8.769,1,0.0283,0.67,5.23e-05,0.544,0.861,138.796,34,R&B
Give Me Jesus,2013,220760,4,0.263,0.153,5,-14.026,1,0.0342,0.904,2.8e-06,0.115,0.217,167.447,16,Gospel
4 Words (To Choke Upon),2006,223760,4,0.387,0.95,8,-2.875,1,0.0807,9.05e-05,7.8e-05,0.126,0.333,92.479,47,Metal
Elenore,1968,151000,4,0.63,0.625,4,-8.407,1,0.0375,0.6,1.52e-05,0.24,0.887,122.504,59,Pop
Black Mountain Side - Remaster,1969,132000,4,0.652,0.44,6,-10.584,1,0.0392,0.687,0.9,0.122,0.701,116.053,39,Rock
Slave To The Blues,1925,157906,4,0.598,0.0991,5,-15.837,1,0.0455,0.996,0.0469,0.401,0.386,78.765,37,Blues
Cool Jerk,1966,166000,4,0.704,0.574,10,-14.524,0,0.0611,0.339,0.0,0.0705,0.763,83.955,41,Pop
Saturday Night,1978,259919,4,0.786,0.869,1,-8.72,1,0.0484,0.0522,0.00011,0.0618,0.961,115.285,10,Disco
What Have I Done To Deserve This?,1988,263000,4,0.706,0.871,5,-5.672,1,0.0329,0.134,0.000602,0.158,0.928,118.082,60,Pop
(What A) Wonderful World,1960,125440,4,0.691,0.507,11,-10.23,1,0.0343,0.627,0.0,0.457,0.885,128.518,63,R&B
Love Is Like a Butterfly,1974,140733,4,0.684,0.119,8,-14.731,1,0.0426,0.913,6.59e-05,0.112,0.683,89.805,46,Country
She’s Not Just Another Woman,1971,186000,4,0.716,0.864,9,-4.782,0,0.192,0.257,0.0,0.0544,0.874,80.332,12,Pop
Beautiful Mess,2002,227920,4,0.402,0.817,1,-3.756,1,0.0406,0.317,0.0,0.105,0.376,177.342,50,Country
Zip-A-Dee Doo-Dah,1963,206000,4,0.578,0.0958,0,-18.467,1,0.0411,0.993,0.655,0.0773,0.419,76.321,55,Pop
Too Much Is Not Enough,1982,233546,4,0.559,0.748,7,-5.049,1,0.102,0.0199,3.91e-06,0.12,0.846,191.137,23,Country
Let Your Love Flow,1976,196826,4,0.596,0.897,3,-5.224,1,0.0402,0.0367,0.0,0.151,0.853,108.194,70,Country
One Step Beyond,1967,159381,4,0.76,0.698,1,-10.831,0,0.117,0.463,0.676,0.14,0.874,132.901,40,SKA
Shadow Play,1972,286983,4,0.395,0.853,2,-10.334,0,0.0678,0.0848,0.0417,0.121,0.601,157.324,43,Blues
Oden Owns You All,2013,257693,4,0.412,0.969,6,-6.78,0,0.0589,0.000281,0.0362,0.266,0.465,199.983,41,Metal
"Hey,Hey",1954,144933,4,0.608,0.444,11,-14.47,0,0.0512,0.895,0.0,0.155,0.856,67.647,15,Blues
I'm A Man,1955,164546,4,0.513,0.546,0,-15.672,1,0.0391,0.333,0.0,0.17,0.834,85.527,55,R&B
Fanny (BE Tender With My Love),1976,243000,4,0.438,0.526,4,-9.913,1,0.0273,0.215,0.0154,0.122,0.543,95.218,56,Pop
Soul Power,1971,181226,4,0.905,0.506,7,-13.663,1,0.0589,0.801,0.322,0.251,0.963,104.74,9,Disco
A Fifth Of Beethoven,1976,182000,4,0.687,0.506,0,-13.311,0,0.0407,0.315,0.692,0.0611,0.783,108.759,50,Pop
One Step Beyond,1979,138360,4,0.477,0.94,0,-4.888,0,0.0423,0.0124,0.032,0.412,0.941,154.82,43,SKA
I Think We’re Alone Now,1967,130000,4,0.782,0.421,11,-11.05,0,0.103,0.0723,0.0316,0.0692,0.715,131.746,53,Pop
You Can't Bring Me Down,1988,348093,4,0.272,0.958,0,-10.797,1,0.381,0.00195,4.63e-05,0.0915,0.0382,136.867,52,Metal
I Hate Work - Millions of Dead Cops - Full Length,1983,56743,4,0.481,0.934,0,-4.52,1,0.213,0.0122,0.0,0.324,0.637,98.782,24,Punk
I Fought the Law,1979,163240,4,0.526,0.9,2,-6.815,1,0.0545,0.00539,4.12e-05,0.14,0.883,151.279,57,Alt. Rock
Hooked On A Feeling,1969,172000,4,0.547,0.82,8,-6.728,1,0.0805,0.261,0.0,0.3,0.933,118.208,68,Pop
Me and the I.R.S.,1978,157733,4,0.755,0.473,2,-11.63,1,0.067,0.409,0.0,0.0816,0.672,144.563,22,Country
I’ll Stand By You,1994,182000,4,0.522,0.189,0,-11.182,1,0.0537,0.973,0.0,0.121,0.599,132.949,41,Pop
The Way We Were,1974,211000,3,0.264,0.32,9,-11.716,1,0.0325,0.885,0.00141,0.134,0.171,138.108,59,Pop
It Must Have Been Love,1990,258000,4,0.52,0.652,5,-6.655,1,0.0274,0.339,6.14e-05,0.256,0.722,80.61,77,Pop
(I Can't Help) Falling In Love With You,1983,207440,4,0.642,0.722,2,-13.031,1,0.0375,0.0444,0.00388,0.122,0.836,172.406,70,Reggae
I Don’t Want To Miss A Thing,1999,299000,4,0.39,0.649,2,-5.163,1,0.0345,0.172,0.0,0.216,0.144,121.161,74,Pop
More Human Than Human - Live,1995,266946,4,0.504,0.979,6,-4.593,1,0.238,0.00266,0.00015,0.996,0.138,101.061,22,Metal
Posin' 'Til Closin',1978,300320,4,0.735,0.684,8,-7.678,1,0.0232,0.066,0.00116,0.163,0.94,105.722,18,Disco
I'd Rather Be with You,1976,297493,4,0.477,0.566,2,-12.274,1,0.335,0.238,0.0,0.122,0.778,167.907,51,Funk
In A Sentimental Mood,1935,255226,4,0.464,0.305,3,-12.435,0,0.0316,0.936,0.0848,0.208,0.281,107.854,64,Jazz
He's Got the Whole World in His Hands,1963,114466,4,0.635,0.225,9,-11.899,1,0.0514,0.67,2.59e-06,0.126,0.888,119.978,14,Blues
Heart of a Giant (with Rod Wave),2020,168765,4,0.802,0.588,8,-6.768,1,0.137,0.498,0.0,0.111,0.522,87.501,54,Rap
Let&apos;s Go Disco,1978,203160,4,0.871,0.52,11,-11.952,0,0.128,0.082,0.00378,0.0753,0.63,112.823,1,Disco
Say What Whip It (Live),1982,897384,4,0.599,0.994,2,-5.617,1,0.128,0.75,0.183,0.73,0.334,101.976,7,Funk
I Was Made For Lovin' You (feat. Nile Rodgers & House Gospel Choir),2019,157205,4,0.686,0.892,10,-3.186,0,0.0498,0.0577,7.11e-06,0.0838,0.752,126.03,69,EDM
Candy Girl,1963,235000,4,0.839,0.623,1,-13.712,1,0.108,0.346,0.0138,0.314,0.668,103.799,50,Pop
My Home Town,1960,153000,4,0.496,0.404,4,-13.523,0,0.0419,0.169,5.35e-05,0.178,0.436,124.061,20,Pop
Relight My Fire - Single Version,1979,225893,4,0.787,0.662,0,-11.447,1,0.0378,0.0148,0.0,0.328,0.868,119.734,50,Disco
Around The Clock (part II),1951,181420,4,0.638,0.153,3,-16.064,1,0.0716,0.956,2.98e-05,0.0971,0.512,104.918,1,R&B
The Girl Can't Help It,1956,150200,4,0.616,0.515,0,-11.366,1,0.131,0.616,0.0,0.0902,0.88,174.697,40,R&B
Gangsta's Paradise,1995,240693,4,0.647,0.514,8,-10.05,1,0.0593,0.0655,0.0,0.398,0.386,79.975,86,Rap
Instant Club Hit (You'll Dance to Anything),1985,217626,4,0.836,0.483,11,-11.87,0,0.156,0.00131,2.95e-05,0.664,0.599,114.031,18,Punk
Easy - Remastered 2022,1954,177831,4,0.487,0.606,10,-5.549,1,0.0345,0.86,0.394,0.542,0.477,81.401,26,Blues
If I Could Fly,2000,249000,4,0.475,0.906,4,-4.995,0,0.0377,0.0048,0.0,0.0998,0.672,79.089,48,Metal
Wait and Bleed,1999,147840,4,0.382,0.996,7,-4.119,1,0.104,0.00208,0.0,0.417,0.327,93.345,68,Metal
Vehicle,1970,178000,4,0.474,0.734,10,-8.813,0,0.0426,0.0871,0.00356,0.26,0.926,101.751,52,Pop
Virtual Death,1994,348000,3,0.531,0.538,10,-7.478,1,0.0262,0.000363,2.14e-05,0.0609,0.142,100.162,17,Rock
Wang Dang Doodle,1965,182826,4,0.648,0.544,1,-8.963,1,0.179,0.343,2.93e-06,0.087,0.619,153.063,48,Blues
I Will Sing - Live,1997,277893,4,0.427,0.262,0,-13.451,1,0.0329,0.315,0.0,0.115,0.0627,138.922,49,Gospel
Love Rollercoaster,1975,290160,4,0.613,0.82,0,-10.175,1,0.0737,0.181,1.45e-06,0.049,0.465,115.125,57,R&B
Injection,2006,199213,4,0.42,0.996,8,-2.961,0,0.0804,0.000229,0.00042,0.0897,0.433,105.686,50,Punk
Warm Love In A Cold World,1979,270000,4,0.804,0.692,9,-12.249,1,0.0366,0.0135,0.0483,0.0314,0.961,127.076,11,Rock
Heartaches and Pain,2011,176212,3,0.529,0.439,0,-8.807,1,0.0288,0.00864,0.546,0.0455,0.601,154.955,42,Funk
One Mint Julep,1952,146013,4,0.738,0.311,3,-12.04,1,0.037,0.738,0.0,0.169,0.723,106.559,14,R&B
Summer Lightning,1971,154400,4,0.627,0.193,10,-17.733,0,0.0302,0.892,0.232,0.184,0.3,103.778,37,Folk
Trouble,1981,272000,4,0.548,0.435,4,-10.5,0,0.0396,0.118,2.16e-06,0.137,0.854,115.315,17,Rock
Oven,1993,88600,4,0.492,0.368,5,-16.05,1,0.0796,0.00127,0.00221,0.354,0.442,164.393,21,Punk
I'm Only In It For The Love,1983,206839,4,0.497,0.449,9,-14.874,1,0.0377,0.734,0.0,0.774,0.866,120.145,1,Country
Polka Dots And Moonbeams,1963,282200,4,0.53,0.114,7,-18.069,1,0.0475,0.991,0.902,0.137,0.369,92.249,46,Jazz
Groovin' High,1945,163906,4,0.692,0.191,5,-13.891,0,0.0416,0.985,0.844,0.163,0.687,95.05,38,Jazz
I Get Lonely,1998,317000,4,0.774,0.496,7,-8.144,0,0.0498,0.186,0.0,0.542,0.452,125.137,55,Pop
Too Hot,1995,219093,4,0.849,0.46,7,-12.743,1,0.194,0.095,0.00423,0.163,0.561,102.6,37,Rap
Lay It On Me,1970,127000,4,0.756,0.386,4,-16.336,1,0.0447,0.218,0.112,0.14,0.891,106.071,27,Rock
Welcome Home,1988,276400,4,0.429,0.959,11,-9.658,0,0.0743,0.00591,0.922,0.099,0.399,124.635,38,Metal
Still Loving You,1984,387000,4,0.273,0.39,8,-12.384,0,0.0317,0.134,0.00174,0.183,0.0851,103.955,65,Metal
You Light Up My Life,1977,216000,3,0.333,0.367,2,-10.06,1,0.0291,0.831,1.19e-05,0.262,0.0685,77.986,55,Pop
I'll Go To My Grave Loving You,1968,168066,4,0.606,0.425,10,-11.671,1,0.025,0.858,2.02e-05,0.119,0.791,95.807,41,Country
My Dad,1963,267000,4,0.73,0.698,7,-5.089,1,0.508,0.0986,0.0,0.322,0.711,176.146,62,Pop
Home,1991,198400,4,0.656,0.253,0,-12.294,1,0.0311,0.234,0.0,0.391,0.488,83.968,34,Country
Turbo Lover - Remastered,1986,333999,4,0.551,0.876,9,-7.02,1,0.037,0.174,9.04e-06,0.397,0.746,151.575,54,Metal
Just Like Paradise,1988,243000,4,0.611,0.853,2,-4.983,1,0.034,0.0219,0.0,0.671,0.376,135.558,56,Pop
Cities On Flame with Rock and Roll,1972,242000,4,0.337,0.886,4,-8.607,1,0.098,0.0716,0.00156,0.204,0.648,177.713,51,Metal
Right Time - 2001 Digital Remaster,1976,197200,4,0.837,0.382,2,-10.726,1,0.052,0.33,6.14e-05,0.127,0.56,139.042,44,Reggae
Nobody Knows The Trouble I've Seen,1962,312280,3,0.394,0.27,8,-15.01,1,0.0383,0.911,0.247,0.248,0.389,98.596,0,Gospel
What A Fool Believes,1979,223000,4,0.758,0.378,8,-15.308,0,0.0449,0.284,0.0,0.049,0.985,120.736,74,Pop
Suggestion,1989,284146,4,0.477,0.503,2,-8.322,1,0.0515,0.00114,0.4,0.0844,0.38,89.219,45,Punk
Just The Two Of Us,1981,438000,4,0.749,0.497,10,-12.609,0,0.105,0.41,0.0499,0.0504,0.585,95.818,74,Pop
You're No Good,1962,97000,4,0.563,0.679,0,-6.191,1,0.0441,0.825,0.0,0.336,0.76,123.38,31,Rock
Summer Breeze,1973,372533,4,0.303,0.63,9,-9.897,0,0.0496,0.15,0.00179,0.134,0.483,155.887,44,Funk
Paranoia,2013,275281,4,0.472,0.282,1,-12.309,1,0.306,0.317,0.000158,0.107,0.123,69.985,48,Rap
"Take a Chance - 7""",1982,273026,4,0.813,0.853,1,-7.536,0,0.0424,0.0269,0.000995,0.292,0.933,122.544,10,Disco
Babe I'm Gonna Leave You - Remaster,1969,402000,4,0.411,0.466,4,-11.537,0,0.0332,0.375,8.47e-05,0.142,0.158,136.093,47,Rock
Pearline,1965,271893,4,0.631,0.255,9,-16.03,1,0.0643,0.71,0.102,0.159,0.322,79.844,19,Blues
Pimpin' Ain't Easy,1989,253000,4,0.838,0.553,2,-12.344,1,0.379,0.192,0.0,0.129,0.911,99.546,19,Rap
(Boogie Woogie) Dancin' Shoes,1978,299453,4,0.774,0.608,2,-10.041,0,0.0341,0.079,1.56e-05,0.0853,0.837,138.985,26,Disco
Subliminal,1986,188133,4,0.467,0.885,9,-8.226,0,0.0446,0.0181,0.0,0.364,0.452,94.397,53,Punk
White Clouds,2013,289208,4,0.567,0.853,10,-3.822,0,0.0657,0.00137,5.36e-05,0.277,0.506,127.949,23,EDM
Three Little Pigs,1993,189000,4,0.93,0.319,9,-12.852,1,0.0422,0.552,0.0,0.0907,0.732,130.009,54,Pop
That's The Way I Feel About 'Cha,1972,310226,4,0.439,0.443,2,-11.116,1,0.0373,0.567,5.98e-05,0.57,0.716,106.382,39,R&B
Sitting Around at Home,1988,104133,4,0.536,0.759,9,-7.402,1,0.032,0.000262,5.76e-05,0.0969,0.685,105.472,28,Punk
The Way You Do The Things You Do,1991,165000,4,0.618,0.704,4,-4.686,1,0.0321,0.159,0.000264,0.358,0.742,124.218,57,Pop
Baby As You Turn Away,1975,263000,4,0.537,0.422,2,-11.813,1,0.0251,0.037,2.16e-05,0.13,0.619,84.639,29,Rock
Cool Change,1980,316000,4,0.375,0.383,9,-10.941,1,0.0277,0.268,1.28e-06,0.0877,0.143,130.26,57,Pop
"Shake Your Body (Down to the Ground) - 7"" Version",1978,227261,4,0.796,0.72,0,-7.203,1,0.0763,0.0528,0.0,0.337,0.851,117.401,49,Disco
Dirt Off Your Shoulder,2001,245173,4,0.78,0.657,1,-7.149,1,0.317,0.0321,2.56e-06,0.339,0.648,163.969,61,Rap
Man In The Mirror,1988,318000,4,0.808,0.812,8,-5.012,1,0.0381,0.52,7.91e-05,0.134,0.269,100.331,66,Pop
Praying For Time,1990,280000,4,0.579,0.64,10,-14.366,1,0.0352,0.0518,0.0148,0.0982,0.263,127.788,51,Pop
Don’t Take It Personal (JUST One Of Dem Days),1995,258000,4,0.731,0.355,8,-12.741,1,0.0603,0.00864,5.14e-05,0.0579,0.529,175.72,55,Pop
I’m Your Baby Tonight,1991,251000,4,0.496,0.571,5,-9.958,0,0.0335,0.43,0.0,0.0332,0.25,150.944,54,Pop
Summer Madness,1974,257866,4,0.298,0.327,6,-16.515,0,0.031,0.00834,0.86,0.0724,0.454,175.898,58,R&B
"Take Me Home,Country Roads",1971,197813,4,0.38,0.43,9,-12.564,1,0.0288,0.546,1.71e-05,0.188,0.547,82.204,74,Country
Vomitspit,2004,168013,4,0.602,0.827,10,-5.677,0,0.217,0.147,0.0,0.393,0.844,92.993,60,Rap
Under and Over It,2011,218133,4,0.473,0.996,11,-3.027,0,0.173,1.41e-05,0.0,0.26,0.0952,76.006,61,Metal
You Can Depend On Me,1961,158000,4,0.718,0.732,7,-9.582,1,0.0308,0.34,0.0,0.236,0.719,104.765,28,Pop
Everything Changes,1992,238000,3,0.5,0.612,4,-4.944,1,0.0332,0.0267,0.157,0.404,0.0668,124.992,46,Pop
So Early in the Morning,1982,426640,4,0.786,0.526,1,-16.077,1,0.153,0.00119,0.00155,0.339,0.844,108.79,4,Funk
Close To You,1988,325800,4,0.781,0.478,6,-15.427,1,0.0561,0.0849,3.93e-06,0.0877,0.962,95.992,56,Reggae
Call It Stormy Monday But Tuesday Is Just As Bad,1947,183026,4,0.621,0.134,0,-15.836,1,0.0496,0.853,0.0568,0.0412,0.44,103.782,44,Blues
If You Could Read My Mind,1971,228000,4,0.612,0.24,9,-12.821,1,0.033,0.745,7.86e-05,0.115,0.223,122.565,65,Pop
I Was Made To Love Her,1967,156000,4,0.371,0.613,7,-6.685,0,0.0452,0.0589,0.0,0.0479,0.873,203.732,57,Pop
Walk This Way,1977,220000,4,0.653,0.73,5,-10.613,1,0.0429,0.0115,1.02e-05,0.0776,0.894,108.709,74,Pop
Little Red Rooster,1969,268693,3,0.534,0.24,2,-15.385,1,0.0391,0.718,0.00236,0.0687,0.471,76.679,22,Blues
Eight Days A Week,1965,163000,4,0.652,0.583,9,-7.811,1,0.038,0.412,0.0,0.119,0.744,138.134,62,Pop
Till I Collapse,2002,297786,4,0.548,0.847,1,-3.237,1,0.186,0.0622,0.0,0.0816,0.1,171.447,83,Rap
Come Together,1969,274960,4,0.196,0.811,2,-10.549,1,0.052,0.00146,0.654,0.937,0.534,156.343,21,Punk
19th Nervous Breakdown,1966,236000,4,0.477,0.842,4,-7.356,1,0.0371,0.0142,0.106,0.271,0.796,96.457,40,Pop
Wichita Lineman,1968,186200,4,0.192,0.392,5,-11.667,1,0.0327,0.326,0.000199,0.248,0.392,172.312,60,Country
Swimming Pools (Drank),2012,247800,4,0.693,0.445,8,-5.892,1,0.257,0.00625,0.000234,0.0899,0.199,74.044,80,Rap
Walkin' Away,1995,228973,4,0.764,0.625,2,-7.208,1,0.0326,0.426,0.0,0.365,0.381,119.914,25,Country
Angels (feat. Saba),2016,206240,4,0.771,0.647,5,-5.127,0,0.376,0.294,0.0,0.37,0.678,155.914,52,Rap
Whitecap,2019,508426,4,0.712,0.867,0,-8.139,1,0.0494,0.0316,0.882,0.701,0.554,126.996,17,Funk
Night Dreamer - Remastered 2004 / Rudy Van Gelder Edition,1966,435440,4,0.459,0.545,3,-9.626,1,0.055,0.781,0.00789,0.162,0.438,100.398,40,Jazz
Separate Lives,1985,248000,4,0.341,0.309,4,-9.166,1,0.0315,0.238,1.09e-06,0.319,0.204,98.405,60,Pop
She's Out of My Life - Single Version,1979,218266,4,0.293,0.0348,4,-23.92,1,0.0414,0.962,0.000212,0.105,0.101,130.959,56,Disco
Cyco Vision,1987,109306,4,0.282,0.996,9,-3.991,1,0.274,0.00668,0.0,0.0674,0.323,185.423,59,Punk
I Ain't Gonna Be Your Dog No More,1973,221000,4,0.496,0.203,11,-18.123,0,0.0356,0.878,0.000145,0.127,0.554,74.024,0,Blues
Grip,1992,290240,4,0.379,0.903,2,-9.153,1,0.0733,0.0033,0.00106,0.218,0.503,116.304,21,Punk
Faded Love,1963,224133,4,0.463,0.166,3,-13.04,1,0.0311,0.919,2.15e-06,0.138,0.384,91.738,35,Country
1st Of Tha Month,1995,314000,4,0.729,0.581,5,-8.235,0,0.18,0.0777,3.81e-06,0.696,0.508,74.038,65,Pop
Can't Stop,2002,269000,4,0.618,0.938,9,-3.442,1,0.0456,0.0179,0.0,0.167,0.875,91.455,84,Alt. Rock
Bluer Than Blue,1978,179000,4,0.356,0.251,8,-14.24,1,0.0307,0.599,0.0,0.157,0.395,137.875,64,Pop
Mischievous Boogie,1965,154040,4,0.464,0.553,0,-8.512,0,0.0439,0.86,0.00273,0.168,0.851,176.342,0,Blues
Slave to the Grind,1991,208666,4,0.486,0.977,7,-7.566,1,0.105,6.8e-06,0.355,0.242,0.307,133.173,58,Metal
Vigilante Man,1940,200053,4,0.603,0.162,2,-15.448,1,0.0362,0.809,2.44e-06,0.124,0.634,101.575,10,Folk
Hound Dog,1952,181000,4,0.563,0.542,9,-10.862,1,0.0962,0.706,3.59e-05,0.355,0.785,133.285,55,Blues
Mummy Dust,2015,247373,4,0.505,0.949,0,-4.862,1,0.0504,0.000545,0.848,0.298,0.355,160.019,51,Metal
Carnival Baby,1961,267666,4,0.663,0.914,7,-6.619,0,0.0408,0.0405,0.0787,0.0554,0.969,130.53,2,SKA
She Don't Use Jelly,1993,222278,4,0.33,0.556,7,-11.494,1,0.0796,0.207,4.39e-05,0.315,0.506,173.828,54,Alt. Rock
Redneck,2006,220880,4,0.513,0.995,6,-3.384,0,0.165,8.06e-05,1.13e-05,0.364,0.0401,130.97,63,Metal
Stick by Me,1972,196800,4,0.787,0.478,8,-7.032,1,0.14,0.113,5.09e-06,0.0906,0.802,78.873,5,SKA
Come To Mama,1975,288360,4,0.695,0.643,8,-7.983,1,0.0795,0.125,0.000128,0.0224,0.886,102.851,25,Blues
Warm It Up,1992,240000,4,0.827,0.643,10,-6.414,0,0.0898,0.256,0.0,0.094,0.433,95.965,46,Pop
Chase the Devil,1968,199850,4,0.7,0.696,9,-6.09,0,0.124,0.232,0.0453,0.428,0.81,155.05,30,Reggae
How's Your Love Life Baby - Single Version,1979,234706,4,0.685,0.779,7,-11.035,1,0.084,0.0234,0.000181,0.215,0.741,115.833,1,Disco
I’ve Told Every Little Star,1961,214000,4,0.524,0.254,1,-14.629,1,0.0324,0.978,0.0783,0.184,0.7,114.09,10,Pop
Nite Klub - 2015 Remaster,2015,203693,4,0.579,0.816,9,-8.235,1,0.158,0.273,0.00247,0.311,0.954,79.724,39,Punk
Criminal World,1983,265000,4,0.551,0.754,6,-7.522,0,0.0309,0.0665,0.125,0.0589,0.962,129.758,40,Rock
Return Of The Revolution,2002,266026,4,0.674,0.766,11,-4.429,1,0.0763,0.0474,0.0,0.402,0.945,92.035,15,SKA
Don't Say No,1981,262866,4,0.899,0.548,2,-11.997,1,0.0778,0.0668,0.125,0.0528,0.966,120.748,8,Disco
The Boy Is Mine,1998,173000,4,0.795,0.63,7,-5.854,0,0.0434,0.157,0.0,0.0732,0.447,97.998,86,Pop
Good Rockin Tonight,1948,216746,4,0.497,0.79,10,-8.718,0,0.209,0.906,0.0115,0.844,0.465,163.233,43,R&B
A Small Victory,1992,297133,4,0.494,0.947,9,-7.289,1,0.052,0.00148,0.0308,0.404,0.426,100.03,46,Metal
Nothing Could Be Good,1981,253000,4,0.609,0.418,7,-12.265,0,0.032,0.406,1.52e-06,0.0838,0.361,87.004,22,Rock
N.Y. You Got Me Dancing,1976,361626,4,0.625,0.858,5,-9.81,1,0.0432,0.0683,0.728,0.285,0.743,119.185,16,Disco
Little Star,1958,100000,4,0.443,0.0248,11,-25.351,1,0.0622,0.996,0.967,0.12,0.52,68.123,73,Pop
Women,1987,342000,4,0.52,0.916,2,-5.772,1,0.0392,0.00215,0.0236,0.318,0.388,86.414,47,Rock
Texas Saturday Night,1985,144173,4,0.684,0.445,3,-12.736,1,0.0294,0.268,0.0,0.0936,0.873,92.609,17,Country
When the Shit Hits the Fan,1980,154360,4,0.401,0.938,11,-8.417,0,0.0524,0.0407,0.0,0.143,0.296,154.511,30,Punk
Mother-In-Law,1961,151000,4,0.811,0.528,3,-9.721,1,0.0332,0.784,1.58e-05,0.141,0.942,130.191,35,Pop
Cross Road Blues,1936,149560,4,0.675,0.311,9,-11.959,1,0.0525,0.93,0.000261,0.102,0.638,97.159,46,Blues
Cindy’s Birthday,1962,168000,4,0.7,0.548,0,-9.918,1,0.0388,0.317,0.000114,0.29,0.36,76.457,0,Pop
Lotta Love,1979,333000,4,0.412,0.902,9,-11.6,1,0.405,0.0484,0.131,0.405,0.422,89.74,74,Pop
The Ballad Of Peter Pumpkinhead (feat. Ellen Reid),1996,224373,4,0.498,0.934,2,-5.323,1,0.103,0.0314,3.17e-05,0.226,0.531,128.017,33,Alt. Rock
When A Fire Starts To Burn,2013,284026,4,0.625,0.756,7,-6.955,1,0.231,0.00933,0.00131,0.324,0.673,123.948,47,EDM
Resurrection,2000,238000,4,0.444,0.97,2,-4.669,1,0.155,0.000466,0.0173,0.0888,0.0923,101.99,27,Metal
I Used to Love H.E.R.,1994,278706,4,0.74,0.445,1,-13.222,1,0.397,0.074,3.4e-05,0.424,0.593,91.745,48,Rap
Night and Day,1956,265474,4,0.613,0.414,6,-13.064,1,0.0417,0.807,0.919,0.0796,0.262,110.053,16,Jazz
Willow Weep for Me,1957,288106,4,0.528,0.219,0,-14.708,1,0.0443,0.848,0.000816,0.0979,0.178,115.982,32,Jazz
It's Tricky (In The Style Of Run-D.M.C.) [Performance Track with Demonstration Vocals],2006,183483,4,0.962,0.607,0,-6.075,1,0.17,0.0221,0.0,0.0705,0.805,127.824,0,Rap
The Holy Hills of Heaven Call Me,1981,183973,4,0.466,0.334,3,-11.395,1,0.0288,0.743,0.0,0.303,0.43,120.661,4,Gospel
Windows,1970,192106,1,0.471,0.446,8,-12.842,0,0.0315,0.705,0.441,0.18,0.488,107.248,43,Jazz
The Look Of Love,1968,209000,4,0.739,0.897,9,-4.566,0,0.0896,0.112,0.00103,0.309,0.915,121.007,63,Pop
I've Got The Music in Me,1977,164026,4,0.743,0.428,0,-14.668,1,0.107,0.256,0.0,0.103,0.789,125.117,27,Disco
Pink Turns to Blue,1985,162933,4,0.242,0.96,9,-11.85,1,0.0638,5.09e-05,0.392,0.12,0.323,153.439,37,Punk
TALK ABOUT IT,2020,159093,4,0.951,0.638,1,-5.614,1,0.308,0.00206,0.0,0.113,0.439,123.948,38,Rap
Dance,1990,261053,4,0.565,0.934,8,-7.372,1,0.0459,0.00372,0.0466,0.155,0.711,128.931,40,Metal
Didn't We Almost Have It All,1987,305066,4,0.54,0.49,10,-10.151,1,0.027,0.414,0.000896,0.142,0.336,130.992,61,R&B
Is It Love You’re After,1978,305533,4,0.548,0.723,2,-10.305,1,0.0412,0.0348,4.86e-05,0.0993,0.405,116.77,13,Disco
Baby Scratch My Back - Single Version,1966,172733,4,0.808,0.471,5,-9.851,1,0.0386,0.388,0.841,0.0619,0.932,122.269,35,Blues
Surfin’ Safari,1962,126000,4,0.542,0.786,9,-5.251,1,0.0438,0.79,2.14e-05,0.102,0.967,158.37,54,Pop
Work,2004,203506,4,0.544,0.926,8,-3.575,1,0.0634,0.00741,0.0,0.214,0.352,115.081,38,Alt. Rock
Hot Cop,1978,379760,4,0.656,0.837,9,-10.483,1,0.0384,0.0285,5.62e-06,0.0933,0.843,126.28,15,Disco
Calypso,1975,216173,3,0.219,0.43,9,-9.202,1,0.0309,0.82,4.39e-05,0.124,0.495,180.05,50,Country
Promises,2011,257360,4,0.484,0.941,9,-4.339,0,0.0625,4.53e-05,0.00298,0.64,0.319,143.948,50,EDM
Ghost Love Score,2004,602080,3,0.442,0.779,5,-5.392,0,0.0394,0.00969,0.000539,0.113,0.203,100.969,50,Metal
Barbie Girl,1997,197000,4,0.812,0.879,1,-10.998,0,0.0397,0.017,0.224,0.365,0.962,129.991,76,Pop
Our Father Of Life,2017,196000,4,0.217,0.427,4,-8.512,1,0.0303,0.558,0.000237,0.108,0.131,110.049,1,Rock
Somewhere Out There,1987,130000,4,0.606,0.0183,8,-25.973,1,0.0683,0.995,0.939,0.113,0.401,148.315,61,Pop
There's Not Another You,1990,230000,4,0.671,0.664,4,-9.89,0,0.0278,0.193,5.88e-06,0.135,0.689,107.936,21,Rock
Use Me,1972,228326,4,0.758,0.586,11,-13.461,0,0.056,0.033,0.0028,0.0743,0.947,154.629,66,R&B
Express Yourself - Mochakk Remix,2022,255000,4,0.902,0.541,1,-7.522,1,0.119,0.00233,0.945,0.0642,0.683,128.026,56,EDM
Street Struck,1995,249626,4,0.773,0.63,9,-8.039,1,0.432,0.142,1.92e-06,0.237,0.677,173.922,52,Rap
Things To Come,1945,169133,4,0.466,0.592,10,-9.725,0,0.113,0.773,0.00076,0.346,0.666,85.369,16,Jazz
Poison,1989,270000,4,0.28,0.908,2,-5.509,0,0.109,0.0327,8.85e-06,0.18,0.26,118.698,70,Metal
Lincoln Park Pirates,1971,215866,3,0.593,0.566,9,-7.868,0,0.0315,0.58,0.0,0.366,0.63,95.92,14,Folk
Stuck On You,1984,195133,4,0.522,0.346,5,-15.462,1,0.0297,0.258,0.0,0.114,0.27,131.692,58,R&B
I Wanna Be Adored - Remastered 2009,1989,292800,4,0.494,0.862,4,-9.158,0,0.0273,0.012,0.213,0.228,0.59,112.596,65,Alt. Rock
With Every Beat Of My Heart,1990,262000,4,0.773,0.893,5,-4.768,1,0.034,0.0827,2.25e-06,0.0984,0.971,121.37,36,Pop
Love Is Alive,2017,170610,4,0.676,0.5,8,-6.878,1,0.0412,0.701,0.0,0.596,0.915,97.863,48,EDM
End of the Night,1967,170000,4,0.41,0.218,11,-12.544,0,0.0293,0.902,0.000396,0.135,0.0755,72.081,49,Rock
99 Red Balloons,1983,229173,4,0.285,0.843,4,-7.318,1,0.129,0.00103,0.00037,0.327,0.282,97.051,60,SKA
Float,2008,293440,4,0.543,0.665,9,-6.222,0,0.026,0.00318,0.0166,0.104,0.342,105.996,45,Punk
"Keep On,Keepin’ On",1996,235000,4,0.577,0.39,4,-11.27,1,0.0325,0.518,0.0025,0.0901,0.404,74.997,40,Pop
Nashville Cats,1967,154000,4,0.776,0.451,0,-11.224,1,0.0405,0.35,0.0,0.101,0.742,89.575,35,Pop
Dr. Kitch,1961,237960,4,0.585,0.715,0,-6.206,1,0.0973,0.714,0.0,0.138,0.923,156.461,20,SKA
Broken In Paradise,1996,161144,4,0.51,0.927,0,-4.259,1,0.0556,0.000368,0.0112,0.364,0.639,160.137,18,SKA
Bye Bye (feat. Ivy Adara),2020,210351,4,0.612,0.781,4,-3.601,1,0.0931,0.00548,0.0,0.174,0.54,148.017,49,EDM
Guess Who's Coming To Dinner,1981,381306,4,0.8,0.548,1,-16.243,1,0.0528,0.0326,0.0054,0.0633,0.925,134.942,41,Reggae
Make It Hot,1998,267000,4,0.76,0.458,7,-8.834,1,0.19,0.376,0.000229,0.143,0.581,84.08,45,Pop
99.9 F,1987,196266,4,0.838,0.468,11,-14.203,1,0.0806,0.0707,0.54,0.081,0.976,138.778,33,Folk
He’s Mine,1995,226000,4,0.689,0.622,9,-13.685,1,0.029,0.256,8.54e-06,0.186,0.849,126.259,49,Pop
"Milestones (feat. John Coltrane,Cannonball Adderley,Red Garland,Paul Chambers & Philly Joe Jones)",1958,342066,4,0.553,0.546,9,-7.459,0,0.0341,0.439,0.000557,0.167,0.7,118.214,53,Jazz
Wasted (feat. Plies),2011,249840,4,0.702,0.727,5,-3.443,1,0.155,0.0827,0.0,0.0831,0.549,155.093,49,Rap
Get Up And Boogie,1976,172000,4,0.797,0.552,7,-14.86,1,0.0303,0.117,0.00132,0.0806,0.967,104.988,39,Pop
Blow Your Trumpets Gabriel,2014,265440,4,0.173,0.938,6,-4.642,1,0.0807,0.000216,0.00244,0.271,0.176,118.064,40,Metal
We've Got Tonight,1983,234560,4,0.543,0.227,8,-11.247,1,0.0298,0.767,4.29e-05,0.103,0.292,123.548,65,Country
It’s All About Me,1998,194000,4,0.426,0.937,8,-3.259,1,0.112,0.0534,0.0,0.108,0.494,156.959,14,Pop
Having a Party,1962,157296,4,0.526,0.555,7,-9.523,0,0.0456,0.532,0.0,0.388,0.736,123.615,39,R&B
Black Velvet Band,1967,269480,3,0.413,0.479,7,-10.829,1,0.035,0.781,0.0,0.364,0.888,167.813,47,Folk
Born In The U.S.A.,1985,278000,4,0.398,0.952,4,-6.042,1,0.061,0.000373,7.75e-05,0.1,0.584,122.093,76,Pop
Coney Island Baby,1975,395226,4,0.536,0.432,0,-9.495,1,0.0364,0.547,9.93e-05,0.128,0.474,80.34,48,Alt. Rock
Spiral,2016,304000,4,0.706,0.336,4,-11.701,0,0.0312,0.558,0.0233,0.111,0.473,81.082,13,Rock
Business You're Doin',1969,198706,4,0.732,0.336,0,-19.365,1,0.0626,0.673,0.0373,0.119,0.693,116.265,11,Blues
Strangers In The Night,1966,157000,4,0.259,0.473,5,-8.275,1,0.0295,0.592,0.0,0.201,0.539,90.348,72,Pop
Treat Me Like Fire,2014,250706,4,0.671,0.65,6,-7.687,1,0.0665,0.198,0.0057,0.6,0.323,91.961,48,Funk
Cotton Tail,1940,189266,4,0.651,0.755,5,-8.347,1,0.0775,0.858,0.897,0.0884,0.707,119.702,22,Jazz
Come To My Window,1994,236000,4,0.512,0.636,7,-9.602,1,0.0262,0.08,0.000106,0.088,0.499,97.257,52,Pop
Violent Revolution,2001,294800,4,0.506,0.994,7,-5.733,1,0.0935,0.000176,0.0152,0.155,0.205,144.04,48,Metal
Shotgun,1965,201000,4,0.673,0.735,5,-4.733,1,0.0457,0.286,0.0,0.242,0.754,115.744,78,Pop
Cracklin’ Rosie,1970,179000,4,0.564,0.505,1,-14.835,1,0.0336,0.318,0.0,0.163,0.863,127.815,64,Pop
Shoplifting,1979,95960,4,0.526,0.593,11,-8.907,0,0.297,0.000153,6.64e-05,0.116,0.721,104.12,26,Punk
Last Dance,1978,296506,4,0.604,0.609,3,-13.399,1,0.0441,0.12,0.00241,0.22,0.498,125.37,53,R&B
Peeny Peeny,1994,201173,4,0.714,0.421,9,-12.315,1,0.368,0.119,0.0,0.0941,0.845,80.462,23,Reggae
Dracula Flow,2011,225103,4,0.733,0.669,2,-3.884,1,0.459,0.103,0.222,0.223,0.131,72.268,50,EDM
Blame It On The Love Of Rock & Roll,1992,264000,4,0.638,0.948,1,-3.636,0,0.0361,0.00654,0.0,0.177,0.79,123.874,35,Rock
I Need You,2015,206750,4,0.6,0.863,8,-5.754,0,0.031,0.00168,0.00406,0.0939,0.223,106.997,43,EDM
Party in Paris,1980,173840,4,0.483,0.961,5,-6.119,1,0.0693,0.018,0.0,0.0593,0.488,94.598,18,Punk
Smiling Faces Sometimes,1971,198000,4,0.551,0.461,11,-11.778,1,0.0255,0.252,2.39e-06,0.0541,0.739,105.155,49,Pop
The Humpty Song,1980,177293,4,0.793,0.708,10,-9.678,0,0.143,0.0181,5.28e-06,0.471,0.816,96.661,1,Punk
Car Wash,1977,307000,4,0.667,0.521,9,-13.212,0,0.115,0.202,6.55e-05,0.0723,0.856,117.917,50,Pop
Big Seven,1969,201720,4,0.848,0.493,1,-6.873,1,0.095,0.0167,0.0,0.202,0.647,84.198,29,SKA
Step into a World (Rapture's Delight),1997,289906,4,0.803,0.806,0,-7.805,1,0.265,0.00761,0.00544,0.101,0.624,94.994,54,Rap
Stan,2000,404106,4,0.78,0.768,6,-4.325,0,0.238,0.0371,2.34e-06,0.518,0.507,80.063,80,Rap
Dynomite,1975,77000,4,0.685,0.403,0,-10.887,1,0.305,0.00483,0.0,0.174,0.546,93.826,23,Pop
When Smokey Sings,1987,259000,4,0.732,0.765,5,-8.75,1,0.0287,0.0505,0.0798,0.169,0.876,126.186,49,Pop
Pillow Talk,1973,645000,4,0.919,0.362,8,-8.331,1,0.368,0.576,0.0,0.134,0.416,104.987,49,Pop
You Are,1983,178000,4,0.682,0.683,8,-6.444,0,0.0287,0.156,2.32e-05,0.273,0.64,120.023,81,Pop
Go Your Own Way,1977,223000,4,0.583,0.947,5,-5.12,1,0.0378,0.0185,0.00109,0.0679,0.803,135.448,80,Pop
Can I Get A…,1999,238000,4,0.537,0.804,11,-5.491,1,0.0362,0.0181,0.000106,0.0859,0.472,75.991,63,Pop
Chiseled In Stone,1988,229960,4,0.494,0.221,3,-15.911,1,0.0285,0.818,0.000337,0.111,0.16,140.855,40,Country
Let Him Go,2004,207306,4,0.753,0.917,1,-8.629,1,0.0843,0.755,3.6e-06,0.0736,0.914,93.677,42,Reggae
Rivers of Babylon,1978,261266,4,0.729,0.851,7,-7.033,1,0.0362,0.13,0.000912,0.443,0.741,115.118,68,Disco
Hello in There,1971,272026,4,0.594,0.325,0,-17.137,1,0.0324,0.748,0.0058,0.0857,0.254,135.229,48,Folk
Could It Be Magic,1975,409000,4,0.315,0.506,0,-7.283,0,0.0347,0.85,0.0405,0.131,0.291,122.913,44,Pop
I'm Gonna Find Another You,1985,164084,3,0.35,0.467,9,-8.284,1,0.0462,0.841,0.000553,0.7,0.32,84.12,51,Jazz
Love Shack,1989,320680,4,0.701,0.803,5,-6.786,0,0.0545,0.0544,1.54e-06,0.7,0.903,133.608,70,Alt. Rock
Go Cubs Go (Studio Cut),1984,171293,4,0.695,0.601,0,-9.902,1,0.0375,0.252,0.0,0.502,0.903,99.75,34,Folk
It Could Happen To You - 2001 Digital Remaster/The Rudy Van Gelder Edition,1958,286213,4,0.598,0.0479,0,-16.347,1,0.0359,0.985,0.944,0.108,0.222,58.731,10,Jazz
Cold Hearted,1989,231000,4,0.879,0.679,7,-8.59,0,0.0421,0.149,0.00874,0.078,0.724,122.382,51,Pop
Eyes Without A Face,1984,299000,4,0.54,0.816,9,-6.197,1,0.0421,0.0177,0.00226,0.276,0.658,85.563,76,Pop
Demiurge,2012,372866,3,0.207,0.945,1,-5.277,1,0.0787,3.26e-05,0.79,0.0947,0.0399,113.254,51,Metal
O.G. Original Gangster,1988,283293,4,0.887,0.847,7,-10.885,1,0.253,0.115,8.24e-05,0.216,0.739,103.008,40,Rap
Surf (feat. Gunna),2019,184093,4,0.93,0.561,0,-8.053,1,0.25,0.101,0.0,0.0992,0.596,140.987,55,Rap
Journey From Eden,1972,405000,4,0.552,0.26,2,-19.2,0,0.0242,0.754,0.0832,0.0855,0.701,88.686,14,Rock
Them There Eyes,1937,169333,4,0.556,0.248,8,-12.448,1,0.122,0.773,0.0,0.389,0.789,156.933,31,Jazz
Special Brew,1996,191293,4,0.549,0.67,8,-11.423,1,0.0527,0.0415,0.0784,0.193,0.983,141.543,33,SKA
Shiny Happy People,1991,225786,4,0.452,0.909,9,-3.977,1,0.0366,0.0313,0.0603,0.23,0.805,124.623,72,Alt. Rock
Necromancer,2018,213000,4,0.517,0.917,9,-5.954,0,0.037,2.73e-05,0.25,0.0672,0.491,92.508,36,Rock
SPEEDBOAT,2019,222533,4,0.925,0.628,6,-7.587,1,0.131,0.0604,0.0,0.358,0.81,120.021,51,Rap
Come Go with Me,1979,347373,4,0.435,0.556,0,-10.01,1,0.066,0.28,1.04e-05,0.572,0.7,171.467,45,Disco
Champagne & Reefer,1981,275933,4,0.362,0.609,7,-8.832,1,0.145,0.081,0.00836,0.557,0.625,67.423,39,Blues
Carry On Wayward Son,1977,323000,4,0.482,0.786,7,-5.735,1,0.032,0.00321,8.88e-05,0.446,0.793,126.755,76,Pop
Come Back To Me,1990,388000,4,0.623,0.462,4,-7.82,0,0.0326,0.397,0.0115,0.0492,0.344,73.007,74,Pop
Unbelievable,2002,241000,4,0.486,0.735,7,-5.257,1,0.0277,0.000299,0.0,0.333,0.49,150.414,21,Rock
I Wish I Had A Date,1990,120866,4,0.83,0.674,11,-8.161,1,0.0661,0.0813,1.4e-06,0.0152,0.875,105.218,16,SKA
Evil Is Going On,1968,144333,4,0.626,0.394,11,-12.176,0,0.0656,0.623,0.000195,0.0975,0.964,126.42,30,Blues
Egypt (The Chains Are On),1985,417800,4,0.287,0.667,2,-13.378,0,0.0527,0.381,0.0119,0.134,0.385,160.79,29,Metal
West Coast Blues,1960,442400,3,0.575,0.283,5,-13.333,0,0.0457,0.961,0.204,0.104,0.659,152.929,37,Jazz
The One That You Love,1981,259000,4,0.396,0.479,5,-8.072,1,0.0268,0.728,9.51e-06,0.102,0.184,109.973,61,Pop
Little Queenie,1959,163800,4,0.673,0.764,7,-10.392,0,0.087,0.735,0.0,0.238,0.662,151.312,40,R&B
Blue Velvet,1963,64000,5,0.546,0.249,1,-12.787,0,0.22,0.816,0.00733,0.0678,0.96,135.579,65,Pop
Tornado Of Souls,1990,322933,4,0.404,0.932,7,-11.151,1,0.102,0.0021,0.0313,0.072,0.399,194.505,57,Metal
Everybody Loves Me But You,1962,215000,4,0.379,0.845,9,-8.844,1,0.0358,0.0595,0.0,0.0371,0.75,147.506,28,Pop
Breakdance,1984,191000,4,0.96,0.552,7,-4.97,1,0.25,0.0242,0.0,0.0942,0.295,126.897,38,Pop
Again,1995,245000,4,0.55,0.868,7,-6.243,1,0.046,0.000707,0.0245,0.121,0.405,123.15,56,Metal
Now We Die,2014,430540,4,0.43,0.971,4,-4.742,0,0.149,0.00136,3.18e-06,0.0777,0.0896,150.111,44,Metal
Fancy,1990,299733,4,0.674,0.517,11,-11.225,1,0.0726,0.226,0.0,0.0697,0.482,94.98,64,Country
Show Up! (feat. John P. Kee),2001,307813,4,0.668,0.963,8,-5.294,0,0.0444,0.122,0.0,0.498,0.799,107.007,28,Gospel
Bags' Groove,1952,340146,4,0.55,0.212,0,-17.898,0,0.0526,0.636,2.61e-06,0.114,0.398,62.497,16,Jazz
Chinese Rocks - Remastered,1977,176493,4,0.428,0.855,7,-8.093,1,0.0502,0.00467,2.55e-05,0.365,0.705,139.399,31,Punk
Wild Youth - 2002 Remaster,1981,173200,4,0.263,0.94,9,-3.485,1,0.0998,0.233,0.0183,0.706,0.471,161.532,25,Punk
Path,2007,186000,4,0.408,0.564,8,-8.101,1,0.0323,0.000294,0.873,0.0744,0.328,105.083,45,Metal
Down and Counting 2008 - Club Mix,2008,421306,4,0.704,0.917,1,-5.11,0,0.0497,0.000282,0.0216,0.0832,0.604,129.989,2,Disco
Don't Come Home A-Drinkin' (With Lovin' On Your Mind),1966,126920,4,0.592,0.604,1,-6.587,1,0.118,0.658,0.000597,0.189,0.89,167.037,55,Country
Would? (2022 Remaster),1992,206773,4,0.297,0.842,6,-7.457,1,0.0488,0.000286,9.1e-06,0.0848,0.586,100.127,75,Alt. Rock
Just A Song Before I Go,1977,133000,4,0.671,0.233,11,-18.003,0,0.0378,0.875,0.00016,0.12,0.486,108.065,57,Pop
Studio,2014,278066,3,0.709,0.589,8,-7.776,0,0.0434,0.0508,0.0,0.0585,0.58,133.921,68,Rap
Wouldn't Get Far,2007,251040,4,0.434,0.764,4,-5.367,0,0.276,0.152,0.0,0.425,0.702,92.605,56,Rap
No Limit,2018,245386,4,0.838,0.771,1,-3.791,1,0.244,0.0117,0.0,0.0853,0.405,175.957,67,Rap
Great British Mistake,1978,228106,4,0.154,0.984,7,-6.573,1,0.135,0.0164,0.0077,0.247,0.308,168.703,17,Punk
Never Let Me Down,2018,185133,4,0.706,0.824,1,-7.036,1,0.133,0.0547,0.00162,0.0448,0.536,123.965,38,EDM
One More Chance / Stay with Me - Remix; 2007 Remaster,2007,268706,4,0.725,0.68,0,-6.037,1,0.224,0.149,0.0,0.127,0.695,90.964,62,Rap
Hide Away,1961,157400,4,0.637,0.657,9,-10.615,1,0.0286,0.155,0.202,0.143,0.863,133.973,35,Blues
Pres Returns,1956,378160,4,0.623,0.346,0,-10.752,1,0.0328,0.882,0.0377,0.212,0.642,116.606,12,Jazz
45,2003,250093,3,0.446,0.657,7,-4.494,1,0.0262,0.0022,0.0,0.189,0.215,152.132,66,Metal
Can't Stop Groovin' Now (Wanna Do It Some More),1979,352506,4,0.732,0.889,6,-9.026,0,0.0968,0.0517,0.796,0.0584,0.668,116.796,6,Disco
Shoo Be Doo,1979,98000,4,0.545,0.82,4,-11.095,0,0.0532,0.226,0.037,0.198,0.411,93.858,29,Rock
How Can I Unlove You,1971,168253,4,0.566,0.438,7,-10.851,1,0.028,0.699,0.0,0.394,0.918,141.985,15,Country
I'm a Man of Constant Sorrow,1951,175106,4,0.384,0.381,9,-12.81,1,0.0356,0.952,0.0223,0.37,0.695,179.357,24,Country
Last Resort,2000,199906,4,0.589,0.89,4,-3.719,0,0.06,0.000481,0.00082,0.201,0.687,90.586,81,Alt. Rock
Poor Me Israelites (Desmond Dekker and Desmond Dekker Jnr Collaboration Version) (Desmond Dekker and Desmond Dekker Jnr Collaboration Version),1969,269226,4,0.726,0.836,0,-12.99,1,0.0395,0.202,0.717,0.12,0.95,106.001,1,Reggae
Need Your Heart (feat. Kai),2018,241568,4,0.41,0.712,7,-4.281,0,0.0392,0.00512,5.23e-05,0.164,0.166,140.093,41,EDM
Neon Moon,1992,263760,4,0.698,0.632,9,-6.508,1,0.0247,0.554,0.0,0.118,0.458,102.408,72,Country
Sad Eyes,1979,253000,3,0.431,0.463,0,-7.342,1,0.0268,0.599,0.00282,0.132,0.687,107.19,53,Pop
All American Girls,1979,283826,4,0.747,0.75,9,-7.037,0,0.0531,0.0268,0.0,0.395,0.943,120.693,42,Disco
Walking The Floor Over You,1941,159266,4,0.878,0.227,0,-13.36,1,0.0572,0.858,2.29e-05,0.0731,0.898,114.483,40,Country
What's a Telephone Bill?,1977,359093,4,0.604,0.716,6,-6.772,0,0.131,0.331,0.000169,0.295,0.655,134.169,33,Funk
Jah Jah City,1996,202733,4,0.567,0.644,10,-8.589,0,0.496,0.0915,0.0,0.0982,0.823,137.178,44,Reggae
Don’t Pull Your Love,1971,202000,3,0.567,0.575,11,-6.618,0,0.0255,0.678,2.33e-05,0.0745,0.62,105.461,26,Pop
Rock Me All Night Long,1955,163694,4,0.601,0.51,6,-9.226,1,0.0357,0.768,0.000647,0.291,0.76,75.436,6,R&B
Too Late To Turn Back Now,1972,198000,4,0.516,0.73,7,-7.136,1,0.0494,0.344,0.0,0.425,0.907,115.126,57,Pop
It's Your Thing,1969,169293,4,0.376,0.67,10,-9.273,1,0.0854,0.0727,2.52e-06,0.0718,0.837,185.503,57,Disco
Fly Robin Fly - Alternate Mix,1975,228920,4,0.828,0.417,0,-14.136,0,0.0328,0.00709,0.762,0.0703,0.945,100.28,43,Disco
Dead End Street,1967,240640,4,0.694,0.566,7,-10.841,1,0.069,0.617,0.0,0.0421,0.799,118.428,26,R&B
Prophecy,1982,271466,4,0.758,0.598,11,-5.977,0,0.144,0.00522,0.0,0.162,0.703,135.045,0,Reggae
Hell Bent for Leather,1978,160000,4,0.309,0.867,9,-6.43,1,0.192,0.00707,2.14e-05,0.342,0.282,192.463,47,Metal
Levity Ball,1969,279000,4,0.319,0.437,2,-14.901,0,0.0538,0.715,0.685,0.0924,0.0827,110.893,12,Rock
Snoopy Vs. The Red Baron,1967,160000,4,0.612,0.837,6,-8.504,1,0.0609,0.436,0.0,0.337,0.749,126.783,37,Pop
Grinnin' In Your Face,1965,116839,1,0.487,0.651,10,-10.824,0,0.741,0.956,4.08e-06,0.833,0.652,101.651,27,Blues
Break Your Promise - Remastered,1968,184506,4,0.333,0.506,7,-7.069,1,0.0299,0.799,0.0,0.0883,0.522,151.507,42,Funk
Son-Of-A Preacher Man,1969,149000,4,0.401,0.498,4,-10.682,1,0.0757,0.394,0.0,0.13,0.816,181.701,67,Pop
Hit Between The Eyes,1990,272000,4,0.36,0.946,7,-8.515,1,0.0576,0.000351,0.00924,0.117,0.546,171.484,40,Rock
Bobby’s Girl,1963,38000,4,0.616,0.314,7,-16.261,1,0.0427,0.786,0.0,0.184,0.145,120.01,17,Pop
Baby I'm A Want You,1972,138306,4,0.679,0.341,4,-11.687,1,0.043,0.16,9.59e-05,0.0862,0.756,146.287,0,Reggae
Concierto De Aranjuez,1969,1160400,4,0.516,0.165,2,-22.397,0,0.0354,0.928,0.878,0.109,0.228,130.431,33,Jazz
For You I Will,1997,294000,4,0.652,0.473,0,-7.981,0,0.0313,0.243,0.0,0.134,0.368,123.208,56,Pop
It’s My Turn,1981,196000,4,0.805,0.75,0,-5.583,1,0.0494,0.0976,5.5e-05,0.0904,0.923,122.96,36,Pop
Let's Get It On,1973,293767,4,0.502,0.769,3,-4.946,1,0.0882,0.137,2e-06,0.0592,0.594,167.238,50,R&B
Antisocial,1988,264666,4,0.44,0.842,7,-13.408,1,0.037,0.000126,1.68e-05,0.0929,0.332,104.115,46,Metal
Take Five,1959,324133,5,0.454,0.26,8,-13.193,0,0.0401,0.539,0.00078,0.0675,0.598,174.322,68,Jazz
Sometimes When We Touch,1978,252000,4,0.591,0.345,2,-11.007,1,0.0391,0.691,1.87e-06,0.0851,0.264,119.333,63,Pop
Nobody,1996,180000,3,0.358,0.284,7,-8.285,1,0.0285,0.805,0.0,0.183,0.276,99.796,86,Pop
I'm Going Down,1976,216773,3,0.623,0.103,0,-15.008,1,0.0393,0.712,0.000177,0.109,0.319,92.257,44,Disco
Steal My Sunshine,1999,265000,4,0.412,0.829,4,-11.112,1,0.529,0.394,0.0,0.108,0.677,191.476,63,Pop
Everybody Everybody,1990,251000,4,0.645,0.795,7,-12.095,1,0.0527,0.347,0.00389,0.104,0.535,112.067,87,Pop
Train to Skaville,1970,177000,4,0.792,0.256,8,-12.525,1,0.191,0.229,0.548,0.35,0.563,87.774,48,Reggae
How High,1995,129000,4,0.759,0.731,6,-7.029,1,0.188,0.285,0.0,0.104,0.406,96.64,54,Pop
From This Day,2003,236493,4,0.366,0.987,1,-6.613,0,0.197,0.000476,5.91e-06,0.374,0.118,111.089,45,Metal
"Hush,Hush",1958,149266,4,0.827,0.362,11,-10.333,0,0.038,0.915,0.2,0.112,0.914,92.117,15,Blues
The Strawberry Roan,1959,203933,3,0.535,0.416,3,-11.418,1,0.0513,0.807,0.0,0.152,0.727,167.339,47,Country
"Baby,Baby My Love's All for You",1977,248040,4,0.594,0.803,2,-5.585,1,0.0501,0.466,0.0088,0.0978,0.78,111.947,12,Funk
Vava Voom,2012,229714,4,0.535,0.969,7,-1.18,1,0.0403,0.000409,0.000166,0.345,0.168,140.044,33,EDM
HOTEL LOBBY (Unc & Phew),2022,142657,4,0.823,0.638,11,-4.377,1,0.156,0.132,0.0,0.228,0.155,127.984,73,Rap
Story of My Life,1990,346333,4,0.328,0.884,6,-7.982,1,0.0338,0.0676,0.0166,0.327,0.686,201.868,58,Alt. Rock
Upendo Ni Pamoja (Love Is Together),1974,442666,4,0.592,0.534,0,-14.933,1,0.0324,0.251,0.958,0.062,0.734,93.555,3,Jazz
Big Girls Don’t Cry,1962,268000,4,0.707,0.642,7,-4.271,1,0.0337,0.204,0.0,0.0925,0.249,113.083,65,Pop
Take a Message to Mary,1970,165000,4,0.652,0.367,0,-11.063,1,0.029,0.663,0.000288,0.1,0.716,112.28,20,Rock
"Look Heart,No Hands",1989,191066,4,0.66,0.423,0,-11.215,1,0.0287,0.127,9.87e-05,0.106,0.375,100.374,43,Country
7 Screaming Diz-Busters,1973,420000,4,0.467,0.923,11,-7.083,0,0.0489,0.0283,0.00457,0.138,0.604,96.087,23,Rock
Blue Eyes Crying In the Rain,1975,138600,4,0.626,0.04,4,-19.994,1,0.0405,0.928,0.00178,0.11,0.418,117.136,59,Country
Mighty God (feat. John P. Kee) - Live,2001,238173,4,0.722,0.931,6,-5.229,1,0.0809,0.347,0.0,0.933,0.679,106.634,21,Gospel
Amen,1965,189000,3,0.455,0.936,1,-3.09,1,0.159,0.000157,0.0,0.555,0.335,105.038,68,Pop
I’ll Always Love You,1988,179000,4,0.538,0.0431,11,-19.014,0,0.0374,0.991,0.0178,0.109,0.219,121.961,25,Pop
Lonely Christmas,1958,181600,3,0.361,0.227,8,-12.562,1,0.0266,0.933,0.051,0.18,0.206,90.934,16,Country
No Matter What Shape (YOUR Stomach’s In),1966,136000,4,0.786,0.803,0,-12.7,1,0.0313,0.257,0.793,0.044,0.964,125.841,30,Pop
Thriller,1982,357266,4,0.773,0.859,11,-4.913,1,0.0747,0.0855,0.000187,0.914,0.813,118.459,68,R&B
Green Jeans,1961,550266,4,0.536,0.431,3,-16.332,1,0.0368,0.797,8.06e-05,0.184,0.584,79.853,10,Jazz
Do What You Wanna Do,1977,436733,4,0.673,0.873,10,-7.683,0,0.0433,0.0195,0.212,0.0943,0.847,120.717,16,Disco
I Never Cry,1977,224000,4,0.553,0.284,0,-15.602,1,0.0317,0.45,3.48e-06,0.114,0.374,136.112,47,Pop
Drip Too Hard (Lil Baby & Gunna),2018,145542,4,0.897,0.662,1,-6.903,0,0.292,0.0852,0.0,0.534,0.39,112.509,80,Rap
Ferry Cross The Mersey,1965,143000,4,0.396,0.286,6,-11.494,0,0.0283,0.548,8.51e-06,0.122,0.605,105.289,54,Pop
Little Rain,1957,189200,3,0.554,0.313,4,-12.172,0,0.0587,0.676,0.00565,0.0956,0.47,183.263,19,Blues
Dancin',1978,376013,4,0.634,0.942,0,-7.418,1,0.0444,0.00121,0.161,0.257,0.768,123.429,16,Disco
Desert Moon,1984,224000,1,0.56,0.282,0,-13.241,1,0.0287,0.868,0.529,0.11,0.158,112.009,49,Pop
Got,1999,207600,4,0.743,0.701,0,-8.09,1,0.349,0.0298,0.0,0.597,0.568,92.711,39,Rap
Adam's Song,1999,249626,4,0.52,0.775,0,-5.803,1,0.0348,0.034,0.0,0.364,0.383,136.02,73,Alt. Rock
We Can Freak It,1999,250040,4,0.784,0.576,10,-8.171,0,0.157,0.00588,0.0,0.332,0.582,99.05,50,Rap
Groove Me,1971,183000,4,0.908,0.421,11,-9.382,1,0.0648,0.26,0.00065,0.0805,0.861,102.977,53,Pop
Singapore Sadie,1991,234117,3,0.4,0.551,4,-8.669,0,0.03,0.459,0.0261,0.182,0.253,183.808,27,Folk
Care Of Cell 44,1968,237760,4,0.395,0.482,7,-10.031,1,0.0285,0.32,0.00717,0.0917,0.334,130.21,43,Alt. Rock
Runnin' Away - Single Version,1971,177800,4,0.857,0.645,3,-11.397,0,0.0574,0.655,0.0297,0.11,0.961,103.847,34,R&B
Brownie Speaks,1954,229493,4,0.613,0.73,10,-6.553,1,0.0348,0.706,0.0183,0.0928,0.915,125.446,9,Jazz
Cleopatra,1983,195160,4,0.6,0.787,9,-6.841,1,0.0266,0.17,0.000825,0.164,0.679,93.064,14,Punk
Angelyne,1987,251000,4,0.577,0.673,4,-10.147,1,0.0366,0.0967,0.000236,0.332,0.924,136.0,15,Rock
Soul Vaccination,1973,315733,4,0.65,0.693,0,-7.143,1,0.0658,0.406,0.00902,0.0737,0.936,105.072,34,Funk
Red Solo Cup,2011,223386,4,0.535,0.56,4,-6.586,1,0.0901,0.287,0.0,0.209,0.785,164.17,67,Country
Sink The Bismarck,1960,194640,4,0.68,0.57,3,-12.388,1,0.0958,0.652,1.18e-05,0.0565,0.966,115.894,41,Country
Good Morning,2015,203621,4,0.799,0.883,0,-3.943,0,0.0302,0.0607,0.0,0.0511,0.962,119.987,52,Gospel
Stellar,1999,200493,4,0.582,0.765,9,-6.544,1,0.0376,0.00106,0.0506,0.344,0.528,128.164,62,Alt. Rock
Paradise,1971,195600,3,0.583,0.239,2,-13.85,1,0.0293,0.792,0.0,0.199,0.512,81.528,47,Folk
Secret Love Affair,1979,464173,4,0.7,0.79,0,-14.32,0,0.0579,0.0584,0.0965,0.0949,0.664,127.414,5,Disco
Dreamtime,1986,104000,4,0.371,0.706,5,-9.132,0,0.036,0.765,0.875,0.119,0.185,149.999,34,Pop
Make It Happen,1992,312000,4,0.595,0.723,9,-7.639,0,0.0275,0.00882,0.0515,0.575,0.224,119.987,59,Pop
The Cisco Kid,1972,227720,4,0.849,0.843,9,-7.154,0,0.105,0.209,0.00292,0.0309,0.963,141.926,52,Funk
Cypress Grove Blues,1931,189186,4,0.599,0.121,7,-18.501,1,0.0583,0.992,0.0419,0.0933,0.568,102.598,21,Blues
Hate Me,2008,284733,4,0.447,0.977,2,-3.491,1,0.0582,7.66e-05,0.411,0.103,0.415,93.997,44,Metal
"Body And Soul - Live At KeyStone Korner,San Francisco,CA/1978",1978,1020306,4,0.493,0.319,1,-12.259,1,0.0536,0.32,0.0121,0.934,0.329,114.552,17,Jazz
If Ever You’re In My Arms Again,1984,239000,4,0.62,0.499,1,-7.937,1,0.0232,0.766,0.0,0.186,0.387,95.914,46,Pop
Iron Man - Live At The University Of Illinois/1963,1963,660466,4,0.436,0.493,11,-12.204,0,0.0481,0.635,0.00183,0.391,0.289,95.55,4,Jazz
Love Can Build A Bridge,1990,322706,4,0.566,0.167,11,-12.055,1,0.0301,0.732,3.07e-06,0.0939,0.185,132.657,50,Country
Spanish Harlem,1960,174293,4,0.608,0.594,2,-11.86,1,0.0435,0.32,4.75e-05,0.129,0.789,125.166,56,R&B
Start!,1980,149866,4,0.633,0.351,0,-8.896,1,0.0506,0.00675,6.38e-05,0.108,0.913,139.335,51,Punk
"Two Bass Hit (feat. John Coltrane,Cannonball Adderley,Red Garland,Paul Chambers & Philly Joe Jones)",1956,310733,4,0.465,0.874,1,-4.425,1,0.148,0.31,0.167,0.423,0.835,91.879,35,Jazz
Copeland Special,1981,191000,4,0.594,0.627,10,-11.816,1,0.0345,0.726,0.805,0.839,0.93,152.454,2,Blues
Dress You Up,1985,242000,4,0.634,0.896,0,-3.073,0,0.0318,0.0298,0.00369,0.1,0.825,136.098,49,Pop
Icky Thump,2007,254533,4,0.417,0.63,9,-7.24,1,0.0898,0.0209,0.0134,0.0543,0.341,94.214,64,Alt. Rock
You Got It (THE Right Stuff),1989,249000,4,0.787,0.522,0,-13.029,0,0.0578,0.0126,1.34e-06,0.0671,0.923,111.576,55,Pop
Disappear,1991,228000,3,0.538,0.304,9,-11.79,1,0.0352,0.613,0.000631,0.164,0.065,78.997,71,Pop
Automatic,1984,287013,4,0.803,0.656,5,-7.53,1,0.0556,0.0934,0.0,0.324,0.926,110.544,49,Disco
Backside Of Thirty,1979,153866,3,0.65,0.422,7,-14.579,1,0.0271,0.414,0.0,0.223,0.699,92.907,46,Country
Working In The Coal Mine,1966,169000,4,0.766,0.493,3,-8.571,1,0.0689,0.691,0.0,0.0556,0.921,142.764,37,Pop
Keep On Lovin' Me,1980,349133,4,0.815,0.513,0,-8.196,1,0.036,0.00024,0.458,0.0811,0.848,110.869,44,Disco
Tougher Than Tough (Rudie in Court),1969,143174,4,0.833,0.423,7,-9.488,1,0.0318,0.713,1.51e-06,0.0856,0.741,96.251,33,SKA
Touch Me (I Want Your Body),1987,225000,4,0.63,0.84,9,-4.707,0,0.0383,0.162,7.06e-06,0.0887,0.537,104.882,53,Pop
Share A Little Joke - Mono Single Version,1968,186000,4,0.358,0.497,4,-11.644,0,0.0316,0.0394,0.012,0.0976,0.375,104.852,10,Rock
Groovin',1995,235853,4,0.706,0.809,6,-7.418,1,0.0616,0.22,0.0,0.278,0.803,102.446,23,Reggae
The Other Guy,1983,190000,4,0.567,0.726,6,-4.705,1,0.0309,0.216,0.0,0.12,0.319,141.92,54,Pop
Let's Start The Dance,1978,352106,4,0.818,0.886,10,-12.639,1,0.0521,0.00336,0.31,0.0711,0.835,117.999,32,Disco
Little Brown Jug,1939,186026,4,0.599,0.237,1,-17.841,1,0.0332,0.859,0.0787,0.126,0.747,77.339,34,Jazz
Too Funky,1992,230000,4,0.671,0.901,7,-8.536,0,0.0878,0.0223,0.293,0.27,0.845,98.319,51,Pop
Suspicious Minds,1976,253973,4,0.77,0.666,0,-12.169,1,0.0327,0.0114,0.000145,0.308,0.709,130.874,8,Disco
Mask Off,2017,204600,4,0.833,0.434,2,-8.795,1,0.431,0.0102,0.0219,0.165,0.281,150.062,82,Rap
A Moment of Silence,2007,313173,4,0.703,0.715,4,-5.669,0,0.142,0.117,5.52e-06,0.113,0.589,160.177,38,SKA
Gas in My Car,1992,176626,4,0.632,0.878,1,-9.94,1,0.0364,0.0276,0.0,0.056,0.878,104.501,20,SKA
Jesus Is the Answer,1978,303160,4,0.403,0.751,8,-9.261,1,0.0541,0.597,0.0,0.543,0.699,129.898,28,Gospel
Save It For Later,1982,213933,4,0.624,0.719,2,-9.87,1,0.0278,0.0307,0.0489,0.322,0.724,129.552,55,SKA
Israel,1961,370000,3,0.552,0.276,5,-16.503,1,0.0608,0.711,0.735,0.0588,0.427,93.064,29,Jazz
Short Skirt / Long Jacket,1996,204128,4,0.771,0.809,2,-10.029,1,0.0461,0.003,0.0223,0.0252,0.886,120.038,65,Alt. Rock
Divine Hammer,1993,161360,4,0.344,0.561,3,-13.642,1,0.032,0.089,0.814,0.132,0.632,143.698,46,Alt. Rock
Both Sides Now,1969,273573,4,0.621,0.238,6,-10.18,1,0.028,0.925,1.22e-06,0.124,0.321,97.211,58,Folk
Sensitivity,1991,281000,4,0.683,0.661,1,-12.823,1,0.0459,0.137,0.557,0.0772,0.707,96.956,51,Pop
The Comeback,1947,141736,4,0.634,0.292,7,-15.771,1,0.0464,0.763,0.00238,0.0431,0.712,109.835,4,Blues
Fight For Your Right,1986,208653,5,0.503,0.858,8,-6.296,1,0.0657,0.00757,0.00234,0.0803,0.419,133.615,69,Alt. Rock
He Don’t Love You (LIKE I Love You),1975,219000,4,0.637,0.55,9,-12.378,1,0.0335,0.287,1.85e-05,0.345,0.805,119.303,36,Pop
If You Really Love Me,1971,184000,4,0.692,0.883,7,-4.698,1,0.0582,0.0512,0.0,0.228,0.614,122.984,65,Pop
White Silver Sands,1960,154000,4,0.894,0.608,0,-7.224,1,0.0391,0.56,0.14,0.0659,0.96,117.719,16,Pop
T-Bone Blues,1959,228626,4,0.541,0.283,0,-13.66,1,0.0528,0.804,0.0364,0.0736,0.564,76.832,51,Blues
In Your Face,2008,255973,4,0.496,0.988,7,-3.444,1,0.0719,1.63e-05,0.556,0.0339,0.293,115.056,47,Metal
Thinkin’ Back,1992,124000,4,0.648,0.0406,9,-22.391,1,0.0459,0.983,0.931,0.103,0.672,77.071,49,Pop
Don’t Let The Rain Come Down (CROOKED Little Man),1964,166000,4,0.785,0.34,2,-15.593,1,0.192,0.752,0.0,0.107,0.652,129.007,28,Pop
Can’t Get It Out Of My Head,1975,233000,4,0.298,0.797,0,-6.54,1,0.0334,0.0132,0.0,0.935,0.205,97.984,9,Pop
Spanish Caravan,1968,178000,4,0.38,0.388,4,-16.123,0,0.0413,0.288,0.0175,0.322,0.265,139.206,50,Rock
Behind Bars,1991,201960,4,0.549,0.804,7,-6.115,1,0.366,0.103,0.0,0.18,0.707,190.479,46,Rap
The Buffalo Skinners,1963,235266,4,0.535,0.119,11,-14.418,0,0.0522,0.941,0.0,0.126,0.281,75.571,2,Folk
Power and Glory,1964,136360,4,0.595,0.321,9,-12.828,0,0.115,0.741,0.0,0.587,0.662,138.107,27,Folk
Last Cheater's Waltz,1978,227026,3,0.531,0.288,0,-17.066,1,0.0261,0.597,0.19,0.0844,0.283,97.691,26,Country
Ultimate,2015,189974,4,0.493,0.826,9,-3.106,1,0.311,0.095,3.42e-06,0.252,0.75,112.865,61,Rap
Who Got That Street Shit,1996,287360,4,0.754,0.654,1,-6.935,1,0.368,0.042,0.0,0.0567,0.685,84.853,1,Rap
Judy’s Turn To Cry,1963,133000,4,0.727,0.778,11,-6.561,0,0.0551,0.549,0.0,0.05,0.964,129.427,1,Pop
Doggin' Around,1960,171840,3,0.568,0.367,5,-9.912,1,0.0256,0.801,1.67e-05,0.059,0.383,94.096,22,R&B
Talking Union,1941,179133,4,0.681,0.509,8,-11.215,1,0.0846,0.975,1.06e-06,0.289,0.671,110.272,16,Folk
Toxicity,2001,218933,3,0.413,0.873,8,-4.151,1,0.0536,0.000264,0.00249,0.204,0.48,116.68,83,Alt. Rock
Me And Baby Brother,1973,207333,4,0.783,0.762,2,-9.585,1,0.035,0.11,0.000832,0.102,0.898,113.856,36,R&B
Bury My Heart At Wounded Knee,1969,315840,4,0.75,0.532,1,-10.472,1,0.0329,0.428,0.0,0.0688,0.861,94.831,15,Folk
El Nicoya,1970,89000,4,0.546,0.622,10,-17.213,0,0.183,0.475,0.79,0.0714,0.351,146.253,35,Rock
Could You Be the One?,1986,155200,4,0.33,0.866,0,-9.728,1,0.0568,0.00231,0.0185,0.368,0.672,162.256,30,Punk
Money Longer,2016,198944,4,0.795,0.568,5,-7.817,0,0.142,0.0541,0.0,0.108,0.478,136.173,74,Rap
4 Seasons Of Loneliness,1997,292000,4,0.58,0.488,6,-10.494,1,0.0437,0.822,1.6e-05,0.115,0.194,98.49,45,Pop
The Games We Play,2018,166120,4,0.695,0.796,5,-3.696,1,0.171,0.0713,0.0163,0.096,0.598,78.035,55,Rap
King Tubby Meets The Rockers Uptown,1976,153666,4,0.761,0.663,1,-12.255,1,0.0473,0.0193,0.91,0.175,0.822,132.39,38,Reggae
912 Greens,1965,443533,4,0.449,0.218,10,-15.033,1,0.0323,0.78,0.617,0.11,0.432,105.44,16,Folk
Gone Daddy Gone,1984,186066,4,0.568,0.948,2,-4.265,0,0.078,0.448,0.00059,0.19,0.84,79.329,54,Alt. Rock
Criminal,1997,232000,4,0.814,0.813,2,-3.023,0,0.0561,0.03,9.33e-05,0.255,0.839,79.997,74,Pop
I’ll Never Fall In Love Again,1969,334000,4,0.393,0.343,2,-11.336,1,0.104,0.847,0.0,0.638,0.484,75.492,11,Pop
"Get Up,Get Down,Get Funky,Get Loose",1978,323546,4,0.818,0.865,11,-8.21,0,0.0873,0.00312,0.00114,0.106,0.943,124.998,30,Disco
Enjoy the Silence,1990,255133,4,0.663,0.838,0,-5.744,0,0.0286,0.2,0.000177,0.0782,0.752,112.788,73,Alt. Rock
Too Late,2011,242000,4,0.734,0.831,11,-5.219,0,0.0299,0.0266,0.0387,0.0648,0.874,117.991,25,Rock
Opus,2016,543453,4,0.275,0.721,6,-6.222,0,0.0359,0.000702,0.821,0.0792,0.184,125.156,60,EDM
Killed by Death,1984,278373,4,0.388,0.956,6,-6.037,0,0.0471,0.00115,0.000573,0.464,0.24,134.589,53,Metal
A Thousand Miles from Nowhere,1993,268386,4,0.601,0.831,0,-5.946,1,0.0283,0.00973,0.163,0.321,0.707,116.901,56,Country
Close to You,1987,204306,4,0.566,0.589,10,-5.771,0,0.0365,0.196,0.0,0.28,0.41,77.02,40,Gospel
I Am,2005,233000,4,0.365,0.87,1,-5.234,1,0.0429,0.00106,0.0,0.0959,0.379,179.893,32,Rock
…BABY One More Time,1999,211000,4,0.759,0.699,0,-5.745,0,0.0307,0.202,0.000131,0.443,0.907,92.96,82,Pop
Rebirth Of Slick (COOL Like Dat),1993,261000,4,0.885,0.334,1,-18.944,0,0.227,0.048,0.0587,0.107,0.569,98.309,60,Pop
Miss the Mississippi and You,1932,175160,3,0.617,0.234,3,-8.897,1,0.0277,0.978,0.0,0.0915,0.421,107.306,11,Country
These Boots Are Made For Walkin’,1966,166000,4,0.628,0.42,9,-10.547,1,0.177,0.395,2.55e-06,0.104,0.337,165.304,66,Pop
Glory - 2003 Remaster,2003,191453,4,0.666,0.947,9,-6.636,0,0.101,0.56,0.00976,0.0477,0.777,124.662,29,Punk
No Guarantee,2013,220454,4,0.755,0.717,7,-4.185,1,0.0598,0.0327,0.0,0.0624,0.607,169.973,37,Reggae
Early Mornin' Rain,1970,217000,4,0.588,0.371,0,-11.867,1,0.0324,0.867,0.0108,0.168,0.623,127.827,29,Rock
"Luckenbach,Texas (Back to the Basics of Love)",1977,202026,4,0.692,0.46,7,-9.863,1,0.0321,0.697,0.00437,0.236,0.66,102.922,63,Country
"Live Fast,Love Hard,Die Young",1955,138960,4,0.583,0.567,4,-9.705,1,0.038,0.661,0.0,0.0648,0.957,162.556,36,Country
Don’t Be Cruel,1988,110000,4,0.421,0.68,0,-14.808,1,0.0362,0.25,0.312,0.926,0.917,99.887,26,Pop
"Who Put The Bomp (IN The Bomp,Bomp,Bomp)",1961,168000,4,0.443,0.927,10,-5.625,1,0.124,0.604,0.0,0.339,0.893,173.748,35,Pop
Oi! Oi! Oi!,1980,204213,4,0.227,0.969,2,-4.115,1,0.111,0.0652,0.0,0.664,0.354,185.747,23,Punk
Aston Martin Music,2010,270626,4,0.57,0.58,1,-5.547,1,0.21,0.0124,0.0,0.0498,0.404,171.812,69,Rap
Man On The Run,1973,209613,4,0.629,0.397,9,-10.256,0,0.0308,0.308,0.00494,0.11,0.853,77.948,0,Blues
The Unforgiven II,1997,396000,4,0.49,0.884,8,-4.533,0,0.0428,0.000514,0.00177,0.27,0.254,132.978,58,Rock
Backstrokin',1980,226653,4,0.892,0.674,6,-8.422,1,0.109,0.0783,0.00442,0.0533,0.802,116.494,43,Funk
Cosmic Slop,1973,320383,4,0.556,0.688,1,-8.336,0,0.0544,0.0505,0.000622,0.119,0.508,98.961,33,R&B
Then Came You,1974,240000,4,0.803,0.73,9,-7.458,0,0.0608,0.643,0.0,0.585,0.817,116.627,40,Pop
Ball Of Confusion (That's What The World Is Today),1970,246200,4,0.529,0.735,5,-8.153,1,0.0896,0.238,0.0,0.102,0.862,79.002,45,R&B
On the Road Again,1980,148106,4,0.731,0.716,4,-7.962,1,0.0417,0.687,0.000882,0.597,0.777,111.281,53,Country
In This River,2005,235426,4,0.45,0.357,7,-8.857,1,0.0276,0.0929,1.62e-05,0.108,0.292,83.268,51,Metal
Letter From Home,1989,153693,4,0.314,0.0898,8,-21.063,1,0.0488,0.965,0.878,0.1,0.126,44.757,41,Jazz
The First Time Ever I Saw Your Face,1961,159346,4,0.393,0.0451,2,-21.082,1,0.0442,0.945,0.000917,0.127,0.347,140.798,13,Folk
December,1995,197000,4,0.737,0.495,1,-13.489,1,0.027,0.0588,9.12e-06,0.0542,0.967,104.409,74,Pop
Toxic garbage island,2008,246680,5,0.238,0.98,8,-3.855,1,0.165,4e-06,0.169,0.234,0.13,185.3,56,Metal
Butterfly,2011,258000,4,0.32,0.624,8,-5.115,1,0.0321,0.00231,0.17,0.0851,0.0392,140.007,38,EDM
Two Tone Army - Live,2001,235910,4,0.453,0.855,0,-8.458,1,0.152,0.248,0.0,0.629,0.79,166.842,1,SKA
(GOD Must Have Spent) A Little More Time On You,1999,241000,4,0.375,0.527,10,-8.422,1,0.0507,0.449,0.0,0.305,0.303,167.242,50,Pop
It's All in the Game,1958,259000,4,0.441,0.891,7,-7.557,1,0.0902,0.542,8.25e-06,0.922,0.764,129.776,21,Pop
Tequila,1958,196000,4,0.489,0.581,11,-5.731,1,0.0281,0.0312,0.0,0.132,0.494,86.016,72,Pop
Rock 'n' Roll (Will Take You to the Mountain),2014,284130,4,0.713,0.971,0,-1.264,1,0.381,0.00228,2.05e-05,0.242,0.676,128.064,51,EDM
March of the Fire Ants,2002,265653,3,0.144,0.947,9,-3.255,1,0.0697,2.44e-06,0.884,0.0711,0.275,156.15,35,Metal
Between the Sheets,1983,340013,4,0.719,0.377,9,-12.585,0,0.0974,0.661,0.0,0.0902,0.575,83.919,60,R&B
"Never,Never Gonna Give You Up",1974,213000,4,0.721,0.939,8,-11.823,1,0.0376,0.115,3.79e-05,0.108,0.914,113.309,79,Pop
Lines,2012,204160,4,0.621,0.652,6,-5.944,0,0.202,0.0758,0.0,0.205,0.236,84.84,31,Rap
Ven,2018,186004,4,0.738,0.723,0,-5.815,1,0.23,0.00828,2.02e-05,0.259,0.386,115.06,27,EDM
Over the Wall,1984,366506,4,0.498,0.875,0,-9.88,1,0.0334,0.000264,0.0877,0.0775,0.63,133.089,19,Alt. Rock
I Don’t Wanna Cry,1991,163000,4,0.484,0.692,4,-6.588,0,0.0341,1.74e-05,0.878,0.11,0.176,142.082,54,Pop
Still Rolling Stones,2018,248386,4,0.608,0.572,4,-6.099,0,0.031,0.174,0.0,0.237,0.226,98.989,60,Gospel
MacArthur Park - Single Version,1978,235200,4,0.579,0.667,4,-12.361,0,0.0401,0.0829,0.000616,0.0547,0.449,131.023,50,R&B
J.B. Blues,1961,311253,4,0.661,0.183,3,-18.761,1,0.0384,0.874,0.00122,0.129,0.453,116.682,18,Jazz
Sign O’ The Times,1987,340000,4,0.516,0.595,5,-4.63,1,0.0313,0.0275,0.0,0.109,0.222,119.972,82,Pop
Rule The Nation,1974,149733,4,0.733,0.462,1,-11.38,1,0.366,0.00666,0.384,0.21,0.419,78.603,11,Reggae
Unchain My Heart,1961,171800,4,0.408,0.374,6,-12.717,0,0.0571,0.502,0.0,0.365,0.74,152.073,46,R&B
Dethroned Emperor,1985,277760,4,0.257,0.913,4,-7.393,1,0.0554,4.49e-06,0.865,0.0845,0.188,136.501,32,Metal
U Can’t Touch This,1990,257000,4,0.867,0.517,11,-13.22,0,0.088,0.00449,0.000343,0.0864,0.862,133.149,72,Pop
The World Is Yours,2011,293466,4,0.267,0.988,0,-4.146,1,0.152,6.04e-05,0.485,0.186,0.0992,184.849,50,Metal
I’ve Found Someone Of My Own,1971,214000,3,0.676,0.334,7,-14.458,1,0.0526,0.803,0.479,0.158,0.776,112.225,0,Pop
"Hold On,I'm Comin'",1966,155706,4,0.803,0.338,6,-14.029,1,0.0349,0.196,0.038,0.097,0.912,106.841,71,R&B
Love Thang,1973,476406,4,0.808,0.652,10,-9.017,0,0.129,0.0269,0.0414,0.426,0.792,110.85,32,Disco
Persuasion,1969,152000,4,0.406,0.751,3,-12.902,0,0.0549,0.117,0.378,0.259,0.56,130.262,30,Rock
Jackie Wilson Said (I'm in Heaven When You Smile),1972,180520,4,0.566,0.688,7,-7.507,1,0.071,0.441,0.0,0.0553,0.95,147.274,52,Disco
Eeze Up,2014,204053,4,0.79,0.796,1,-4.225,1,0.228,0.000538,0.547,0.0874,0.591,155.057,43,EDM
Proper Education - Radio Edit,2007,198567,4,0.537,0.937,0,-4.543,1,0.0523,0.00102,0.035,0.0917,0.324,124.938,53,EDM
The Trees,1978,282000,5,0.445,0.721,2,-10.048,1,0.0392,0.175,0.00404,0.186,0.328,135.742,46,Rock
Wheels of Steel (1997 - Remaster),1980,358626,4,0.546,0.778,8,-8.262,1,0.0606,0.00659,0.538,0.28,0.184,131.336,48,Metal
Reunited,1979,345000,4,0.561,0.501,5,-9.544,0,0.0266,0.857,0.0106,0.135,0.339,75.68,57,Pop
Fool for Your Loving - 2019 Remaster,1989,250000,4,0.489,0.897,9,-6.871,0,0.0412,0.00096,5.97e-05,0.166,0.418,125.683,26,Metal
Celebrated Summer,1985,242733,4,0.288,0.927,7,-10.055,1,0.0578,0.0787,0.081,0.388,0.185,100.509,30,Punk
Iron Tusk,2006,183013,4,0.468,0.982,2,-6.274,1,0.074,7.63e-06,0.752,0.177,0.261,127.616,48,Metal
Police In Helicopter,1972,219160,4,0.683,0.653,9,-7.586,0,0.113,0.0326,8.42e-06,0.0578,0.501,143.224,59,Reggae
Stairway To Heaven,1960,482000,4,0.338,0.34,9,-12.049,0,0.0339,0.58,0.0032,0.116,0.197,82.433,78,Pop
She - Reel Platinum 1985,1985,82666,4,0.147,0.972,2,-7.005,1,0.0655,1.08e-05,0.886,0.24,0.27,187.038,46,Metal
Before You Accuse Me (Take A Look At Yourself),1960,184373,4,0.72,0.206,11,-16.428,0,0.0462,0.867,1.18e-05,0.129,0.647,107.806,32,R&B
Stronger - With Cold Ending,2015,213886,4,0.564,0.892,8,-3.653,1,0.0401,0.0473,0.000343,0.412,0.679,174.021,47,Gospel
We Gotta Know,1986,203933,4,0.332,0.902,7,-11.748,1,0.0573,0.00021,0.00131,0.0629,0.0878,105.647,35,Punk
Runaway,1995,547000,4,0.374,0.568,1,-3.825,0,0.109,0.219,0.00219,0.513,0.111,84.733,80,Pop
On My Own - Single Version,1986,283440,4,0.618,0.534,7,-8.229,0,0.0275,0.342,0.000263,0.0745,0.469,92.509,44,R&B
Shake Your Groove Thing,1979,346000,4,0.863,0.726,9,-6.649,1,0.0494,0.415,0.0302,0.0735,0.93,132.574,59,Pop
Gossip Folks (feat. Ludacris),2002,234893,4,0.707,0.538,0,-5.264,1,0.505,0.362,0.0,0.317,0.439,121.732,57,Rap
Three Card Molly,1967,484000,4,0.468,0.706,5,-9.783,0,0.0365,0.247,0.705,0.266,0.534,115.22,7,Jazz
Boogie Wonderland,1979,288293,4,0.802,0.756,2,-10.791,0,0.0349,0.0843,0.00765,0.0521,0.963,131.715,77,R&B
Hear You Me,2001,284373,3,0.465,0.517,4,-6.189,1,0.0284,0.00854,0.0403,0.209,0.137,136.176,61,Alt. Rock
Undercover Of The Night,1984,273000,4,0.603,0.973,5,-4.454,0,0.176,0.0272,0.00731,0.472,0.408,122.756,41,Pop
Jah Army,2001,283013,4,0.659,0.883,10,-3.009,0,0.286,0.0215,0.0,0.18,0.709,77.068,48,Reggae
Ain’t No Way To Treat A Lady,1975,208000,4,0.486,0.32,10,-14.084,1,0.0389,0.728,4.79e-05,0.0979,0.35,80.207,30,Pop
Doin' It,1996,293933,4,0.801,0.55,10,-11.044,0,0.209,0.367,0.0229,0.117,0.61,94.992,59,Rap
Still Water (LOVE),1970,194000,4,0.515,0.532,10,-12.472,1,0.0245,0.355,0.000711,0.498,0.961,94.165,47,Pop
Just You ‘N’ Me,1974,189000,4,0.549,0.573,4,-6.491,1,0.0302,0.615,0.000504,0.122,0.547,87.43,57,Pop
I Can’t Wait,1986,170000,4,0.691,0.531,6,-14.204,1,0.0546,0.323,7.47e-05,0.0958,0.897,98.813,70,Pop
Wake Up Irene,1953,138640,4,0.799,0.548,9,-15.508,1,0.0729,0.477,0.0132,0.108,0.628,111.201,10,Country
Olive Tree - Bright-Side Mix,2023,361000,4,0.666,0.742,0,-5.905,1,0.0309,0.0433,0.0273,0.37,0.299,126.008,22,Rock
Scary Monsters and Nice Sprites,2010,243353,4,0.523,0.944,7,-3.581,0,0.0837,0.00336,0.557,0.119,0.324,139.997,58,EDM
Windy,1967,172000,5,0.166,0.621,5,-13.272,0,0.0792,0.275,0.954,0.21,1e-05,120.375,59,Pop
We Shall Overcome,1963,282226,4,0.406,0.183,0,-14.177,1,0.0313,0.829,0.0,0.113,0.337,126.352,30,Folk
St. Louis Blues,1925,189600,4,0.355,0.114,10,-15.968,1,0.0588,0.991,0.00686,0.108,0.258,69.902,21,Blues
Mother’s Little Helper,1966,165000,4,0.598,0.638,4,-7.009,0,0.0281,0.0673,2.34e-05,0.322,0.63,101.101,28,Pop
Sugar Daddy,1980,221120,4,0.775,0.783,4,-5.201,1,0.0333,0.0204,0.00206,0.107,0.831,109.574,30,Country
"Going up to the Country,Paint My Mailbox Blue",1969,217173,4,0.534,0.439,5,-12.115,0,0.131,0.128,0.0035,0.334,0.606,82.863,20,Blues
Social Disease,1986,258000,4,0.524,0.957,2,-1.851,1,0.0544,0.131,3.82e-05,0.449,0.525,124.578,42,Rock
Chevrolet,1978,201000,4,0.55,0.699,7,-10.451,1,0.0565,0.0292,0.0232,0.327,0.35,101.255,16,Rock
Night Goat,1993,281066,4,0.462,0.884,10,-8.888,1,0.0364,0.00327,0.735,0.125,0.247,141.197,42,Punk
Blues Light Boogie,1967,149679,4,0.65,0.44,3,-10.689,1,0.0384,0.808,3.49e-05,0.281,0.87,118.502,4,Blues
"Hoochie Coochie Man - Paris,4 Novembre 1968 (Restauración 2023)",1968,192040,3,0.42,0.4,5,-11.69,0,0.0706,0.705,0.0102,0.464,0.725,186.197,16,Blues
John Henry,1963,188346,4,0.564,0.484,6,-1.328,1,0.0364,0.855,0.000388,0.158,0.413,136.606,3,Folk
Bad Boy,1986,157000,4,0.697,0.674,1,-6.326,1,0.0533,0.00215,0.0,0.138,0.198,81.535,66,Pop
Twist And Shout,1962,155400,4,0.774,0.811,5,-6.526,1,0.0355,0.65,0.0,0.0736,0.963,123.354,51,Funk
"Saturday Night,Sunday Morning",1979,235293,4,0.754,0.818,10,-7.099,1,0.0458,0.0565,0.000424,0.0979,0.877,110.501,37,Disco
My Heart Skips A Beat,1964,148200,4,0.639,0.506,9,-9.156,1,0.0391,0.411,4.98e-06,0.0559,0.855,86.396,45,Country
My Simple Heart,1978,360706,4,0.805,0.616,5,-9.962,0,0.0365,0.00199,0.0227,0.0675,0.929,123.043,17,Disco
Looking For A Kiss,1973,198400,4,0.47,0.701,9,-12.691,1,0.0346,0.0017,0.0,0.324,0.818,140.968,39,Punk
All Star,1999,232000,4,0.695,0.633,8,-4.946,1,0.0599,0.0612,0.000195,0.0926,0.557,96.782,86,Pop
Creeping Death,1984,395000,4,0.31,0.977,6,-5.478,0,0.164,0.000219,0.273,0.0785,0.179,100.626,48,Metal
So Far Away (feat. Jamie Scott & Romy Dya),2017,183636,4,0.526,0.52,6,-7.985,0,0.0569,0.435,0.0,0.197,0.13,149.119,63,EDM
Blow That Smoke,2018,223000,4,0.719,0.702,5,-4.93,0,0.0392,0.032,1.07e-05,0.0656,0.72,101.982,37,EDM
Complainte Pour Ste Catherine,1976,171666,4,0.677,0.494,4,-8.921,1,0.0256,0.742,0.0,0.227,0.848,102.811,32,Folk
Satisfaction Guaranteed (Or Take Your Love Back) (feat. Teddy Pendergrass),1975,210186,4,0.724,0.853,9,-4.951,0,0.139,0.0761,0.0,0.193,0.736,126.462,29,Disco
Pleasure to Kill,1986,248766,4,0.264,0.941,7,-6.569,1,0.18,1.64e-05,0.0342,0.313,0.331,126.847,41,Metal
Not Now,2004,263573,4,0.58,0.93,2,-5.17,1,0.0618,0.00236,5.5e-05,0.0768,0.285,106.022,56,Punk
I'll Be All Smiles Tonight,1956,194066,3,0.552,0.32,2,-7.313,1,0.0354,0.654,0.0,0.229,0.67,143.235,12,Country
White Room,1968,298000,4,0.553,0.576,0,-13.458,1,0.0304,0.191,0.00664,0.0365,0.457,109.827,69,Pop
Hey Deanie,1978,219000,4,0.624,0.769,5,-10.718,1,0.028,0.182,4.37e-06,0.331,0.96,130.184,26,Pop
I Want Her,1988,232000,4,0.721,0.0544,11,-25.572,1,0.0467,0.991,0.929,0.103,0.0989,120.03,61,Pop
Wu-Tang Clan Ain't Nuthing ta F' Wit,1993,216040,4,0.823,0.526,1,-12.202,1,0.328,0.237,0.0,0.362,0.614,99.13,63,Rap
Stay,1978,339880,4,0.68,0.504,4,-11.15,0,0.0359,0.446,0.00273,0.0778,0.785,95.241,37,Disco
Ocean Breakup / King of the Universe,1973,246000,4,0.395,0.347,5,-12.2,1,0.0278,0.807,0.0025,0.131,0.22,95.959,22,Rock
Senor Blues,1956,421853,3,0.513,0.348,10,-11.483,0,0.036,0.932,0.843,0.11,0.685,148.505,32,Jazz
Problems,1971,162066,4,0.763,0.841,0,-8.123,1,0.0427,0.0416,0.728,0.252,0.974,80.013,22,SKA
The Last Thing On My Mind,1964,202907,4,0.55,0.261,9,-14.856,1,0.0314,0.934,0.139,0.23,0.593,96.154,22,Folk
Ain’t Too Proud To Beg,1966,156000,4,0.763,0.655,0,-6.86,1,0.0417,0.552,0.0,0.125,0.925,118.397,64,Pop
White Lightning,1959,165453,4,0.583,0.8,10,-9.689,1,0.0909,0.706,0.0,0.122,0.958,74.056,50,Country
My Love Is The Shhh!,1997,281000,4,0.779,0.715,2,-5.886,0,0.0368,0.297,0.0,0.157,0.621,126.036,42,Pop
Rikki Don’t Lose That Number,1974,272000,4,0.641,0.408,2,-14.971,1,0.0409,0.824,0.0022,0.0958,0.58,116.436,66,Pop
Voodoo Anthem,1998,151360,4,0.514,0.987,7,-3.099,0,0.0746,0.00714,3.52e-05,0.123,0.682,104.284,29,SKA
Long Live Rock N Roll,1978,264960,4,0.405,0.964,0,-7.456,1,0.0573,0.13,0.000224,0.18,0.378,143.099,40,Metal
Till the Real Thing Comes Along,1963,187893,3,0.496,0.517,9,-6.488,1,0.0383,0.823,0.0,0.137,0.32,109.773,25,Folk
White Noise,2018,139080,4,0.635,0.99,2,-1.276,1,0.0768,0.0164,0.000103,0.242,0.791,93.523,35,SKA
On,2014,432893,4,0.596,0.95,6,-12.759,1,0.0462,0.0339,0.858,0.138,0.434,134.984,38,EDM
Cum On Feel The Noize,1983,290000,4,0.409,0.92,11,-5.439,0,0.12,0.00719,0.00105,0.0823,0.37,145.085,69,Pop
If Wishes Came True,1990,315000,4,0.493,0.453,3,-10.878,1,0.0248,0.0944,0.00467,0.1,0.188,143.725,33,Pop
"Railroad Lady - Live At The Dance Hall,Luckenbach,TX,1977",1977,225493,3,0.564,0.291,0,-12.046,1,0.0285,0.706,0.000156,0.169,0.308,128.342,13,Folk
Somebody Loves You,1975,145760,4,0.57,0.374,5,-8.761,1,0.0275,0.779,0.000314,0.103,0.763,184.683,28,Country
I Can't Win for Losin' You,1986,244146,3,0.579,0.293,9,-13.57,1,0.0255,0.61,0.0,0.0485,0.275,97.995,31,Country
Deep Water,1958,135493,4,0.557,0.522,5,-11.49,1,0.028,0.701,0.000371,0.211,0.876,148.446,19,Country
Not Only Numb,1996,186400,4,0.614,0.685,7,-8.309,1,0.0261,0.0872,0.0,0.339,0.748,112.519,38,Alt. Rock
Blood Red And Going Down,1978,194533,4,0.679,0.389,9,-12.778,1,0.0292,0.203,0.0,0.297,0.452,106.458,8,Country
Do Do Wap Is Strong in Here,1976,332333,4,0.693,0.509,6,-15.27,1,0.106,0.228,2.94e-06,0.114,0.871,102.929,16,Disco
Rocket Reducer No. 62 (Rama Lama Fa Fa Fa),1969,342133,4,0.161,0.955,1,-5.907,0,0.184,0.0256,0.000114,0.409,0.263,75.53,1,Punk
Guardians Of Asgaard,2008,263160,4,0.529,0.953,9,-4.562,1,0.0594,0.000129,0.000487,0.146,0.279,134.968,56,Metal
Everybody Loves Saturday Night,1963,190400,4,0.524,0.822,4,-9.432,1,0.083,0.439,0.0,0.427,0.635,110.924,10,Folk
I Promise to Remember,1957,172626,4,0.408,0.468,5,-10.868,0,0.0503,0.332,4.86e-05,0.397,0.846,201.083,13,R&B
Mexico,1961,178000,4,0.78,0.533,11,-12.035,1,0.0291,0.326,2.15e-05,0.0944,0.778,116.153,62,Pop
The Wave,2016,204133,4,0.713,0.745,10,-5.561,0,0.0342,0.0267,0.00053,0.134,0.935,109.937,28,Funk
Give Me Just A Little More Time,1970,162000,4,0.576,0.658,0,-5.231,1,0.0344,0.0613,0.0,0.0691,0.629,63.059,41,Pop
Love Is The Answer,1975,185013,4,0.541,0.511,3,-11.799,0,0.0326,0.567,0.0,0.394,0.783,115.117,10,Disco
Slave Me,2010,165000,4,0.327,0.919,7,-3.436,0,0.098,0.0218,0.00057,0.141,0.391,201.833,25,Rock
Touch My Body,2008,204733,4,0.714,0.665,4,-7.736,0,0.0509,0.0996,0.0,0.226,0.842,78.515,71,R&B
Nuthin' on the TV,1982,226000,4,0.633,0.637,0,-7.238,1,0.0376,0.43,6.42e-05,0.168,0.772,70.708,10,Rock
Zero Signal,1995,358280,4,0.312,0.978,1,-5.813,0,0.228,5.17e-06,0.0307,0.0895,0.0555,182.958,36,Metal
Stormy,1969,155000,4,0.151,0.935,2,-20.234,0,0.07,0.176,0.749,0.461,0.0131,92.507,67,Pop
When Death Was Arrested,2013,311729,3,0.272,0.587,4,-6.77,1,0.0339,0.431,0.0,0.146,0.191,151.91,23,Gospel
Soulful Strut,1969,181000,4,0.671,0.658,10,-9.203,1,0.0336,0.601,0.234,0.055,0.961,89.698,59,Pop
Just Someone I Used to Know,1968,145066,4,0.57,0.199,3,-13.13,1,0.0253,0.356,6.15e-06,0.222,0.481,99.517,29,Country
Kissing My Love,1977,231044,4,0.825,0.526,1,-13.079,1,0.183,0.3,0.000152,0.0552,0.891,93.654,48,R&B
Red,1974,375748,4,0.295,0.743,9,-8.564,1,0.03,0.00278,0.877,0.16,0.119,88.089,40,Alt. Rock
Don’t You (FORGET About Me),1985,239000,4,0.644,0.891,2,-5.147,1,0.0526,0.00111,0.00798,0.118,0.504,110.007,35,Pop
First Time,2016,193511,4,0.633,0.592,0,-7.245,0,0.112,0.197,0.0,0.099,0.679,90.066,63,EDM
Sally MacLennane,1985,165493,4,0.498,0.806,2,-8.684,1,0.0661,0.00269,0.0,0.164,0.741,146.622,51,Punk
Silver Wings,1969,165946,4,0.544,0.281,4,-14.573,1,0.0276,0.805,0.000103,0.148,0.44,105.319,48,Country
Johnny Too Bad,1981,188352,4,0.393,0.937,8,-5.142,1,0.0576,0.0269,0.000239,0.117,0.95,176.072,11,Punk
It’s Not Right But It’s Okay,1999,252000,4,0.6,0.819,5,-7.171,0,0.0398,0.215,0.000535,0.084,0.536,123.921,31,Pop
Hate Bein' Sober,2012,280173,4,0.82,0.47,8,-7.181,1,0.0458,0.00425,0.0,0.141,0.314,132.003,73,Rap
Whose Bed Have Your Boots Been Under?,1995,264419,4,0.691,0.77,5,-4.696,1,0.0339,0.0252,0.0,0.123,0.748,132.134,24,Country
Soul Bossa Nova,1962,166589,4,0.551,0.722,5,-9.247,0,0.0529,0.571,0.000306,0.629,0.821,153.181,55,Jazz
Hot for Teacher,1984,282000,4,0.552,0.947,2,-4.671,1,0.15,0.000652,0.00025,0.0637,0.465,127.631,65,Metal
Take This Life,2006,215200,4,0.452,0.993,10,-4.74,0,0.172,2.88e-06,0.53,0.152,0.121,119.926,45,Metal
Band On The Run,1974,313000,4,0.479,0.601,7,-8.806,1,0.0319,0.0823,0.00141,0.111,0.669,124.966,71,Pop
Turn To Dust,1996,261000,4,0.419,0.876,0,-8.239,1,0.057,0.000803,0.000559,0.349,0.307,163.992,20,Rock
You Make Me Feel Like Dancing,1977,219000,4,0.728,0.718,8,-5.281,0,0.0501,0.0848,0.0,0.0579,0.733,95.922,64,Pop
"In League with Satan (7"" Version)",1982,211333,4,0.48,0.828,1,-13.317,1,0.0601,0.0921,0.00229,0.831,0.212,105.554,38,Metal
From Now On (feat. Future),2019,179706,4,0.825,0.444,10,-5.843,1,0.143,0.0103,5.33e-06,0.13,0.0402,139.997,55,Rap
Sledgehammer,1986,311000,4,0.641,0.682,8,-7.561,1,0.0392,0.044,0.0,0.0394,0.468,96.319,56,Pop
I Go Crazy,1978,207000,4,0.474,0.537,2,-6.77,1,0.0649,0.0758,0.0,0.316,0.335,90.103,58,Pop
Little Johnny Jewel - Parts 1 & 2,1975,426080,4,0.573,0.729,11,-8.207,0,0.0423,0.0575,0.139,0.0948,0.568,121.353,24,Punk
Sweet Dreams (Of You),1963,157533,4,0.424,0.0321,8,-21.804,1,0.0334,0.957,1e-06,0.369,0.289,82.97,46,Country
You Can’t Hurry Love,1966,175000,4,0.62,0.936,7,-4.593,1,0.0308,0.0261,0.0,0.0679,0.763,97.527,79,Pop
Fuck America,1996,139333,4,0.476,0.98,11,-3.17,1,0.343,0.306,0.0284,0.447,0.247,107.418,26,SKA
You Don't Know Me,1956,165160,3,0.398,0.0929,8,-21.562,1,0.0314,0.963,0.00201,0.146,0.245,96.032,15,Country
The Mummers’ Dance,1998,367000,4,0.548,0.456,0,-11.53,0,0.0289,0.425,0.116,0.0892,0.294,120.274,42,Pop
No More Heroes - 1996 Remaster,1996,207440,4,0.293,0.933,0,-8.082,1,0.0701,0.000109,0.145,0.336,0.837,150.994,50,Punk
"The Court Of The Crimson King - Including ""The Return of the Fire Witch"" and ""The Dance of the Puppets""",1969,602530,4,0.337,0.344,4,-12.079,0,0.0429,0.0832,0.207,0.224,0.0704,135.871,52,Alt. Rock
Come And Get Your Love,1995,205000,4,0.731,0.804,11,-7.621,0,0.0473,0.172,0.00028,0.0685,0.957,107.383,82,Pop
Moon Baby,2003,263133,4,0.257,0.905,6,-6.844,0,0.115,4.83e-05,0.00145,0.746,0.428,161.967,51,Metal
Water Runs Dry,1995,201400,4,0.589,0.368,0,-12.979,1,0.0271,0.475,0.0,0.108,0.509,89.63,51,R&B
"Remember (feat. Samara Joy,Robert Glasper)",2023,240538,4,0.512,0.592,7,-9.245,0,0.336,0.134,0.0,0.142,0.389,170.109,45,Funk
Bandit (with YoungBoy Never Broke Again),2019,189322,4,0.474,0.631,5,-5.884,0,0.343,0.0687,0.0,0.132,0.424,180.056,71,Rap
Sing A Song,1976,203000,4,0.774,0.698,9,-7.5,1,0.0481,0.157,0.00027,0.0684,0.969,122.325,56,Pop
Messin' with the Kid,1960,135546,4,0.723,0.738,5,-8.571,1,0.0442,0.812,0.0108,0.0829,0.809,120.094,31,Blues
Ode To Billie Joe,1967,255000,4,0.637,0.189,7,-10.726,1,0.0471,0.721,0.0,0.0939,0.695,120.142,52,Pop
Golden Years,1976,243000,4,0.68,0.701,6,-10.36,0,0.036,0.316,4.72e-06,0.111,0.933,108.287,62,Pop
Some Kind of Wonderful,1961,140533,4,0.516,0.506,5,-9.043,1,0.0343,0.721,1.17e-06,0.176,0.622,121.292,49,R&B
Barbara Ann,1966,133000,4,0.581,0.669,6,-3.659,1,0.0385,0.19,0.0,0.243,0.926,78.073,62,Pop
Police And Thieves,1976,282989,4,0.793,0.643,11,-4.998,0,0.188,0.212,0.00921,0.143,0.648,137.942,11,Reggae
Sunflower River Blues - Re-Recorded Version,1965,200333,4,0.317,0.197,5,-20.666,1,0.0427,0.665,0.747,0.103,0.119,91.994,42,Folk
The World Is A Ghetto,1972,244360,4,0.682,0.404,6,-12.51,0,0.0493,0.0367,0.000117,0.144,0.401,91.582,36,R&B
Return To Sender,1963,126000,4,0.845,0.563,8,-9.488,1,0.0439,0.628,0.0,0.0614,0.969,130.335,60,Pop
Be Strong,2005,218560,4,0.72,0.736,4,-6.38,0,0.316,0.564,0.0,0.122,0.607,83.924,40,Reggae
Rub-A-Dub-Dub,1953,135520,4,0.827,0.386,9,-7.922,1,0.0341,0.692,0.0,0.253,0.946,95.634,27,Country
Move It On Over,1947,166160,4,0.613,0.42,4,-9.765,1,0.0477,0.936,0.000107,0.0856,0.924,167.81,46,Country
Only Yesterday,1975,375000,4,0.535,0.505,7,-8.357,1,0.0269,0.134,1.95e-05,0.63,0.526,90.057,43,Pop
"Don't Think Twice,It's All Right",1964,247333,4,0.473,0.159,3,-21.813,1,0.0553,0.793,2.82e-06,0.726,0.36,86.714,8,Folk
Time,2019,240428,4,0.677,0.688,0,-4.058,0,0.0633,0.138,0.0,0.114,0.198,98.049,68,Rap
In Due Time,2013,197573,4,0.486,0.959,0,-3.857,0,0.0485,0.000203,0.0259,0.173,0.527,84.997,56,Metal
Knock Three Times,1971,176000,4,0.774,0.58,1,-10.08,1,0.0512,0.158,0.0,0.0458,0.923,123.127,57,Pop
You Gotta Be,1995,220000,4,0.558,0.66,7,-6.223,1,0.0273,0.416,0.0,0.139,0.388,75.009,69,Pop
Bobby Babylon,1979,118920,4,0.776,0.428,7,-7.94,1,0.327,0.0706,0.0,0.115,0.487,82.88,0,Reggae
The One I Gave My Heart To,1997,270000,4,0.702,0.493,7,-7.631,1,0.041,0.399,0.0,0.112,0.333,125.389,52,Pop
Milk Train,1972,198000,4,0.425,0.739,2,-6.119,0,0.0538,0.187,0.0141,0.158,0.488,130.768,10,Rock
Blue Moon Of Kentucky,1947,132813,4,0.705,0.415,7,-11.783,1,0.0263,0.676,9.42e-06,0.118,0.812,95.929,9,Country
Love Song,1979,141944,4,0.299,0.927,9,-8.237,0,0.132,0.00132,0.195,0.521,0.192,138.16,39,Punk
Love Like Blood,1985,408826,4,0.472,0.757,7,-8.308,0,0.0402,0.0323,0.508,0.199,0.566,125.78,47,Punk
Hear My Heart,2020,180449,4,0.55,0.679,7,-3.155,0,0.16,0.271,3.31e-06,0.138,0.615,94.402,29,Gospel
Taxi,1972,402840,4,0.61,0.363,4,-12.576,0,0.0322,0.679,2.83e-05,0.18,0.462,118.509,44,Folk
The Guns of Navarone,1967,407293,4,0.601,0.666,5,-10.23,0,0.073,0.0308,0.833,0.697,0.544,138.117,31,SKA
"Midnight Rider - Pittsburgh,Pa January 17,1971 Live Concert",1969,439000,3,0.36,0.426,7,-14.435,1,0.0304,0.604,0.7,0.127,0.54,128.901,38,Rock
Slow Hand,1982,174640,4,0.796,0.337,5,-18.041,1,0.0334,0.22,0.0,0.115,0.858,106.923,61,Country
Black Coffee,1984,295800,4,0.287,0.886,11,-10.937,0,0.0691,0.161,0.0175,0.347,0.279,163.245,39,Punk
Atmosphere,2012,231427,4,0.588,0.757,3,-4.616,1,0.0402,0.0225,4.59e-06,0.0741,0.472,122.975,43,EDM
More And More,1954,142524,4,0.517,0.303,9,-5.345,1,0.0312,0.777,0.0,0.0972,0.59,117.316,23,Country
All For You,2001,329933,3,0.753,0.934,2,-3.011,1,0.0736,0.0174,0.065,0.128,0.73,113.525,62,R&B
Human Pinata,1996,167160,4,0.419,0.967,0,-3.104,1,0.0989,0.00197,0.00931,0.0937,0.605,128.736,24,SKA
Fernando,1976,252960,4,0.354,0.535,9,-8.876,1,0.0303,0.627,2.9e-06,0.0808,0.434,110.821,69,Disco
Far Behind,1994,299000,4,0.552,0.645,7,-6.595,1,0.0268,0.00187,1.38e-06,0.0424,0.588,89.518,67,Pop
Crawl Outta Love,2017,242011,4,0.377,0.723,7,-2.951,1,0.046,0.181,0.0,0.0815,0.167,84.139,59,EDM
I Wish,1995,250000,4,0.445,0.492,6,-5.717,1,0.0294,0.036,0.0,0.122,0.24,148.013,68,Pop
Somebody To Love,1977,296000,3,0.497,0.693,8,-7.024,1,0.0565,0.19,0.0,0.215,0.358,111.539,67,Pop
Beans And Cornbread,1949,169306,4,0.804,0.368,7,-8.871,1,0.0413,0.823,0.0,0.177,0.712,109.624,24,R&B
Who Do You Love?,1978,259880,4,0.571,0.846,4,-11.746,1,0.0431,0.173,0.0178,0.1,0.612,106.612,53,Blues
Just One More,1998,206066,4,0.561,0.918,9,-5.771,0,0.145,0.00466,0.00381,0.136,0.499,152.406,22,SKA
Run Away,1995,201000,4,0.542,0.218,4,-7.817,1,0.0328,0.848,0.0,0.0983,0.175,127.569,64,Pop
Fly Robin Fly,1975,230920,4,0.826,0.406,0,-14.153,0,0.0317,0.00719,0.731,0.0725,0.939,100.278,48,Disco
Helix,2019,210247,3,0.479,0.733,5,-8.585,1,0.258,0.373,0.902,0.0653,0.0915,144.942,31,EDM
Close to You,2001,268000,4,0.453,0.484,2,-9.635,0,0.0286,0.0194,0.00184,0.0772,0.127,100.046,10,Rock
Somewhere in the Between,2007,223013,4,0.414,0.846,0,-3.839,1,0.132,0.0824,0.0,0.313,0.604,144.985,38,SKA
I Gotcha,1972,238000,4,0.632,0.731,1,-4.191,1,0.262,0.0826,0.0,0.0514,0.785,89.483,39,Pop
Sneaky Snake,1974,119600,4,0.664,0.352,7,-14.901,1,0.0365,0.745,0.0,0.161,0.843,148.017,35,Country
No Matter What,1971,180000,4,0.529,0.743,9,-5.523,1,0.0481,0.177,0.0,0.0759,0.78,116.817,59,Pop
Brooklyn Zoo,1995,217506,4,0.704,0.701,2,-8.031,1,0.46,0.549,0.0,0.664,0.618,92.032,54,Rap
Bloody Revolutions - Remastered,2000,376080,4,0.534,0.797,2,-7.182,1,0.188,0.00854,0.000822,0.381,0.428,143.708,23,Punk
Rose In Paradise,1987,220240,4,0.625,0.48,8,-16.942,1,0.0336,0.218,0.00654,0.151,0.826,89.038,47,Country
"Paris,Texas",1984,174760,5,0.359,0.00681,7,-20.957,1,0.0602,0.945,0.158,0.0581,0.205,128.713,46,Blues
Still Dreaming,2004,217826,5,0.546,0.827,7,-8.499,1,0.214,0.105,0.000255,0.14,0.598,120.262,59,Rap
Boom Boom,1962,152350,4,0.441,0.455,10,-14.207,1,0.0485,0.62,0.00187,0.135,0.918,160.9,60,Blues
Ballad of Jerry Curlan,1982,188360,4,0.315,0.707,7,-11.089,1,0.0413,0.000251,0.00799,0.212,0.532,96.185,16,Punk
Lost Again,1997,203933,4,0.393,0.923,1,-5.86,0,0.0484,0.00202,0.261,0.384,0.793,98.849,40,SKA
Back At The Chicken Shack,1960,483093,4,0.714,0.367,5,-12.855,1,0.0328,0.828,0.399,0.112,0.633,107.328,34,Jazz
Red Rover,2003,237000,3,0.631,0.88,10,-5.554,1,0.0343,0.584,0.000434,0.116,0.71,147.31,24,Rock
Quick,2019,266649,4,0.625,0.694,1,-4.785,0,0.314,0.0494,0.000264,0.473,0.546,135.01,31,Funk
Oh Girl,1972,216280,4,0.418,0.402,10,-12.942,1,0.0288,0.226,0.0,0.103,0.601,133.683,52,R&B
Cry Me a River,1955,288000,4,0.624,0.654,8,-6.582,0,0.183,0.577,0.0,0.104,0.564,73.898,73,Pop
RAPSTAR,2021,165925,4,0.789,0.536,6,-6.862,1,0.242,0.41,0.0,0.129,0.437,81.039,76,Rap
One Good Man,1969,249000,3,0.3,0.618,9,-9.982,1,0.121,0.0757,0.134,0.751,0.378,175.116,38,Rock
A Room With A View,1934,208640,4,0.546,0.138,7,-11.52,0,0.0363,0.908,0.0014,0.167,0.47,120.035,30,Jazz
Another Man Done Gone,1963,154080,4,0.672,0.207,11,-13.068,1,0.195,0.601,3.81e-05,0.641,0.726,144.004,18,Blues
Slip of the Lip,1988,196040,4,0.593,0.754,8,-12.852,1,0.0324,0.00149,0.013,0.379,0.366,95.174,43,Metal
All My Life,2002,263440,4,0.577,0.604,5,-5.703,1,0.0495,0.000218,0.000579,0.477,0.637,167.719,72,Alt. Rock
No Sleep (feat. Bonn),2016,207094,4,0.44,0.635,11,-6.385,1,0.0326,0.129,0.0,0.121,0.327,128.133,58,EDM
Sixty Minute Man,1951,150146,4,0.765,0.505,3,-8.768,1,0.118,0.945,3.29e-05,0.191,0.857,130.985,45,R&B
I Get The Sweetest Feeling,1968,178373,4,0.684,0.482,5,-9.234,1,0.0371,0.778,0.000351,0.148,0.749,123.532,53,R&B
Lovers Never Say Goodbye,1959,173441,3,0.444,0.393,2,-9.805,1,0.0307,0.852,0.0,0.0927,0.257,92.928,28,R&B
West Side Story Medley - Live / Remastered,1962,648826,1,0.399,0.676,2,-12.972,1,0.221,0.409,0.252,0.969,0.116,144.716,10,Jazz
Somewhere to Run,2019,222080,4,0.507,0.93,3,-1.015,1,0.0803,0.21,0.000455,0.362,0.568,111.899,34,EDM
Kicks,1966,282000,4,0.363,0.982,7,-3.621,0,0.3,0.00123,0.00218,0.284,0.275,179.23,78,Pop
Boulder to Birmingham - 2003 Remaster,1975,213026,4,0.476,0.318,10,-10.953,1,0.0304,0.78,2e-06,0.104,0.311,126.495,46,Folk
Who Dunnit?,1982,354400,4,0.826,0.312,8,-15.313,1,0.0984,4.87e-05,0.83,0.0807,0.692,120.473,11,Disco
Hanging On The Telephone,1978,145000,4,0.476,0.903,8,-4.754,1,0.0893,0.00961,5.47e-05,0.203,0.493,151.709,51,Rock
I’d Like To Teach The World To Sing (IN Perfect Harmony),1972,150000,4,0.645,0.311,11,-12.264,1,0.0342,0.81,0.0,0.207,0.605,130.166,0,Pop
Melt,1988,227506,3,0.276,0.778,4,-4.491,0,0.0443,0.014,9.32e-05,0.221,0.332,115.961,37,Punk
Babe,1980,218000,4,0.7,0.582,11,-5.96,0,0.0356,0.0502,0.0,0.0881,0.785,116.712,96,Pop
Rhinestone Cowboy,1975,194453,4,0.644,0.633,0,-8.006,1,0.0261,0.102,6.82e-05,0.227,0.648,115.192,66,Country
No Vacancy,1982,221200,4,0.86,0.22,6,-18.911,0,0.167,0.0171,5.67e-06,0.129,0.504,138.259,24,Reggae
Tints (feat. Kendrick Lamar),2018,268400,4,0.805,0.833,1,-6.73,0,0.12,0.0859,0.0,0.0578,0.703,109.076,55,Funk
Evidence - 2016 Remaster,1995,293600,4,0.678,0.801,9,-6.367,0,0.031,0.046,0.00718,0.0765,0.627,98.008,48,Metal
Two Lovers,1963,166000,4,0.678,0.405,2,-16.965,1,0.0304,0.426,0.0,0.109,0.96,105.902,46,Pop
Like A Virgin,1985,218000,4,0.771,0.655,3,-10.842,0,0.0372,0.152,0.00197,0.0685,0.97,119.747,70,Pop
Fast Cars - 1996 Remastered Version,1996,146893,4,0.265,0.82,10,-7.067,0,0.053,0.00191,0.0265,0.157,0.479,93.229,31,Punk
What In The World’s Come Over You,1960,166000,4,0.509,0.204,4,-13.736,1,0.0313,0.783,1.25e-05,0.1,0.483,76.709,29,Pop
Who’s Holding Donna Now,1985,233000,4,0.629,0.616,4,-7.049,1,0.0239,0.1,0.000489,0.0964,0.663,96.988,1,Pop
She Bop,1984,229000,4,0.583,0.891,9,-4.565,0,0.0345,0.00088,0.000163,0.103,0.814,136.794,53,Pop
Rock Stone,2001,277653,4,0.77,0.787,11,-5.489,0,0.278,0.23,0.000199,0.198,0.588,82.029,53,Reggae
Love,1999,263200,4,0.695,0.643,1,-7.968,1,0.377,0.0454,0.0,0.525,0.371,94.895,41,Rap
Macarthur Park,1978,235000,4,0.579,0.667,4,-12.361,0,0.0401,0.0829,0.000616,0.0547,0.449,131.023,50,Pop
A Million To One,1960,160000,4,0.454,0.931,11,-4.083,1,0.0321,0.238,0.000623,0.289,0.462,137.945,75,Pop
That’s What Love Is For,1992,205000,4,0.529,0.758,9,-5.95,1,0.0372,0.116,0.00495,0.161,0.798,97.865,0,Pop
Love’s Been A Little Bit Hard On Me,1982,193000,4,0.5,0.809,9,-6.702,1,0.0494,0.198,1.23e-06,0.113,0.646,146.097,7,Pop
Thunderbird,1975,250000,4,0.26,0.924,0,-8.481,1,0.119,0.174,0.000369,0.974,0.353,97.39,30,Rock
Ruby Soho,1995,171480,4,0.655,0.862,7,-5.354,1,0.0437,0.395,0.0,0.282,0.965,161.975,32,SKA
The Tears of a Clown,1980,160026,4,0.606,0.781,9,-10.945,1,0.0387,0.00381,0.0082,0.0373,0.977,164.58,48,SKA
Keep On Loving You,1981,200000,4,0.306,0.722,0,-5.963,1,0.034,0.0519,0.0,0.117,0.41,174.732,75,Pop
Cast Your Fate To The Wind,1965,382000,4,0.364,0.24,8,-14.462,1,0.0474,0.964,0.899,0.113,0.194,122.459,34,Pop
Tumbling Tumbleweeds,1934,192973,4,0.355,0.236,10,-12.977,1,0.0316,0.962,8.15e-05,0.133,0.247,99.252,9,Country
Heart And Soul,1987,253000,4,0.66,0.805,2,-8.01,1,0.0324,0.00327,1.43e-05,0.0986,0.944,122.039,57,Pop
Violins,1998,187586,4,0.45,0.948,0,-3.965,1,0.0607,0.000893,0.0,0.135,0.744,122.896,45,Punk
Skin I'm In,1988,388000,4,0.73,0.62,4,-11.843,0,0.0689,0.0851,0.00407,0.185,0.716,101.737,19,Funk
Hey! Love,1970,201973,4,0.309,0.508,4,-11.876,0,0.0351,0.483,0.000287,0.174,0.56,135.261,52,Funk
Poodle Party,1980,71906,4,0.263,0.93,4,-6.955,1,0.14,0.0219,0.0,0.291,0.423,95.437,22,Punk
No Time,1970,224000,4,0.576,0.974,1,-2.785,1,0.0829,0.0199,0.0,0.348,0.53,129.088,69,Pop
The Loco-Motion,1988,193000,4,0.755,0.913,3,-5.058,1,0.0391,0.36,0.0425,0.0242,0.752,129.0,59,Pop
Cosmic Messenger,1978,282133,4,0.249,0.82,7,-8.284,0,0.0494,0.132,0.818,0.153,0.219,151.79,34,Jazz
Perfect Day,1972,225000,3,0.4,0.267,10,-12.488,1,0.0323,0.744,0.00734,0.103,0.0872,144.799,66,Alt. Rock
Let There Be Drums,1962,138000,4,0.594,0.819,1,-11.067,1,0.0378,0.0907,0.845,0.0613,0.661,101.29,39,Pop
The Awakening,1958,381893,4,0.532,0.2,1,-17.265,1,0.0353,0.827,0.489,0.117,0.128,81.914,37,Jazz
What Did You Learn in School Today?,1964,104373,4,0.834,0.54,2,-6.981,1,0.0342,0.811,4.94e-05,0.25,0.863,123.118,20,Folk
Party Lights,1962,104000,4,0.838,0.278,3,-12.266,1,0.209,0.0131,0.81,0.0994,0.336,120.999,29,Pop
I Feel for You,2006,350813,4,0.658,0.89,8,-4.432,0,0.0435,0.000164,0.012,0.337,0.504,129.974,48,EDM
Language Of Love,2016,214000,4,0.585,0.6,6,-8.058,0,0.0226,0.343,1.28e-06,0.0949,0.443,96.011,9,Rock
"Poor,Poor Pitiful Me",1995,190266,4,0.744,0.699,1,-6.744,1,0.0265,0.101,0.0,0.0543,0.741,126.211,51,Jazz
Hung Up On My Baby,1974,377639,4,0.678,0.695,4,-9.825,0,0.0284,0.181,0.635,0.0459,0.937,102.511,47,Disco
I Think I Love You,1971,222000,4,0.671,0.418,6,-14.124,0,0.0371,0.187,0.215,0.132,0.607,91.866,75,Pop
Digital Love,2001,301373,4,0.644,0.664,9,-8.398,1,0.0332,0.048,0.867,0.342,0.53,124.726,65,EDM
Rescue Me,1965,159000,4,0.761,0.606,11,-7.742,0,0.0424,0.157,0.0,0.574,0.646,121.038,67,Pop
Spectrum,2011,243413,4,0.609,0.801,0,-4.417,0,0.034,0.0137,0.00349,0.127,0.407,129.99,59,EDM
Marie Laveau,1974,189026,4,0.593,0.521,9,-10.326,1,0.0358,0.872,0.0,0.714,0.855,117.805,45,Country
Not Forgotten - Live,2003,358360,4,0.608,0.928,6,-3.737,0,0.0691,0.153,0.0,0.944,0.536,96.96,32,Gospel
The Fear Never Leaves You,1994,285136,4,0.721,0.559,11,-9.006,0,0.0308,0.751,0.606,0.0979,0.625,120.029,26,Folk
My Ding-A-Ling,1972,223000,4,0.767,0.517,4,-9.908,1,0.195,0.791,0.000186,0.078,0.846,144.322,40,Pop
Extreme Aggression,1989,283466,4,0.292,0.951,0,-12.055,1,0.055,0.00918,0.133,0.104,0.169,109.151,38,Metal
When I Look Into Your Eyes,1992,239000,4,0.396,0.612,6,-8.039,1,0.0277,0.00288,4.71e-05,0.233,0.241,146.759,61,Pop
I’m Your Man,1986,213000,4,0.612,0.28,0,-8.648,1,0.0434,0.932,0.0,0.088,0.387,72.795,86,Pop
Asia Minor,1961,181000,4,0.45,0.723,5,-8.285,1,0.0357,0.582,0.857,0.193,0.893,147.287,27,Pop
Jesus Saves,1986,298666,4,0.565,0.849,10,-7.022,0,0.121,0.231,0.0,0.348,0.528,143.69,24,Gospel
151 Rum,2018,156780,4,0.756,0.867,7,-3.626,1,0.162,0.155,0.00285,0.33,0.666,129.983,68,Rap
Back Stabbers,1972,390600,4,0.692,0.897,7,-7.343,0,0.0297,0.101,0.665,0.112,0.86,117.4,11,Disco
In the Midnight Hour,1965,157160,4,0.75,0.444,4,-8.63,1,0.0403,0.12,3.69e-06,0.118,0.849,111.919,64,R&B
Give It To You,1999,289000,4,0.83,0.655,7,-7.072,1,0.0544,0.0552,1.09e-06,0.0567,0.653,134.869,41,Pop
"Never Gonna Stop (The Red,Red Kroovy)",2001,189133,4,0.617,0.85,0,-4.543,1,0.0325,6.39e-05,2.93e-05,0.481,0.589,125.03,57,Metal
Shake,1965,175000,4,0.447,0.341,2,-9.769,1,0.0457,0.806,2.05e-06,0.686,0.371,138.969,78,Pop
Satisfy You,1999,286000,4,0.764,0.594,6,-10.05,1,0.185,0.591,0.0,0.145,0.695,87.261,50,Pop
La La La (IF I Had You),1970,162000,4,0.232,0.644,9,-10.51,1,0.0494,0.741,4.65e-05,0.743,0.897,200.423,20,Pop
Rational Gaze,2002,304493,1,0.528,0.976,1,-5.157,1,0.0919,4.59e-05,0.0828,0.0944,0.243,133.01,48,Metal
Let’s Get It On,1973,245000,4,0.619,0.718,3,-4.997,1,0.0515,0.145,1.81e-06,0.0848,0.554,83.584,47,Pop
We Two Are One - Remastered Version,1989,275000,4,0.698,0.846,7,-5.273,1,0.0444,0.3,5.21e-05,0.161,0.905,119.977,22,Rock
"The Sorcerer (feat. Wayne Shorter,Herbie Hancock,Ron Carter & Tony Williams)",1967,313613,4,0.325,0.62,2,-13.041,0,0.0531,0.36,7.31e-05,0.362,0.522,88.828,34,Jazz
My Old Pal,1929,183866,4,0.618,0.247,5,-12.127,1,0.0321,0.963,0.0,0.366,0.786,124.676,5,Country
The Man Who Sold The World - Live,1994,261093,4,0.483,0.753,1,-8.937,0,0.0832,0.425,0.000142,0.257,0.42,115.102,75,Alt. Rock
Ooo Baby Baby,1979,164000,3,0.185,0.344,7,-9.378,1,0.0295,0.81,0.0,0.166,0.424,178.635,64,Pop
Absolution,2015,290946,4,0.564,0.86,7,-5.46,1,0.0362,0.000438,0.0934,0.136,0.323,121.978,45,Metal
With Them,2019,197746,4,0.926,0.517,9,-6.794,1,0.184,0.00218,0.0,0.091,0.284,132.07,57,Rap
Guitar Boogie,1951,148973,4,0.642,0.321,9,-15.04,1,0.0338,0.983,0.955,0.109,0.777,108.226,11,Jazz
Bad Man Nuh Flee (feat. Mr. Vegas),2004,194760,4,0.672,0.626,5,-8.195,0,0.281,0.0605,0.0,0.174,0.661,93.553,30,Reggae
Press On,2015,201786,4,0.581,0.934,1,-3.692,0,0.0411,0.0291,0.0,0.334,0.563,82.967,36,Gospel
Milk Cow Blues,1977,254000,4,0.254,0.867,7,-6.178,1,0.077,0.00775,0.0431,0.0897,0.504,207.486,24,Rock
Bad Influence,1994,175173,4,0.832,0.545,9,-11.119,1,0.0502,0.04,0.000211,0.0801,0.779,127.615,30,Blues
Who Will You Run To,1987,246000,4,0.601,0.73,2,-11.103,1,0.0362,0.206,2e-05,0.107,0.682,116.311,48,Pop
He Looked Beyond My Faults,1981,196120,4,0.208,0.218,8,-10.707,1,0.0298,0.933,7.39e-06,0.118,0.183,70.686,17,Gospel
Jet City Woman,1990,321000,4,0.501,0.932,8,-3.679,0,0.0896,0.0608,2.25e-06,0.703,0.347,110.075,26,Metal
I Am The Greatest,2018,202920,4,0.801,0.815,11,-4.81,1,0.148,0.042,4.42e-06,0.0741,0.37,90.017,47,Rap
We’re An American Band,1973,207000,4,0.637,0.89,7,-4.872,1,0.0676,0.119,6.5e-05,0.103,0.923,127.688,60,Pop
Rebel Girl,1993,157333,4,0.435,0.939,8,-3.845,0,0.111,0.0122,0.00466,0.0614,0.559,134.938,57,Punk
Muriel,1970,228813,3,0.356,0.458,5,-10.298,1,0.0404,0.000709,0.855,0.311,0.539,168.634,6,Reggae
Maybellene,1955,143240,4,0.756,0.768,0,-10.701,1,0.112,0.735,0.0,0.182,0.783,118.208,54,R&B
The Hunter,1995,211533,4,0.47,0.808,4,-9.941,0,0.0405,0.000316,0.00503,0.149,0.474,146.748,34,Metal
Cat’s In The Cradle,1975,315000,3,0.519,0.423,9,-7.051,1,0.0303,0.0938,1.81e-05,0.108,0.224,144.597,2,Pop
Stuffy,1943,183640,4,0.519,0.511,6,-12.85,1,0.0368,0.741,0.0269,0.278,0.886,181.74,5,Jazz
I Think We’re Alone Now,1987,130000,4,0.782,0.421,11,-11.05,0,0.103,0.0723,0.0316,0.0692,0.715,131.746,53,Pop
Boogie Chillen',1948,190920,4,0.67,0.174,11,-15.902,1,0.0635,0.841,0.00505,0.117,0.386,149.1,50,Blues
Sexy Ways,1960,152213,4,0.417,0.404,8,-13.334,1,0.0389,0.374,0.000274,0.0559,0.862,127.765,2,R&B
Don’t Cry,1991,189000,4,0.608,0.638,8,-7.215,1,0.0561,0.217,0.0,0.324,0.457,87.956,56,Pop
Down The Road Apiece,1953,179893,4,0.537,0.716,0,-10.567,1,0.0322,0.971,0.222,0.12,0.876,92.613,25,R&B
Downtown,1965,193000,4,0.775,0.679,4,-4.985,0,0.135,0.18,7.26e-05,0.068,0.619,166.008,77,Pop
Streets Of London,1981,198026,4,0.277,0.778,9,-11.0,1,0.0371,0.094,3.01e-06,0.069,0.64,173.966,27,Punk
Grandpa (Tell Me 'Bout The Good Old Days),1986,254640,4,0.565,0.456,4,-8.125,1,0.031,0.423,8.4e-06,0.0612,0.586,201.7,58,Country
Linda on My Mind,1975,155373,4,0.667,0.394,9,-8.741,1,0.0259,0.66,0.0,0.0653,0.531,108.432,38,Country
Over And Over,1977,422133,4,0.481,0.63,11,-8.18,1,0.0344,0.00975,0.000666,0.109,0.938,131.466,32,Funk
Four Walls,1957,168640,3,0.388,0.157,9,-15.955,1,0.0291,0.848,2.41e-05,0.309,0.227,95.965,32,Country
Please Forgive Me,1994,355000,4,0.588,0.456,9,-7.011,1,0.0262,0.516,0.0,0.104,0.144,134.069,53,Pop
Feel The Need In Me,1973,221941,4,0.779,0.385,11,-12.333,0,0.0556,0.222,1.23e-06,0.151,0.763,118.177,35,Disco
The Perfect Kiss - 2015 Remaster,1985,289373,4,0.629,0.859,0,-6.065,1,0.0325,0.00521,0.252,0.131,0.8,130.405,47,Alt. Rock
Spirit Of The Lord,1986,383840,4,0.568,0.305,8,-13.09,1,0.0325,0.415,1.75e-06,0.359,0.134,125.989,0,Gospel
Popcorn,1972,181000,4,0.656,0.48,2,-7.156,1,0.0552,0.318,0.0,0.0917,0.402,132.043,66,Pop
Innocence,2015,308133,4,0.377,0.736,7,-5.666,0,0.0623,0.00126,0.273,0.0849,0.0604,135.75,39,EDM
The Next Episode,1999,161506,4,0.922,0.909,10,-2.429,0,0.27,0.0281,0.0,0.0856,0.309,95.295,79,Rap
"Wu-Tang Clan Ain't Nuthing Ta F' Wit (feat. RZA,Inspectah Deck & Method Man)",1993,214373,4,0.829,0.459,10,-15.153,0,0.361,0.196,0.0,0.332,0.655,99.092,30,Rap
Dance (A$$) Remix (10th Anniversary) feat. Nicki Minaj,2011,218480,4,0.803,0.642,8,-6.589,0,0.35,0.0439,0.00143,0.0385,0.633,159.853,24,Rap
Family,2016,160080,4,0.662,0.993,0,-1.093,1,0.0759,0.284,0.0,0.885,0.784,158.038,43,SKA
I Feel Good,1996,222960,4,0.632,0.606,7,-5.463,1,0.289,0.0409,0.0,0.0534,0.62,168.195,51,Reggae
Bored to Tears,2003,268973,4,0.362,0.937,1,-7.443,0,0.161,0.00117,0.0005,0.332,0.333,165.189,31,Metal
Peg,1978,237000,4,0.778,0.441,7,-15.259,1,0.0314,0.22,0.000652,0.171,0.944,116.918,62,Pop
Will - Remix,2018,164475,4,0.766,0.579,9,-8.426,0,0.287,0.107,0.000642,0.143,0.217,142.932,51,Rap
Ya Ya,1961,106000,4,0.728,0.442,1,-10.095,1,0.0565,0.000487,8.21e-06,0.149,0.441,142.025,79,Pop
Theme From S.W.A.T.,1976,126000,4,0.631,0.888,5,-8.491,1,0.0375,0.171,0.0433,0.146,0.925,147.824,56,Pop
Linoleum,1994,130266,4,0.414,0.933,4,-8.699,1,0.0875,3.32e-05,0.000559,0.0702,0.436,98.375,59,Punk
Hey Jack Kerouac,1987,206413,4,0.616,0.511,6,-15.894,1,0.0279,0.0384,0.0,0.15,0.604,132.015,40,Alt. Rock
Let's Go Get Stoned,1968,174533,5,0.491,0.0475,10,-20.149,1,0.0454,0.852,0.778,0.133,0.104,153.776,40,Blues
Think,1968,139733,4,0.687,0.63,6,-10.817,1,0.0389,0.251,0.0,0.221,0.926,110.051,64,R&B
If You Go,1994,228000,3,0.609,0.444,7,-9.129,1,0.106,0.603,6.86e-06,0.104,0.166,118.402,82,Pop
The Wallflower (Dance With Me Henry),1955,161706,4,0.453,0.333,5,-13.721,1,0.0507,0.813,0.0,0.479,0.617,128.763,20,Blues
If I Were a Redneck,2008,150586,4,0.443,0.962,9,-5.032,1,0.0496,0.00276,0.0,0.405,0.621,100.764,2,Punk
I Ain't Superstitious,1958,242960,4,0.761,0.495,5,-15.328,1,0.037,0.712,0.0724,0.233,0.97,120.112,19,Blues
Ramblin’ Man,1973,288000,4,0.305,0.824,1,-8.33,1,0.0354,0.51,0.00292,0.272,0.921,179.404,66,Pop
Heart Full Of Soul,1965,147000,4,0.492,0.666,9,-9.743,0,0.0351,0.231,5.69e-05,0.0469,0.699,140.829,50,Pop
No Class,1982,94440,4,0.554,0.88,2,-5.271,1,0.177,0.133,2.33e-05,0.388,0.346,103.197,40,Punk
Rose Darling,1975,184000,4,0.702,0.561,2,-10.728,1,0.0313,0.344,0.0,0.175,0.757,134.935,39,Rock
Rudeboy Shufflin' - Live 95,1995,360520,4,0.821,0.544,5,-9.117,0,0.0821,0.243,0.00124,0.84,0.896,145.828,12,Reggae
Mr. Telephone Man,1984,239160,4,0.727,0.45,2,-13.32,1,0.0291,0.127,0.0,0.0544,0.895,94.039,63,R&B
Trippin’,1999,175000,4,0.47,0.989,7,-3.857,1,0.0632,0.000386,0.00161,0.157,0.446,106.479,62,Pop
Place In This World,1991,193000,4,0.481,0.521,6,-7.62,1,0.0477,0.114,0.0,0.137,0.299,77.066,49,Pop
Ain't No Sunshine,1985,133240,4,0.773,0.614,11,-5.794,1,0.229,0.635,0.0,0.187,0.9,128.611,26,Reggae
I Need Somebody To Love Tonight,1978,411346,4,0.73,0.356,7,-17.845,1,0.0749,0.798,0.895,0.0736,0.865,104.903,36,Disco
Don’t Dream It’s Over,1987,203000,4,0.374,0.721,6,-5.756,1,0.043,0.539,0.0,0.187,0.341,79.483,29,Pop
Surrender To Me,1989,214000,4,0.624,0.672,0,-11.108,1,0.0321,0.0191,0.511,0.06,0.925,108.746,45,Pop
Nowhere Man,1966,163000,4,0.534,0.624,4,-9.589,1,0.0462,0.00797,0.0,0.128,0.687,121.402,62,Pop
Tip Toe (feat. A Boogie Wit da Hoodie),2020,185806,3,0.757,0.673,1,-8.513,1,0.141,0.095,0.0,0.338,0.574,92.958,52,Rap
Boogie On Reggae Woman,1975,296000,4,0.888,0.741,10,-10.063,0,0.0535,0.22,0.058,0.0849,0.641,106.916,46,Pop
Over You,1968,204000,4,0.425,0.922,3,-2.6,1,0.0412,0.0174,0.0,0.104,0.564,156.045,61,Pop
Wooden Heart,1961,121000,4,0.647,0.336,3,-8.517,1,0.0645,0.8,0.0,0.0719,0.905,164.249,43,Pop
Halfway Down,1993,225786,4,0.559,0.895,5,-6.803,1,0.0324,0.0887,0.000365,0.148,0.948,161.635,21,Country
So Sad,1960,226000,4,0.512,0.526,1,-5.44,1,0.0251,0.0724,0.0,0.0675,0.249,85.024,62,Pop
Johnny Get Angry,1962,156000,4,0.628,0.27,1,-14.47,1,0.0359,0.78,0.0,0.325,0.548,126.676,30,Pop
The Sea Captain,1971,187586,3,0.68,0.211,9,-12.052,1,0.0308,0.873,0.00297,0.107,0.255,112.436,8,Folk
Future Breed Machine,1995,348682,1,0.299,0.97,1,-6.865,1,0.157,0.000993,0.0953,0.304,0.154,175.353,44,Metal
I'm In Love,1981,301493,4,0.912,0.392,5,-12.01,0,0.0916,0.0372,0.198,0.27,0.791,114.929,47,Disco
Dig,2005,162293,4,0.623,0.983,11,-3.548,0,0.151,9.62e-05,0.0617,0.261,0.271,134.975,62,Metal
From Clare to here,1974,353413,3,0.495,0.198,9,-17.072,0,0.154,0.692,0.0,0.719,0.493,131.896,20,Folk
Always The Sun - Sunny Side Up Mix,1986,243053,4,0.561,0.868,2,-4.146,1,0.0464,0.00585,0.0275,0.105,0.795,133.362,53,Punk
L'enfant sauvage,2012,257733,3,0.143,0.995,8,-5.698,1,0.185,0.000146,0.438,0.364,0.079,87.803,61,Metal
How Can You Live in the Northeast?,2006,222000,4,0.465,0.785,4,-7.615,1,0.0447,0.264,0.000935,0.155,0.534,173.037,18,Rock
Do Nothing,1980,221253,4,0.551,0.751,5,-5.822,0,0.152,0.149,0.00196,0.306,0.854,83.158,40,Punk
I Just Called To Say I Love You,1984,262240,4,0.748,0.551,1,-9.054,1,0.0239,0.243,1.57e-06,0.0943,0.65,113.535,74,R&B
The House Of The Rising Sun,1964,271000,3,0.295,0.584,9,-6.696,0,0.0345,0.000385,0.218,0.0996,0.228,117.2,71,Pop
Don't Leave Me This Way,1976,217733,4,0.553,0.839,0,-5.844,0,0.116,0.153,6e-05,0.13,0.673,121.819,53,Disco
Ignition - Remix,2003,186066,4,0.795,0.523,1,-7.165,1,0.0423,0.061,0.0,0.0914,0.855,133.024,66,R&B
INTRO,2019,172800,4,0.862,0.685,0,-7.699,0,0.242,0.0342,0.0,0.204,0.672,100.024,51,Rap
Loverboy,1985,224000,4,0.604,0.466,0,-10.093,1,0.0315,0.649,0.0334,0.093,0.499,120.045,67,Pop
Never My Love,1967,187000,4,0.435,0.428,6,-11.747,1,0.0268,0.171,0.000708,0.149,0.61,95.534,53,Pop
I Am That I Am,1976,269546,4,0.791,0.481,4,-9.39,1,0.124,0.0649,1.47e-06,0.0247,0.926,146.032,50,Reggae
All The Young (People Of Today) - Remastered Version,1981,253000,4,0.403,0.574,7,-8.488,1,0.0306,0.111,0.0393,0.731,0.36,161.276,8,Rock
It's Your Thing,1969,169293,4,0.376,0.67,10,-9.273,1,0.0854,0.0727,2.52e-06,0.0718,0.837,185.503,57,Funk
Can't Sleep - Radio Edit,2013,192866,4,0.641,0.932,7,-5.797,0,0.0658,0.0657,0.0353,0.06,0.335,132.991,38,EDM
1-2-3,1988,59000,4,0.841,0.408,0,-9.193,1,0.0366,0.722,0.0,0.102,0.965,89.86,62,Pop
She's Gone With The Wind,1952,164075,3,0.632,0.339,5,-12.276,0,0.0566,0.912,9.19e-06,0.116,0.68,96.483,1,R&B
Black Market,1976,476400,4,0.465,0.71,10,-15.774,1,0.0595,0.0851,0.598,0.294,0.745,106.673,16,Jazz
Surf City,1963,147000,4,0.534,0.807,8,-12.871,1,0.0349,0.497,5e-05,0.232,0.964,147.843,49,Pop
Sexy Eyes,1980,180000,4,0.743,0.642,9,-11.897,0,0.052,0.48,8.34e-06,0.212,0.906,103.858,55,Pop
Rise Above,1981,146560,4,0.374,0.816,2,-13.88,1,0.0578,0.119,8.01e-06,0.0808,0.138,104.56,52,Punk
Window Shopper,2005,191813,4,0.539,0.672,5,-4.972,0,0.195,0.0626,0.0,0.388,0.384,174.148,64,Rap
Stay Free,1980,322480,4,0.645,0.646,5,-14.809,0,0.0495,0.0569,9.72e-06,0.11,0.715,107.724,18,Disco
Do Or Die,1998,110625,4,0.217,0.978,9,-3.439,1,0.0545,9.76e-05,0.0,0.497,0.606,137.002,29,Punk
Fencewalk,1973,332400,4,0.577,0.568,7,-11.875,1,0.0536,0.168,0.0616,0.0801,0.963,106.019,33,Funk
Mysterious Ways,1991,243586,4,0.674,0.659,8,-8.049,1,0.0277,0.00156,0.00765,0.108,0.697,99.768,61,Alt. Rock
Groove Thang,1994,235000,4,0.911,0.49,9,-7.208,0,0.0394,0.029,0.00105,0.0751,0.842,102.046,51,Pop
Trouble Man,1973,228000,4,0.677,0.415,9,-9.869,0,0.0304,0.541,0.0136,0.104,0.487,107.107,54,Pop
Weekend,2019,175058,4,0.684,0.774,7,-5.951,1,0.188,0.26,0.0,0.108,0.448,84.991,50,EDM
Did She Mention My Name,1968,153426,4,0.563,0.496,2,-13.059,1,0.0305,0.673,2.49e-05,0.223,0.868,104.16,46,Folk
Cherchez LaGhost (feat. U-God),2000,191426,4,0.862,0.525,1,-8.846,0,0.0554,0.0367,6.34e-06,0.0826,0.506,103.531,35,Rap
You Can Love Yourself,1996,152666,4,0.526,0.293,2,-10.708,1,0.0488,0.846,0.0,0.155,0.638,82.101,25,Blues
Halo,2008,261640,4,0.508,0.72,11,-5.908,0,0.0628,0.272,0.0,0.0563,0.472,79.983,72,R&B
A Boy Named Sue,1969,227466,4,0.678,0.426,10,-14.223,1,0.176,0.826,0.0,0.97,0.897,101.773,45,Country
Slide,1999,230000,4,0.736,0.795,1,-3.299,0,0.0545,0.498,1.21e-06,0.254,0.511,104.066,77,Pop
Heart Of Stone,2019,402000,3,0.2,0.914,4,-3.204,0,0.0427,0.00488,0.00152,0.0964,0.31,98.307,17,Rock
"Old Dogs,Children And Watermelon Wine",1972,251360,4,0.528,0.302,5,-15.988,1,0.0301,0.655,0.000511,0.283,0.641,109.743,51,Country
Bacc Seat (feat. Ty Dolla $ign),2020,172320,4,0.783,0.524,1,-6.828,1,0.115,0.0404,0.0,0.087,0.153,144.989,60,Rap
Aces High,1984,271000,4,0.3,0.936,7,-5.398,1,0.0456,0.034,0.0209,0.158,0.757,133.115,50,Metal
Ecstasy,1973,149226,4,0.658,0.633,7,-9.374,1,0.0536,0.2,0.00261,0.11,0.936,101.057,40,Disco
Under 21,1997,157200,4,0.677,0.842,0,-5.84,1,0.0685,0.0024,0.000299,0.052,0.87,93.563,24,SKA
Vicarious,2006,426680,5,0.506,0.877,0,-5.73,1,0.032,5.16e-05,0.776,0.0712,0.302,114.589,63,Alt. Rock
How High the Moon - Live,1956,143266,4,0.399,0.359,2,-15.551,1,0.0467,0.994,0.932,0.329,0.763,79.467,18,Jazz
Visual Aggression,1999,250986,4,0.213,0.978,4,-5.99,0,0.115,7.17e-05,0.91,0.25,0.118,110.664,17,Metal
Roni,1989,358000,4,0.72,0.703,9,-11.815,1,0.0377,0.0129,0.000111,0.054,0.924,146.704,55,Pop
Who Was In My Room Last Night?,1993,249000,4,0.306,0.889,6,-8.691,0,0.117,0.000824,0.0121,0.271,0.255,182.054,51,Punk
Like I Love You,2019,190173,4,0.863,0.588,1,-7.141,1,0.0847,0.142,3.42e-05,0.457,0.751,117.911,49,EDM
My Foolish Heart,1961,297320,4,0.395,0.121,9,-23.427,1,0.0325,0.937,0.405,0.697,0.138,114.396,54,Jazz
Rush Rush,1991,156000,4,0.728,0.841,10,-7.682,0,0.0567,0.00242,9.09e-05,0.106,0.402,125.991,80,Pop
Keep A-Knockin',1957,136000,4,0.402,0.821,8,-13.315,1,0.323,0.0126,0.000527,0.0649,0.963,172.402,45,R&B
Love Me Do,1964,255000,4,0.67,0.634,11,-6.471,1,0.0326,0.0124,0.0,0.0946,0.497,124.926,82,Pop
The Great American Success Story,1986,218000,4,0.498,0.69,9,-13.416,1,0.0358,0.00559,1.32e-05,0.286,0.636,75.689,11,Rock
Suburban Home,1982,100333,3,0.385,0.776,2,-9.347,1,0.0389,3.82e-05,0.0,0.346,0.833,99.772,53,Punk
Faded,2015,212626,4,0.589,0.651,6,-5.097,1,0.0306,0.0291,3.2e-06,0.111,0.166,90.011,70,EDM
Signs,1971,234000,4,0.794,0.735,0,-4.204,1,0.054,0.108,0.00578,0.112,0.223,107.374,63,Pop
Trouble Is Your Middle Name,2019,257000,4,0.309,0.987,11,-3.452,0,0.102,0.00389,3.05e-05,0.489,0.136,158.057,31,Rock
It Hurts Me Too,1971,232973,1,0.494,0.378,4,-15.958,1,0.0284,0.348,0.29,0.389,0.89,90.503,20,Blues
Lady America,1979,407800,4,0.649,0.84,5,-7.713,1,0.0411,0.000681,0.00658,0.375,0.921,128.02,23,Disco
You Are Everything,1972,175000,4,0.507,0.636,2,-7.538,0,0.0401,0.849,0.0,0.646,0.702,142.248,60,Pop
Engine Number 9 - Single Version,1966,171600,4,0.577,0.853,10,-8.097,0,0.112,0.00585,0.00699,0.0612,0.882,191.255,37,R&B
ABC,1970,174866,4,0.574,0.786,8,-8.469,1,0.0641,0.519,0.000941,0.11,0.952,188.119,67,R&B
Run This Town,2008,267520,4,0.632,0.924,1,-1.802,1,0.29,0.281,0.0,0.263,0.441,86.844,77,Rap
Itsbynne Reel,1987,463293,4,0.479,0.425,0,-14.7,1,0.0365,0.226,0.402,0.0972,0.535,124.876,12,Jazz
Back On The Chain Gang,1983,231000,4,0.598,0.901,2,-6.081,1,0.0359,0.116,0.0401,0.178,0.814,153.24,61,Pop
Midnight In Montgomery,1992,225133,4,0.595,0.253,2,-12.354,0,0.0297,0.481,2.25e-06,0.105,0.123,139.861,51,Country
Space Race,1973,210906,4,0.633,0.933,9,-2.795,1,0.0821,0.125,0.671,0.0514,0.611,107.483,17,Funk
Unfunky UFO,1975,264093,4,0.673,0.682,2,-9.991,1,0.0633,0.252,0.000193,0.0308,0.941,98.277,39,Funk
Killer Klowns,1980,275920,4,0.331,0.907,0,-3.262,0,0.0558,0.0225,1.6e-05,0.118,0.16,134.361,47,Punk
Flash To The Rescue,1980,163000,4,0.616,0.556,9,-15.313,1,0.137,0.185,0.625,0.288,0.0759,113.361,6,Rock
Endless Love (with Mariah Carey),1994,259665,4,0.413,0.477,10,-7.748,1,0.0264,0.747,2.39e-06,0.122,0.241,95.958,62,R&B
Why Can't We,1976,213000,4,0.442,0.508,0,-7.628,1,0.0279,0.223,0.0593,0.319,0.468,89.558,19,Rock
Cherry Red Wine,1994,261573,3,0.229,0.848,2,-5.847,0,0.0833,0.0559,0.128,0.353,0.518,178.353,23,Blues
Walk Through This World With Me,1967,138000,4,0.457,0.208,7,-15.614,1,0.0279,0.573,2.79e-05,0.121,0.426,94.433,42,Country
Mad Scientist,1996,261733,4,0.776,0.568,7,-5.273,1,0.22,0.0058,5.2e-06,0.721,0.492,86.077,32,Rap
Mellow Mood,1973,231733,4,0.73,0.561,0,-12.851,1,0.203,0.0361,0.0473,0.0493,0.691,80.892,51,Reggae
Man! I Feel Like A Woman!,1999,233414,4,0.69,0.74,10,-3.342,1,0.0351,0.447,0.0,0.0858,0.657,125.092,72,Country
Day 'N' Nite (nightmare),2008,221240,4,0.881,0.442,11,-6.278,0,0.0651,0.48,9.08e-06,0.12,0.803,138.014,70,Rap
Hooked On A Feeling,1974,172000,4,0.547,0.82,8,-6.728,1,0.0805,0.261,0.0,0.3,0.933,118.208,68,Pop
Skillet,1982,371160,4,0.619,0.98,6,-7.223,0,0.0688,0.00722,5.67e-06,0.366,0.373,110.797,15,Funk
Do You Love Me,1962,172000,4,0.596,0.793,5,-6.611,1,0.0421,0.586,1.86e-06,0.108,0.8,150.256,66,Pop
"Please,Please,Please,Let Me Get What I Want - 2011 Remaster",1984,112706,3,0.241,0.468,2,-9.579,1,0.0272,0.534,0.0,0.161,0.451,91.581,77,Alt. Rock
The Hunter Gets Captured By The Game,1967,170946,4,0.665,0.367,11,-11.428,0,0.0318,0.323,1.93e-06,0.0768,0.702,115.069,30,R&B
Never Say Never Again,1969,208000,4,0.516,0.515,9,-12.759,1,0.0335,0.0152,0.0,0.0781,0.671,76.345,11,Rock
I Wonder What She’s Doing Tonight,1968,161000,4,0.57,0.687,10,-12.237,1,0.0305,0.302,0.00383,0.757,0.971,136.524,38,Pop
Hello Darlin',1970,149133,3,0.276,0.235,0,-14.352,1,0.0315,0.94,1.01e-05,0.132,0.472,170.55,61,Country
All Or Nothing (feat. Axel Ehnström),2016,157493,4,0.773,0.775,11,-6.877,0,0.0439,0.248,0.0278,0.107,0.173,125.971,33,EDM
Cannonball,1993,213693,4,0.502,0.758,3,-9.76,1,0.0407,0.00915,0.783,0.284,0.729,112.499,64,Alt. Rock
Tearing,1992,296200,4,0.307,0.923,9,-9.825,1,0.1,4.74e-05,0.386,0.297,0.463,164.224,20,Punk
Look Me Up,1975,353466,4,0.697,0.691,6,-11.936,1,0.0555,0.26,0.0154,0.11,0.762,125.43,25,Disco
The Shadow of Your Smile,1981,406040,4,0.763,0.72,6,-12.251,0,0.0594,0.0139,0.453,0.0501,0.748,112.854,24,Disco
Under the Boardwalk,1964,161960,4,0.747,0.226,7,-13.635,1,0.0414,0.908,0.000168,0.107,0.778,123.792,67,R&B
Family,2012,261000,3,0.562,0.503,8,-7.11,1,0.0239,0.134,0.0,0.208,0.159,103.998,21,Rock
Crying In The Rain,1962,120000,4,0.61,0.379,2,-9.381,1,0.0278,0.622,0.0,0.144,0.48,97.166,59,Pop
Off You,1993,295666,4,0.464,0.102,10,-18.76,1,0.0319,0.965,0.0277,0.108,0.0642,81.165,45,Alt. Rock
Papa Was A Rollin' Stone - Single Version,1972,419640,4,0.817,0.405,10,-13.513,0,0.0811,0.451,0.0507,0.0468,0.898,121.467,64,R&B
Wind Of Change,1990,312000,4,0.452,0.524,0,-10.108,1,0.0351,0.315,0.0,0.103,0.246,151.505,79,Metal
Mr. Loverman (feat. Chevelle Franklin),1994,337800,4,0.736,0.604,7,-11.026,1,0.163,0.0103,5.98e-05,0.13,0.685,172.959,44,Reggae
Home of the Brave,1988,408000,4,0.516,0.492,4,-16.019,1,0.0416,0.034,0.00103,0.335,0.318,155.99,40,Rock
Joy,1972,150000,4,0.788,0.898,10,-4.653,0,0.0592,0.0182,0.000123,0.114,0.496,115.96,80,Pop
Wish It Was You,2019,192000,4,0.644,0.616,1,-3.928,0,0.0391,0.0927,0.0,0.105,0.467,124.957,53,EDM
Candle In The Wind - Remastered 2014,1973,228000,4,0.602,0.536,4,-9.74,1,0.0288,0.183,1.9e-05,0.0802,0.506,124.558,68,Rock
Bloodshot Eyes,1951,160827,4,0.558,0.509,8,-7.904,1,0.201,0.381,0.0,0.295,0.96,176.641,32,R&B
Nutshell,1994,259200,3,0.384,0.561,3,-10.059,0,0.0296,0.373,0.253,0.0775,0.159,136.136,72,Alt. Rock
How The Gods Kill,1992,356400,4,0.303,0.27,3,-12.003,0,0.031,0.0147,0.00401,0.0661,0.0461,89.386,48,Metal
Don't Let Our Love Start Slippin' Away,1990,224800,4,0.736,0.719,3,-9.311,1,0.0313,0.42,0.000851,0.35,0.657,113.228,58,Country
My Life (Throw It Away If I Want To),1969,163306,4,0.613,0.612,7,-7.622,1,0.0401,0.713,0.0,0.715,0.915,112.966,15,Country
Lay Lady Lay,1969,197000,4,0.52,0.179,11,-21.976,0,0.0454,0.356,0.00344,0.131,0.407,155.746,62,Pop
Jump,1984,218000,4,0.811,0.823,4,-5.921,0,0.0423,0.0553,4.52e-06,0.158,0.827,106.929,76,Pop
Lady Samantha,1969,174000,4,0.241,0.672,10,-6.881,0,0.0408,0.479,1.97e-06,0.0908,0.544,168.836,13,Rock
Amanda,1986,256000,4,0.449,0.424,7,-14.06,1,0.0323,0.32,1.69e-06,0.107,0.259,125.494,62,Pop
Sad Songs (SAY So Much),1984,295000,4,0.761,0.742,0,-11.207,1,0.025,0.0898,0.000951,0.0512,0.94,107.395,54,Pop
Downfall,2008,280546,4,0.44,0.952,3,-3.691,1,0.0572,0.00115,0.896,0.0925,0.246,99.538,47,Metal
Jealousy,1978,193000,4,0.582,0.476,3,-9.842,1,0.0291,0.209,0.0,0.244,0.207,80.547,18,Rock
Sleeping Sun,1999,245000,4,0.336,0.573,2,-6.454,0,0.0303,0.0089,0.0,0.102,0.0735,110.336,53,Metal
Midnight Special - Remastered 2002,1934,185520,4,0.521,0.255,4,-12.747,0,0.0645,0.906,0.0,0.203,0.625,148.401,35,Blues
John Wayne Was a Nazi,1983,122160,4,0.384,0.917,2,-9.929,1,0.305,0.000169,0.00101,0.155,0.392,140.494,37,Punk
Heartless,2008,211000,4,0.79,0.647,10,-5.983,0,0.136,0.0515,0.0,0.248,0.654,87.999,84,Rap
I Saw Your Mommy...,1986,292800,4,0.32,0.715,4,-8.86,1,0.0536,0.00704,0.0,0.338,0.771,95.547,40,Punk
Try a Little Tenderness,1966,201733,4,0.587,0.133,9,-15.151,0,0.0565,0.186,2.26e-05,0.258,0.068,102.938,63,R&B
Mmm Mmm Mmm Mmm,1993,235173,4,0.58,0.575,3,-7.72,1,0.0231,0.25,1.83e-05,0.0813,0.37,92.934,64,Alt. Rock
Uhh Ahh,1991,228866,4,0.722,0.658,2,-8.236,1,0.081,0.151,0.0,0.233,0.647,126.008,39,R&B
Kiss And Say Goodbye,1976,266000,4,0.645,0.42,10,-10.09,1,0.0624,0.555,0.0,0.125,0.583,129.084,61,Pop
Die for the Government,1996,219773,4,0.53,0.67,9,-7.532,1,0.236,0.0167,0.00106,0.19,0.759,159.093,41,Punk
Endless Summer Nights,1988,270000,4,0.582,0.467,10,-12.597,1,0.0391,0.12,0.0,0.298,0.879,165.21,58,Pop
Hickory Wind,1968,211173,3,0.444,0.409,7,-11.623,1,0.0283,0.275,0.0075,0.173,0.544,105.172,34,Folk
Freak Me,1993,208000,4,0.797,0.353,6,-9.931,0,0.369,0.59,0.0,0.102,0.0731,87.997,75,Pop
Crazy,2016,153391,4,0.765,0.762,11,-5.069,0,0.123,0.42,8.58e-05,0.104,0.444,114.975,69,EDM
Coolin Off With Ulanov,1955,171973,4,0.514,0.181,1,-17.161,1,0.0431,0.993,0.871,0.129,0.534,168.003,12,Jazz
Can’t You See,1995,214000,3,0.441,0.471,8,-5.446,0,0.0491,0.335,1.82e-05,0.107,0.378,101.921,41,Pop
I Want To Be Your Man,1988,251000,4,0.408,0.513,8,-12.146,1,0.0762,0.0468,0.0,0.112,0.426,81.925,53,Pop
Be My Baby,1963,160000,4,0.512,0.771,4,-7.006,1,0.0402,0.168,0.0,0.0895,0.803,129.639,79,Pop
Continuum,1976,273333,4,0.349,0.207,4,-20.612,1,0.0355,0.952,0.694,0.0988,0.51,114.142,35,Jazz
What I Needed,2008,328000,4,0.473,0.677,7,-5.382,1,0.0342,0.0531,0.0,0.1,0.158,115.955,21,Rock
If You Feel It,1977,356120,4,0.856,0.546,2,-12.595,1,0.0701,0.121,0.0581,0.0633,0.942,119.761,23,Disco
Them Bones (2022 Remaster),1992,149466,1,0.16,0.954,9,-5.179,1,0.0685,0.023,4.01e-06,0.372,0.336,165.223,70,Metal
Blue Monday,1956,143666,3,0.388,0.832,11,-9.718,1,0.0385,0.592,0.0,0.135,0.91,151.298,44,R&B
You Belong To Me,1962,231000,4,0.632,0.773,6,-4.856,1,0.0346,0.0623,0.0,0.0885,0.474,130.033,81,Pop
Cruisin',1995,384666,4,0.373,0.525,1,-12.728,0,0.169,0.38,0.000454,0.0816,0.328,74.764,54,R&B
Look At Granny Run Run - Remastered,1974,150000,4,0.713,0.976,9,-2.888,1,0.0368,0.191,4.65e-06,0.352,0.953,116.922,11,Rock
Echo (feat. Jonathan Mendelsohn),2015,308307,4,0.625,0.942,1,-4.167,0,0.0438,0.00215,0.263,0.0944,0.121,129.975,31,EDM
Could’ve Been,1988,177000,4,0.492,0.716,11,-5.652,0,0.0876,0.209,0.0,0.3,0.964,82.724,23,Pop
Teenagers From Mars,1981,170706,4,0.347,0.945,4,-9.165,1,0.0469,0.274,0.648,0.168,0.462,164.606,40,Punk
Never Lie,1994,224000,4,0.782,0.641,3,-6.431,1,0.0275,0.332,0.00923,0.108,0.522,107.997,67,Pop
Mary Lou,1976,178000,4,0.571,0.847,9,-5.694,1,0.163,0.17,3.84e-05,0.273,0.404,130.719,33,Rock
Wings Of A Dove,1961,139000,3,0.471,0.56,4,-11.716,1,0.0405,0.469,0.0,0.123,0.925,184.41,46,Pop
Peek-A-Boo,1982,180733,4,0.772,0.77,0,-11.888,1,0.0691,0.228,0.703,0.0923,0.714,145.024,32,Alt. Rock
Be Blessed,2005,345040,4,0.67,0.503,8,-6.799,1,0.0449,0.139,0.0,0.0905,0.186,110.109,42,Gospel
No Son Of Mine,1992,208000,4,0.535,0.972,9,-4.428,1,0.0844,0.00131,0.000471,0.0788,0.436,124.971,54,Pop
Burning Heart,1986,262000,4,0.515,0.755,5,-3.724,1,0.0383,0.0633,0.00101,0.107,0.165,140.101,72,Pop
Rock Lobster,1978,409400,4,0.592,0.882,8,-8.315,1,0.0468,0.00884,0.0155,0.0506,0.442,92.157,59,Alt. Rock
Don’t Let The Sun Catch You Crying,1964,157000,4,0.477,0.352,1,-14.165,1,0.03,0.406,0.0,0.122,0.478,106.773,49,Pop
"No Matter What You Do - Benny Benassi Presents the Biz,Sfact Video Edit",2008,207020,4,0.731,0.813,11,-2.323,1,0.175,0.43,3.91e-06,0.16,0.665,130.023,31,EDM
Drug (It's Just a State of Mind),1988,278000,4,0.73,0.801,0,-14.601,1,0.0443,0.00598,0.00761,0.246,0.89,120.346,9,Rock
Them Bones (2022 Remaster),1992,149466,1,0.16,0.954,9,-5.179,1,0.0685,0.023,4.01e-06,0.372,0.336,165.223,70,Alt. Rock
The Name of Jesus - Live in Concert,2016,490000,3,0.239,0.959,11,-3.138,1,0.187,0.0414,0.0,0.877,0.417,149.927,39,Gospel
Fragile,2013,236373,3,0.715,0.468,2,-7.664,0,0.147,0.0994,0.0,0.125,0.673,194.902,55,Rap
Air Force Ones,2002,304000,4,0.783,0.459,4,-9.74,0,0.317,0.084,0.0,0.079,0.622,164.062,61,Rap
Tempted to Touch,1990,228600,4,0.727,0.469,0,-16.572,1,0.0718,0.000409,0.00218,0.0266,0.667,82.201,46,Reggae
Look into the Future,1976,490000,4,0.277,0.652,2,-9.569,1,0.0533,0.048,0.047,0.119,0.19,117.748,23,Rock
Quitting Time,1979,259200,4,0.297,0.168,11,-14.368,1,0.0309,0.485,0.000412,0.0998,0.431,136.7,20,Folk
Born A Woman,1966,197000,4,0.542,0.342,11,-8.197,1,0.0271,0.712,0.000298,0.173,0.351,128.914,34,Pop
Stand Up,2003,213760,4,0.751,0.84,6,-4.855,1,0.349,0.367,0.0,0.0916,0.801,99.057,60,Rap
Handy Man,1977,196000,4,0.804,0.233,2,-14.17,1,0.0312,0.64,0.106,0.0854,0.583,90.639,56,Pop
Everything She Wants,1985,302000,4,0.899,0.459,6,-15.557,0,0.0366,0.322,0.00406,0.165,0.962,115.09,67,Pop
Tired,2019,192111,4,0.69,0.876,2,-4.159,1,0.059,0.0428,0.0,0.147,0.493,123.994,61,EDM
Boyz-N-The-Hood - Remix,1987,379733,4,0.837,0.692,7,-4.251,1,0.337,0.0383,0.0,0.212,0.805,87.775,62,Rap
Spain (I Can Recall),1981,396400,4,0.569,0.842,11,-5.74,0,0.11,0.0658,3.18e-06,0.115,0.459,122.889,33,Jazz
On The Beach At Waikiki - Version 1,1963,175600,4,0.435,0.475,4,-14.887,1,0.0284,0.823,0.942,0.323,0.555,106.823,20,Folk
The Shadow Of Love,1985,229960,4,0.483,0.6,5,-11.83,1,0.0323,0.159,0.299,0.521,0.655,109.925,42,Punk
One,1988,446000,3,0.438,0.687,7,-9.15,1,0.0619,0.000668,0.0801,0.42,0.426,103.01,49,Metal
Dance (Disco Heat),1978,355263,4,0.768,0.79,3,-10.469,1,0.0312,0.007,0.186,0.0678,0.956,132.729,38,Funk
Wail Bait - Remastered,1995,242826,4,0.629,0.404,5,-9.286,0,0.0389,0.884,0.442,0.121,0.597,83.311,10,Jazz
Four Women,1966,264666,4,0.455,0.206,9,-14.855,0,0.0331,0.885,0.000108,0.067,0.335,166.946,40,Jazz
Silver Spoon,1989,281000,4,0.526,0.822,11,-10.666,1,0.0384,0.0771,0.137,0.145,0.667,128.247,25,Rock
Greyhound,2012,410096,4,0.723,0.806,0,-4.989,1,0.0521,0.00666,0.876,0.276,0.539,124.976,61,EDM
Germ Free Adolescents,1978,196533,4,0.347,0.854,7,-3.736,1,0.0963,0.0117,0.272,0.623,0.383,132.16,12,Punk
Live Wire,1981,194000,4,0.411,0.904,7,-6.652,0,0.063,9.37e-05,7.57e-06,0.565,0.679,112.24,64,Metal
Angels (feat. Kat Nestel) - Radio Edit,2015,214325,4,0.527,0.846,1,-3.721,0,0.121,0.0335,0.000133,0.144,0.554,128.026,55,EDM
"Babe,I'm Gonna Leave You",1962,192493,4,0.346,0.187,10,-19.92,0,0.0641,0.955,0.0846,0.846,0.402,93.231,26,Folk
We’ve Got Tonight,1983,215000,4,0.379,0.387,8,-9.283,1,0.0278,0.757,0.0,0.103,0.222,61.53,26,Pop
Wonder (feat. The Kite String Tangle),2018,291224,4,0.655,0.809,7,-3.678,0,0.0334,0.0426,0.000505,0.286,0.272,123.0,41,EDM
Bottle of Wine,1964,142773,4,0.561,0.312,7,-13.931,1,0.0367,0.821,1.49e-06,0.112,0.634,85.57,24,Folk
On Your Own - Remastered 2016,1997,213733,4,0.447,0.711,4,-7.291,0,0.0237,0.359,2.81e-06,0.247,0.379,86.217,45,Alt. Rock
Falling to Pieces,1995,313573,4,0.545,0.919,2,-7.679,1,0.0484,0.00272,0.00511,0.0977,0.387,104.366,52,Metal
Garden Shed (feat. Estelle),2017,223946,4,0.423,0.456,2,-8.45,0,0.0579,0.381,0.016,0.12,0.148,112.984,63,Rap
Hear Nothing See Nothing Say Nothing,1982,89386,4,0.297,0.961,1,-4.473,1,0.0586,2.92e-06,0.75,0.339,0.0877,77.946,37,Punk
Little Sir Hugh - 2009 Remaster,1971,284960,4,0.645,0.431,9,-9.802,1,0.0319,0.153,3.03e-05,0.114,0.595,131.9,14,Folk
I Found Love (Cindy's Song),1987,238586,4,0.548,0.496,6,-7.205,1,0.0382,0.536,0.0,0.165,0.175,139.908,41,Gospel
Please Come To Boston,1974,246000,4,0.563,0.418,4,-8.503,1,0.0287,0.374,0.0,0.102,0.347,133.493,45,Pop
Wasting Love,1982,351000,4,0.328,0.667,4,-5.373,0,0.0322,0.00569,3.56e-05,0.0873,0.291,140.38,44,Rock
Old Rivers,1962,284000,4,0.436,0.895,11,-6.458,1,0.0703,1.69e-05,0.707,0.421,0.223,114.877,34,Pop
I'll Be Home On Tuesday - Take 2,2004,205573,4,0.691,0.492,0,-10.295,1,0.0352,0.00948,0.884,0.0724,0.839,131.746,37,Blues
Crosscut Saw - Mono Mix,1967,156397,4,0.84,0.412,1,-14.23,1,0.056,0.0217,0.784,0.041,0.963,122.807,47,Blues
Saw A New Morning,1973,253000,4,0.452,0.341,9,-13.42,1,0.0313,0.106,0.000571,0.214,0.187,111.038,25,Rock
Valotte,1985,257000,4,0.571,0.512,0,-9.73,1,0.0259,0.238,0.0773,0.0998,0.188,72.17,38,Pop
Back And Forth,1987,392266,4,0.908,0.424,6,-13.362,0,0.0485,0.0495,0.00636,0.0467,0.941,112.142,37,Funk
We're Going to Be Friends,2002,140178,4,0.534,0.441,7,-5.752,1,0.0303,0.661,0.0,0.0934,0.439,97.009,67,Alt. Rock
Little Boy Blues,1975,186133,4,0.753,0.306,2,-12.919,1,0.0379,0.911,0.000293,0.108,0.706,84.094,16,Blues
Show Me Love,1993,252000,4,0.811,0.833,5,-4.259,1,0.153,0.014,2.06e-05,0.0769,0.567,120.258,71,Pop
Never Gonna Stop - Remastered,1978,282863,4,0.747,0.501,5,-9.18,1,0.244,0.268,0.0,0.122,0.703,90.582,24,Disco
I Surrender All,2012,401266,4,0.538,0.374,8,-7.711,1,0.0337,0.335,1.06e-06,0.392,0.0789,117.707,31,Gospel
Katmandu,1975,367000,4,0.616,0.943,9,-3.87,1,0.0684,0.211,1.83e-05,0.278,0.937,140.366,43,Rock
Rose Garden,1994,269000,4,0.624,0.557,7,-8.687,1,0.0239,0.206,0.0,0.14,0.495,81.999,19,Rock
Riverside,2015,225000,4,0.595,0.714,2,-9.6,1,0.0356,0.288,0.0261,0.137,0.871,81.603,12,Rock
Lester Leaps In (feat. Lester Young),1939,191106,4,0.525,0.0711,2,-23.405,0,0.0655,0.984,0.903,0.111,0.403,124.102,13,Jazz
A World Of Our Own,1967,150240,3,0.395,0.699,0,-8.481,1,0.0314,0.348,7.13e-06,0.3,0.891,152.002,30,Country
Silly Love Songs,1976,354000,4,0.742,0.471,0,-10.767,1,0.0326,0.134,0.0903,0.284,0.815,124.95,63,Pop
Crystal Blue Persuasion,1969,242000,4,0.621,0.341,9,-11.447,1,0.049,0.102,7.78e-05,0.0652,0.578,98.554,53,Pop
Burn Rubber On Me (Why You Wanna Hurt Me),1980,252306,4,0.764,0.733,11,-10.763,0,0.0538,0.0986,0.00104,0.171,0.887,116.185,53,Funk
Some Might Say - Remastered,1995,327920,4,0.259,0.927,0,-2.277,0,0.092,0.165,0.013,0.287,0.0734,110.156,55,Alt. Rock
Jim Dandy,1956,130946,4,0.626,0.768,1,-7.925,1,0.197,0.763,0.0,0.384,0.912,171.459,36,R&B
Adia / Angel,1998,250000,4,0.354,0.613,3,-6.412,1,0.0353,0.812,3.12e-06,0.763,0.322,151.43,25,Pop
I Just Want To Celebrate,1971,217000,4,0.446,0.929,9,-7.7,1,0.234,0.105,1.59e-06,0.015,0.652,176.462,48,Pop
Antidote,2015,262693,4,0.714,0.527,1,-5.046,1,0.0322,0.00787,0.00015,0.124,0.123,131.046,74,Rap
Crash into Me,1996,316466,4,0.541,0.677,4,-10.764,1,0.0373,0.122,0.0191,0.0938,0.555,101.1,65,Alt. Rock
Miss You Much,1989,252000,4,0.702,0.975,6,-7.968,0,0.0396,0.0305,0.000134,0.165,0.646,115.185,49,Pop
"Something Sweet,Something Tender - Remastered 1998/Rudy Van Gelder Edition",1964,363893,4,0.387,0.254,6,-8.792,1,0.0328,0.944,0.861,0.119,0.0691,135.05,22,Jazz
Love Me With All Your Heart (CUANDO Calienta El Sol),1964,201000,4,0.379,0.468,2,-11.12,1,0.0293,0.308,9.79e-05,0.241,0.402,87.122,54,Pop
Never Keeping Secrets,1994,293000,4,0.693,0.648,11,-6.411,0,0.0248,0.0949,0.0,0.14,0.319,113.117,44,Pop
Believe,1995,204000,4,0.776,0.78,10,-4.374,0,0.128,0.0622,0.0,0.081,0.666,124.949,86,Pop
Country Sunshine,1973,123666,4,0.453,0.51,0,-8.94,1,0.0357,0.458,0.0,0.106,0.747,83.045,35,Country
The Hero's Return,1983,162000,4,0.55,0.351,7,-13.766,1,0.0443,0.531,0.00602,0.15,0.237,118.061,38,Rock
My Kinda Girl,1993,279266,4,0.711,0.804,4,-7.148,0,0.0445,0.0548,0.000314,0.0732,0.69,99.927,25,R&B
Mule - Remastered,1965,416986,3,0.544,0.053,0,-15.523,1,0.0527,0.921,2.1e-05,0.098,0.219,175.074,35,Jazz
United We Stand,1970,237000,4,0.388,0.901,9,-6.846,0,0.122,0.0077,0.385,0.119,0.146,169.985,47,Pop
Lullaby Of Birdland,1954,240866,4,0.578,0.351,11,-12.432,0,0.101,0.812,0.0,0.123,0.476,122.75,50,Jazz
This Will Be,1975,171000,4,0.685,0.623,8,-11.146,1,0.042,0.228,0.00234,0.0295,0.896,126.739,74,Pop
Epic,1990,293000,4,0.358,0.893,4,-7.486,0,0.12,0.0222,0.0524,0.126,0.262,174.238,65,Pop
Concierto de Aranjuez: Adagio,1960,981825,4,0.26,0.0663,2,-24.198,0,0.041,0.91,0.421,0.322,0.0394,108.056,35,Jazz
Don’t Let It End,1983,220000,4,0.578,0.703,9,-7.816,0,0.0291,0.207,8.14e-05,0.109,0.969,175.327,26,Pop
Goodbye Pork Pie Hat,1959,342373,3,0.356,0.0937,8,-16.64,0,0.0353,0.957,0.096,0.209,0.278,86.669,52,Jazz
Heart Of Steel,2010,207880,4,0.685,0.484,2,-5.482,1,0.105,0.0741,0.0279,0.108,0.242,171.987,26,Funk
Nothing Ever Changes - 2016 Remaster,1983,249000,4,0.676,0.837,7,-8.394,0,0.0273,0.209,0.00714,0.0517,0.729,114.606,24,Rock
Work Song - Remastered,1995,307626,4,0.502,0.312,1,-12.822,1,0.122,0.724,0.00453,0.0839,0.544,169.891,35,Jazz
When the Crowds Are Gone,1991,346333,4,0.355,0.447,7,-11.647,0,0.0385,0.409,0.0015,0.0761,0.315,127.691,27,Metal
Happy Together,1967,176000,4,0.584,0.367,6,-9.638,0,0.0328,0.55,1.38e-05,0.0818,0.588,120.175,76,Pop
Mony Mony,1968,301000,4,0.742,0.743,10,-6.293,0,0.0508,0.00935,0.0,0.22,0.485,135.012,63,Pop
Reach Out I’ll Be There,1966,301000,4,0.655,0.258,2,-11.523,0,0.0291,0.225,0.0534,0.138,0.431,80.096,17,Pop
You Got What It Takes,1960,168000,4,0.701,0.454,3,-11.871,1,0.0409,0.834,0.000138,0.449,0.819,132.297,48,Pop
Piano Improvisations - Live,1977,201000,4,0.345,0.752,6,-12.319,1,0.194,0.0468,0.062,0.0873,0.292,140.181,7,Rock
Gold Digger,2005,207626,4,0.629,0.696,1,-5.572,0,0.348,0.0195,0.0,0.0554,0.623,93.034,80,Rap
King Without a Crown,2004,222386,4,0.697,0.859,5,-5.306,0,0.19,0.0349,0.0,0.0931,0.696,93.78,54,Reggae
Fine Line,1987,323000,4,0.617,0.337,9,-15.595,0,0.0296,0.629,0.0181,0.0895,0.29,128.051,24,Rock
Amsterdam,1995,285000,4,0.517,0.943,9,-4.923,1,0.0472,0.000641,0.0466,0.349,0.7,86.974,28,Rock
Caribou Lou (Album Version (Explicit)),2009,271813,4,0.783,0.815,1,-2.703,1,0.298,0.128,0.0,0.0757,0.554,178.117,56,Rap
Sweet Leaf,1971,304000,4,0.362,0.6,2,-12.285,1,0.0463,0.00183,0.0426,0.0814,0.658,148.462,54,Metal
Invisible Touch,1986,208000,4,0.617,0.931,0,-6.845,1,0.0345,0.186,0.00166,0.171,0.849,131.014,71,Pop
Honest I Do,1957,171733,3,0.8,0.359,1,-9.02,1,0.0317,0.658,0.0359,0.0667,0.553,103.589,25,Blues
Famous Blue Raincoat,1971,310773,3,0.474,0.0404,9,-22.208,0,0.0387,0.948,0.000263,0.111,0.18,119.415,57,Folk
Who Can I Run To,1995,216000,4,0.71,0.545,4,-9.599,1,0.0588,0.483,0.0,0.0644,0.632,140.233,56,Pop
All For You,1997,218000,4,0.633,0.754,8,-6.497,1,0.0382,0.0316,2.49e-05,0.091,0.641,137.049,65,Pop
Stormbringer,1974,246000,4,0.338,0.831,11,-11.448,0,0.0649,0.0131,8.08e-06,0.229,0.653,177.728,36,Metal
I Finally Found Someone,1997,221000,4,0.568,0.224,6,-15.069,1,0.0296,0.677,0.0,0.127,0.0709,138.964,62,Pop
Fish and Whistle,1984,194706,4,0.724,0.369,7,-15.259,1,0.0422,0.345,0.0,0.0592,0.86,82.941,53,Folk
The Cascades - A Rag,1904,189573,4,0.427,0.297,0,-21.465,1,0.044,0.961,0.852,0.0934,0.608,89.716,17,Jazz
Heart To Heart Talk,1950,161666,4,0.533,0.0836,2,-16.524,1,0.0297,0.784,0.0,0.117,0.434,102.2,13,Country
Somos Novios (IT’S Impossible),1971,187000,4,0.535,0.121,1,-16.361,1,0.0354,0.836,0.000298,0.12,0.234,82.477,29,Pop
Working on a Building,1988,269133,4,0.742,0.686,7,-10.878,1,0.0411,0.41,0.0,0.307,0.797,111.01,30,Gospel
"1,2,3,4 (Sumpin' New)",1996,213920,4,0.904,0.747,1,-7.218,0,0.157,0.296,0.00286,0.322,0.61,115.181,49,Rap
I'll Take You There,1987,259866,4,0.701,0.674,7,-10.153,1,0.0526,0.0416,0.000138,0.0874,0.88,99.019,31,Gospel
Frosty - Single Version,1962,185560,4,0.617,0.461,9,-13.32,0,0.0538,0.547,0.749,0.15,0.694,142.943,34,Blues
She's All I Got,1971,170626,4,0.613,0.542,0,-12.121,0,0.0427,0.787,0.0,0.215,0.806,141.334,43,Country
Three Wooden Crosses,2002,201240,4,0.534,0.547,1,-7.915,1,0.0323,0.498,0.0,0.0897,0.423,158.006,64,Country
I Don't Wanna Stop - Live,2007,223000,4,0.404,0.987,5,-5.121,1,0.163,0.0183,3.38e-05,0.983,0.239,137.097,26,Rock
Praise Ye Jah,2005,230466,4,0.827,0.718,7,-8.036,0,0.0493,0.105,0.0,0.0581,0.723,131.498,38,Reggae
Downtown Train,1990,232000,4,0.648,0.363,3,-15.848,1,0.0909,0.482,0.109,0.0923,0.696,115.765,50,Pop
I Love Music,1976,132000,4,0.516,0.321,3,-12.192,1,0.0755,0.678,0.00412,0.243,0.748,180.041,58,Pop
Quickie,1983,396666,4,0.71,0.579,7,-11.188,1,0.0446,0.00273,0.00189,0.0655,0.764,111.991,16,Funk
Closer To Free,1996,188000,4,0.497,0.943,7,-4.792,1,0.0412,0.000627,0.000698,0.731,0.702,98.155,42,Pop
The Rock Show,2001,171600,4,0.409,0.959,9,-4.563,1,0.0869,0.000324,0.0,0.0766,0.83,193.144,69,Alt. Rock
Rock and Roll - Remaster,2007,220000,4,0.317,0.879,9,-7.533,1,0.0406,0.00091,0.00142,0.0972,0.849,169.534,47,Rock
The Battle of Epping Forest,1973,703000,1,0.459,0.66,11,-9.61,1,0.0731,0.0265,1.08e-05,0.0811,0.507,135.776,38,Rock
"Pick Me Up,I'll Dance - 12"" Mix",1980,419200,4,0.701,0.696,5,-9.313,1,0.0471,0.0165,3.27e-05,0.24,0.899,127.719,28,Disco
Love's Theme,1973,246266,4,0.496,0.563,4,-12.129,0,0.0337,0.000835,0.804,0.373,0.723,97.136,58,Disco
Curse of the Pharaohs,1983,237106,4,0.32,0.798,4,-9.999,1,0.0777,0.000113,0.0779,0.132,0.544,137.591,40,Metal
Masterplan,1980,190120,4,0.278,0.889,9,-3.337,0,0.0549,0.000845,0.763,0.122,0.437,96.78,17,Punk
Interstate Love Song,1994,193613,4,0.214,0.947,4,-5.053,1,0.0509,0.000553,0.00322,0.238,0.484,170.748,53,Alt. Rock
Everything,2018,140744,4,0.781,0.656,10,-5.403,0,0.319,0.182,0.0,0.123,0.315,95.873,50,Rap
Mommy's Little Monster,1983,212697,4,0.151,0.851,2,-8.592,1,0.0496,0.000248,0.0,0.147,0.471,179.077,45,Alt. Rock
Can You Feel It,1980,359906,4,0.894,0.607,11,-8.274,1,0.0415,0.0833,0.000249,0.31,0.911,125.466,55,Disco
Jelly Roll,1938,171733,4,0.637,0.321,8,-9.041,1,0.0772,0.876,0.000125,0.143,0.759,157.399,35,Jazz
Fried Hockey Boogie,1968,668106,4,0.424,0.509,9,-11.808,0,0.0634,0.0228,0.183,0.115,0.405,137.106,26,Blues
Hello Mary Lou,1961,138000,4,0.602,0.633,9,-9.756,1,0.0314,0.502,0.0,0.0614,0.931,98.995,57,Pop
Love Bites,1987,346000,4,0.59,0.743,0,-7.078,0,0.0347,0.067,0.00093,0.0847,0.412,129.79,57,Metal
Ain't Nobody But Me,1975,314000,3,0.512,0.585,1,-8.911,1,0.036,0.0982,0.00234,0.646,0.632,101.771,41,Rock
Poison,1990,212000,3,0.689,0.394,2,-10.102,0,0.065,0.711,0.000905,0.0859,0.382,117.489,79,Pop
Kill EVERYBODY,2010,297986,4,0.788,0.874,0,-3.336,1,0.0805,0.00219,0.00231,0.0998,0.629,126.988,49,EDM
Hang Tough,1989,262493,4,0.375,0.856,11,-8.334,0,0.0614,0.041,1.44e-06,0.0949,0.205,91.049,42,Metal
Imaginary Lover,1978,307000,4,0.598,0.374,9,-14.085,0,0.0259,0.383,0.548,0.128,0.413,109.499,43,Pop
Car Wash - Single Version,1976,198520,4,0.764,0.625,9,-8.185,0,0.184,0.227,4.59e-05,0.0335,0.828,114.928,45,Disco
My Little Brown Book,1940,319733,4,0.381,0.187,7,-13.497,0,0.0322,0.942,0.135,0.161,0.215,70.418,58,Jazz
Giving Him Something He Can Feel,1992,235706,3,0.496,0.298,9,-10.175,0,0.0405,0.306,1.72e-06,0.0875,0.705,203.824,48,R&B
Come On Eileen,1983,287000,4,0.45,0.656,2,-7.049,1,0.0472,0.664,3.02e-06,0.259,0.782,106.61,77,Pop
Oleo - Instrumental,1972,308040,3,0.508,0.125,10,-25.957,0,0.0416,0.987,0.95,0.102,0.598,126.373,16,Jazz
Day In Day Out,1998,202920,4,0.441,0.976,2,-4.632,1,0.16,0.107,3.94e-06,0.357,0.608,141.28,32,SKA
The Foxtrot,1969,117293,4,0.648,0.526,10,-11.102,1,0.0994,0.638,0.332,0.112,0.81,81.273,30,Blues
Train Kept a Rollin',1974,333000,4,0.34,0.907,11,-7.065,0,0.0483,0.00367,0.00272,0.721,0.47,97.049,49,Rock
Baby (YOU’VE Got What It Takes),1960,168000,4,0.701,0.454,3,-11.871,1,0.0409,0.834,0.000138,0.449,0.819,132.297,48,Pop
He Stopped Loving Her Today,1980,195333,4,0.43,0.173,8,-18.597,1,0.0321,0.594,0.000111,0.224,0.365,72.103,51,Country
Freeze,1994,199725,3,0.411,0.872,7,-7.382,1,0.0618,0.194,0.105,0.301,0.823,95.728,27,Folk
Don't Start Me To Talkin',1955,156893,4,0.582,0.75,7,-11.206,1,0.113,0.54,8.25e-06,0.337,0.686,114.104,36,Blues
Magnet And Steel,1978,204000,3,0.719,0.395,1,-9.581,0,0.0335,0.349,5.07e-05,0.0716,0.718,113.036,49,Pop
Don't Take Me Alive,1976,256000,4,0.617,0.544,7,-9.529,0,0.0433,0.425,0.000948,0.34,0.623,119.068,51,Rock
Red Light Special,1994,303960,3,0.52,0.449,5,-8.957,0,0.0331,0.205,0.000687,0.191,0.364,189.243,55,R&B
Freight Train Blues,1941,158040,4,0.555,0.506,7,-10.239,1,0.147,0.804,1.53e-06,0.115,0.706,171.736,7,Country
Guerrilla Radio,1999,206200,4,0.599,0.957,11,-5.764,1,0.188,0.0129,7.06e-05,0.155,0.489,103.68,69,Alt. Rock
Tough Mama,1974,255000,4,0.527,0.869,11,-7.175,0,0.0874,0.527,3.31e-06,0.0735,0.891,164.806,27,Rock
Night Fever,1978,212000,4,0.733,0.795,1,-7.224,0,0.0249,0.0263,0.000952,0.083,0.892,109.121,75,Pop
Black Pit,1971,231000,4,0.343,0.521,11,-14.017,0,0.0299,0.0557,0.882,0.104,0.302,150.167,15,Rock
Stickshifts and Safetybelts,1996,128653,4,0.659,0.682,1,-9.668,0,0.137,0.416,0.0,0.314,0.913,141.556,44,Alt. Rock
Blue Moon,1958,596173,3,0.543,0.551,0,-14.095,1,0.0295,0.745,0.855,0.0593,0.849,104.545,8,Jazz
My Baby Loves Me - Single Version / Mono,1964,186200,4,0.483,0.744,10,-2.706,1,0.031,0.577,1.29e-06,0.264,0.745,104.292,26,R&B
Night Boat to Cairo,1980,211226,4,0.314,0.974,3,-5.011,0,0.0431,0.118,0.121,0.0749,0.598,155.551,37,SKA
"Audio,Video,Disco.",2011,292360,4,0.382,0.844,9,-7.148,1,0.0381,0.00348,0.392,0.362,0.173,152.028,42,EDM
Slow Down Sister,1990,357000,4,0.515,0.901,2,-6.128,1,0.0517,0.0578,0.000333,0.0899,0.48,94.935,17,Rock
Young World,1962,332000,4,0.779,0.705,8,-6.383,0,0.051,0.237,0.0,0.0899,0.451,122.996,57,Pop
California Dreamin' - Single Version,1965,162373,4,0.552,0.608,1,-9.786,0,0.0345,0.352,0.0,0.0533,0.637,112.367,80,Folk
All Girls Are The Same,2019,165819,4,0.671,0.529,0,-7.226,1,0.307,0.0769,0.000335,0.0856,0.203,161.989,82,Rap
Wrap It Up - LP / Single Version,1968,150760,4,0.787,0.362,1,-12.397,1,0.06,0.589,1.03e-06,0.083,0.738,112.872,39,R&B
Lucy In The Sky With Diamonds,1975,208000,1,0.311,0.325,2,-9.042,1,0.0283,0.0469,0.0,0.139,0.668,65.09,65,Pop
Don’t Say Nothin’ Bad (ABOUT My Baby),1963,162000,4,0.408,0.507,2,-7.616,1,0.0333,0.0707,2e-06,0.182,0.72,122.226,1,Pop
Plastic Cup Politics,2008,137120,4,0.387,0.922,4,-3.274,1,0.108,0.000338,0.0,0.0802,0.786,178.045,40,SKA
Down In A Hole (2022 Remaster),1992,338226,4,0.356,0.818,6,-5.343,1,0.0335,0.0122,0.000118,0.123,0.389,97.528,66,Metal
Bouncing With Bud,1955,362000,4,0.608,0.457,5,-10.616,1,0.0307,0.195,0.0,0.171,0.665,91.723,7,Jazz
Black and White,1982,217000,4,0.27,0.903,2,-12.262,1,0.129,0.00371,3.05e-06,0.114,0.0548,93.033,20,Punk
Everything Is Cool,1979,267573,4,0.732,0.9,0,-3.651,1,0.0873,0.34,0.00376,0.0799,0.791,102.818,9,Disco
This Love Of Ours,1978,213266,4,0.514,0.542,9,-10.298,1,0.0277,0.615,0.000169,0.123,0.393,107.687,13,Disco
The Sophisticated Hippie - Easy Mo Bee Remix,1964,413560,4,0.719,0.805,7,-9.966,0,0.0452,0.0311,0.236,0.0645,0.558,108.954,31,Jazz
I Need A Roof - 2001 Digital Remaster,1976,171160,4,0.702,0.567,0,-9.179,1,0.0409,0.298,2.92e-06,0.198,0.783,145.549,43,Reggae
Sugartime,1958,153000,4,0.414,0.577,0,-7.894,1,0.0518,0.618,0.0,0.27,0.862,192.845,32,Pop
If I Ever Fall In Love,1993,189000,4,0.402,0.205,6,-11.232,1,0.038,0.758,0.0,0.147,0.42,143.994,61,Pop
I'm Going Down Slow,1973,217266,1,0.503,0.392,0,-11.848,0,0.0311,0.815,0.107,0.106,0.694,130.565,1,Blues
Mockin' Bird Hill,1960,117893,3,0.679,0.504,2,-8.374,1,0.029,0.67,0.0,0.12,0.8,122.636,3,Folk
Cacophony,1979,101000,4,0.705,0.158,4,-11.493,0,0.0603,0.76,0.701,0.0597,0.566,120.199,19,Rock
Ocean Drive,2015,206320,4,0.686,0.718,8,-5.054,0,0.0431,0.00637,0.000703,0.119,0.557,115.026,68,EDM
"Nice in Nice - 7"" Edit",1981,233453,4,0.534,0.867,9,-9.634,1,0.047,5.9e-05,0.00458,0.038,0.689,141.438,21,Punk
Love Hurts,1975,233000,4,0.485,0.328,7,-11.853,1,0.0254,0.00596,0.0032,0.325,0.138,79.766,58,Metal
Brown Sugar,1995,262893,4,0.717,0.486,9,-8.342,1,0.169,0.529,0.0318,0.102,0.579,83.077,57,R&B
Never Ever,1998,136000,4,0.622,0.542,7,-6.215,0,0.051,0.387,0.0,0.114,0.939,174.494,65,Pop
Take It Away,1982,236000,4,0.594,0.815,8,-3.467,1,0.0423,0.367,0.0,0.0948,0.339,137.937,47,Pop
Contact - Extended Mix,1980,437600,4,0.771,0.818,6,-9.442,1,0.0666,0.0537,0.0225,0.0913,0.922,131.013,23,Disco
Alone Tonight - Above & Beyond Club Mix (Edit),2009,206400,4,0.506,0.822,3,-8.63,0,0.0497,0.255,0.0516,0.0775,0.37,137.909,33,EDM
How Awesome Is Our God (feat. Yolanda Adams),2003,309760,4,0.199,0.635,7,-3.963,0,0.0371,0.313,0.0,0.117,0.17,82.196,26,Gospel
Tear The Roof Up - Radio Edit,2013,195786,4,0.684,0.954,7,-3.406,1,0.0553,0.0233,0.305,0.0608,0.416,126.023,32,EDM
Make A Move On Me,1982,197000,4,0.765,0.667,9,-8.605,1,0.0456,0.409,0.00111,0.128,0.566,122.493,36,Pop
No Sleep Till Brooklyn,1986,246933,4,0.712,0.691,8,-8.157,1,0.128,0.122,0.0,0.0538,0.742,97.022,70,Alt. Rock
True Believers,1999,150293,4,0.237,0.981,0,-4.32,1,0.0989,0.000296,3.81e-05,0.202,0.475,98.181,50,Punk
Laughing,1969,140000,3,0.386,0.419,5,-9.712,1,0.0421,0.822,0.00152,0.267,0.425,99.014,54,Pop
She Used to Be Mine,1993,236000,4,0.504,0.396,7,-10.531,1,0.0286,0.128,0.0,0.144,0.214,172.4,39,Country
Don't Let Me Be Misunderstood,1964,166200,4,0.388,0.501,11,-11.296,0,0.0736,0.78,0.0,0.305,0.534,158.345,62,Jazz
Love on Me,2016,205026,4,0.485,0.91,9,-2.096,1,0.0977,0.113,0.0,0.138,0.649,124.18,52,EDM
Little Red Rooster,1961,215026,4,0.584,0.278,4,-18.566,1,0.0312,0.55,0.21,0.255,0.75,81.712,42,Blues
A Gal In Calico,1958,154826,4,0.542,0.331,5,-17.261,1,0.0407,0.98,0.899,0.104,0.714,102.678,24,Jazz
Peace Be Still,2012,389760,3,0.317,0.284,10,-15.075,1,0.0381,0.675,0.00716,0.12,0.263,135.33,27,Gospel
She’s Not You,1962,159000,4,0.77,0.435,0,-6.888,1,0.14,0.146,6.59e-06,0.0918,0.921,90.019,40,Pop
Iron Fist,1982,171906,4,0.304,0.947,1,-5.302,1,0.0917,0.000431,0.00192,0.156,0.427,145.324,45,Metal
Don't Leave Me This Way (feat. Teddy Pendergrass),1975,363973,4,0.472,0.71,0,-8.852,1,0.0599,0.278,1.36e-06,0.103,0.527,120.052,54,R&B
No More Tears (ENOUGH Is Enough),1980,282000,4,0.502,0.646,2,-8.235,0,0.0799,0.508,7.08e-05,0.32,0.261,135.209,45,Pop
One Thing Right,2019,181823,4,0.659,0.625,4,-2.253,1,0.045,0.0644,0.0,0.582,0.442,88.042,69,EDM
Public Enemy,2015,225624,4,0.576,0.968,6,-2.078,0,0.0554,1.48e-05,0.345,0.689,0.261,150.018,37,EDM
Jacob’s Ladder,1987,179000,4,0.537,0.445,2,-8.631,1,0.0329,0.848,0.0,0.221,0.733,157.598,24,Pop
Sweet Jane,1969,197826,4,0.629,0.51,2,-10.625,1,0.0317,0.00691,0.0,0.379,0.964,105.173,47,Alt. Rock
I’m Every Woman,1993,247000,4,0.617,0.901,0,-6.835,0,0.0448,0.123,7.18e-05,0.324,0.731,114.521,21,Pop
Kisses Sweeter Than Wine,1951,193800,4,0.474,0.194,7,-18.412,1,0.06,0.736,3.04e-06,0.815,0.344,143.483,11,Folk
Everybody Have Fun Tonight,1987,287000,4,0.728,0.619,9,-12.265,1,0.0379,0.0884,8.44e-05,0.039,0.747,128.845,54,Pop
Hello Stranger,1963,166000,4,0.458,0.164,0,-23.883,1,0.0304,0.743,0.0,0.125,0.82,103.32,52,Pop
Boot Scootin' Boogie,1991,198226,4,0.656,0.817,11,-4.296,0,0.0435,0.22,0.0,0.304,0.862,130.448,73,Country
Sunshine Of Your Love,1968,250000,4,0.683,0.594,2,-8.289,1,0.0347,0.385,8.61e-05,0.121,0.734,115.099,69,Pop
Walk Like An Egyptian,1987,204000,4,0.724,0.891,11,-7.818,1,0.0995,0.00344,4.72e-05,0.3,0.818,103.022,62,Pop
Holy Diver,1983,353786,4,0.476,0.901,8,-6.751,1,0.0975,0.0642,0.158,0.0557,0.109,91.955,60,Metal
Freak the Freak the Funk,1983,447733,4,0.859,0.729,1,-7.649,1,0.0684,0.0533,0.572,0.306,0.699,109.019,12,Funk
Gangsters of the Groove - Single Version,1978,242373,4,0.808,0.616,4,-6.677,1,0.0284,0.0178,0.00663,0.0917,0.805,113.064,24,Disco
Five More Hours,2015,211975,4,0.699,0.883,5,-3.226,0,0.219,0.0288,0.0,0.817,0.499,127.961,73,EDM
New Radio,1993,93493,4,0.368,0.981,3,-3.052,1,0.123,0.0104,0.00317,0.262,0.281,142.479,46,Punk
You're Good for Me,1962,184453,3,0.556,0.499,8,-10.801,1,0.0258,0.326,2.82e-05,0.106,0.798,97.785,1,R&B
Survival Of The Streets,1986,61361,4,0.37,0.966,2,-6.093,1,0.19,2.31e-05,0.848,0.31,0.461,91.537,27,Punk
Love In An Elevator,1989,321000,4,0.449,0.961,4,-4.305,1,0.0701,0.00854,0.00276,0.343,0.602,93.956,54,Pop
Late Night Blues,1976,230786,4,0.634,0.325,7,-19.432,1,0.201,0.0884,0.0,0.131,0.397,73.177,9,Reggae
Death Letter Blues,1965,259160,4,0.803,0.288,7,-15.418,0,0.0629,0.865,0.0593,0.0833,0.865,115.685,36,Blues
Thank You Lord - Live,1997,359893,4,0.556,0.417,5,-9.29,1,0.0258,0.634,4.14e-06,0.936,0.296,90.054,53,Gospel
Wear You To The Ball,1974,147226,4,0.879,0.502,0,-6.803,1,0.0485,0.348,0.0142,0.0866,0.695,95.162,16,Reggae
Enjoy Yourself (It's Later Than You Think) - 2015 Remaster,2015,221320,4,0.439,0.876,7,-6.829,1,0.063,0.0846,0.000821,0.395,0.866,154.861,41,Punk
Till The Rivers All Run Dry,1975,210293,4,0.658,0.259,2,-16.95,1,0.0309,0.845,0.00302,0.168,0.338,118.883,44,Country
The Spectre,2017,193787,4,0.654,0.711,1,-7.437,0,0.0383,0.0214,0.00191,0.0903,0.198,127.957,72,EDM
Here Comes Your Man,1989,201186,4,0.669,0.795,2,-10.865,1,0.0285,0.00772,0.0781,0.401,0.882,124.594,70,Alt. Rock
Rocket Queen,1987,373266,4,0.446,0.978,5,-5.275,0,0.0443,0.0305,0.162,0.0377,0.399,111.795,60,Metal
Cascade,1957,147533,4,0.556,0.659,7,-13.877,1,0.0319,0.525,0.862,0.123,0.82,141.862,18,Country
Sussudio,1985,263000,4,0.714,0.935,5,-5.195,1,0.0849,0.0529,0.0934,0.0515,0.725,121.232,67,Pop
Aberdeen Mississippi Blues,1940,155973,4,0.605,0.183,8,-14.216,1,0.0374,0.903,0.156,0.0953,0.602,105.182,26,Blues
The Midnight Special,1961,211146,4,0.626,0.259,5,-16.268,1,0.0476,0.764,0.0,0.253,0.8,99.949,1,Blues
Method Of Modern Love,1985,333000,4,0.714,0.726,5,-6.621,0,0.0569,0.0708,2.15e-05,0.093,0.753,94.203,40,Pop
Far From Home,2011,212493,4,0.467,0.688,11,-5.352,0,0.0298,0.00149,3.92e-06,0.169,0.229,137.884,63,Metal
Heaven,1983,240813,4,0.596,0.42,7,-12.9,1,0.0256,0.095,0.245,0.252,0.326,107.089,35,Alt. Rock
Head To Toe,1987,76000,4,0.793,0.61,2,-6.191,1,0.0607,0.309,0.0,0.0971,0.902,118.309,70,Pop
You Can't Stop Me Loving You,1989,240000,4,0.686,0.868,11,-8.35,0,0.0783,0.191,9.65e-06,0.0583,0.874,91.84,26,Rock
Hands Off... She's Mine - 2012 Remaster,2012,179586,4,0.696,0.75,7,-10.415,1,0.137,0.114,0.00573,0.0707,0.865,169.772,27,SKA
Hello Goodbye,1968,219000,4,0.636,0.768,8,-6.314,0,0.0329,0.629,0.0183,0.133,0.629,129.941,68,Pop
Time Won’t Let Me,1966,251000,4,0.386,0.864,0,-4.776,1,0.0323,0.00133,5.4e-05,0.44,0.418,154.774,45,Pop
Aqua Boogie (A Psychoalphadiscobetabioaquadoloop),1978,565826,4,0.682,0.686,0,-8.921,1,0.0924,0.0688,7.68e-05,0.0601,0.69,105.568,16,Funk
Pleasant Valley Sunday,1967,194000,4,0.421,0.727,9,-6.384,1,0.0344,0.203,0.0,0.235,0.541,89.973,44,Pop
Big Love,1987,249000,4,0.532,0.723,9,-11.779,0,0.0333,0.00152,0.00425,0.078,0.866,137.662,57,Pop
Human Nature,1983,246000,4,0.628,0.409,2,-14.348,1,0.0306,0.498,0.00565,0.29,0.755,93.005,68,Pop
Which Side are You On?,1961,129800,4,0.496,0.245,7,-13.473,0,0.0424,0.992,3.27e-06,0.0926,0.592,175.392,39,Folk
Why Have I Lost You,1980,314466,4,0.619,0.359,7,-12.604,1,0.111,0.271,0.0,0.111,0.571,134.28,37,R&B
If You Leave Me Now,1976,235000,4,0.434,0.563,11,-6.784,1,0.0268,0.0197,0.000824,0.128,0.275,104.183,75,Pop
Devil Got My Woman,1931,315000,4,0.599,0.0574,10,-22.695,0,0.0366,0.731,4.21e-05,0.0911,0.256,76.622,26,Blues
Something New,2016,247146,4,0.577,0.851,11,-3.975,1,0.0339,0.0197,0.000462,0.118,0.396,129.952,56,EDM
Sucker M.C.'s (Krush-Groove 1),1983,189946,4,0.919,0.975,6,-5.636,1,0.0886,0.0898,0.00253,0.248,0.884,102.982,41,Rap
India,2012,224000,4,0.609,0.925,11,-2.688,0,0.119,0.000776,0.893,0.0669,0.708,115.912,16,Rock
Mona Lisa,1950,194986,3,0.241,0.237,1,-12.201,1,0.0371,0.952,0.0,0.113,0.303,174.578,53,Jazz
Lucille,1957,143733,4,0.684,0.858,6,-9.165,1,0.046,0.336,0.000429,0.18,0.943,145.049,36,R&B
Monkeys,2001,165533,4,0.504,0.948,0,-4.283,1,0.0633,0.154,0.004,0.117,0.962,149.042,23,SKA
Back Stabbers,1972,186093,4,0.751,0.714,10,-11.614,1,0.0374,0.317,0.0,0.639,0.935,124.379,57,R&B
Better Must Come,1971,163920,4,0.715,0.578,9,-7.54,1,0.102,0.00354,9.59e-05,0.301,0.918,74.349,49,SKA
Take A Bow,1995,229000,4,0.518,0.467,9,-7.536,1,0.162,0.248,0.0,0.0941,0.559,79.965,74,Pop
I'll Feel a Whole Lot Better,1965,151906,4,0.401,0.888,9,-7.344,1,0.0304,0.0485,0.0,0.334,0.956,135.09,2,Folk
Jingle Jangle,1970,201000,4,0.707,0.224,7,-12.037,0,0.0398,0.973,0.000832,0.0465,0.823,93.922,48,Pop
Who's Your Daddy?,2002,238013,4,0.684,0.871,9,-4.307,1,0.0402,0.286,0.0285,0.049,0.849,126.38,49,Country
Euro-Barge,1982,113960,4,0.488,0.988,11,-4.787,0,0.146,0.00464,0.0,0.0445,0.614,163.896,38,Punk
As Good As I Once Was,2005,227840,4,0.68,0.87,5,-4.461,1,0.0393,0.266,0.0,0.109,0.645,119.078,72,Country
Nice And Slow,1998,224000,4,0.712,0.753,5,-6.646,0,0.0392,0.0166,0.000464,0.115,0.678,76.989,41,Pop
Come With Me,1998,205000,4,0.625,0.814,0,-5.181,1,0.0657,0.0172,0.0,0.158,0.535,144.991,75,Pop
These Dreams,1986,254000,4,0.534,0.532,11,-9.865,1,0.0292,0.509,0.0,0.0868,0.3,79.103,65,Pop
Depression,1981,148866,4,0.147,0.958,1,-13.427,1,0.107,0.0957,0.972,0.893,0.0368,137.829,33,Punk
Don't Be Afraid Of The Dark,1988,226506,4,0.707,0.501,8,-12.143,1,0.0287,0.63,6.83e-05,0.0482,0.791,113.263,45,Blues
"Men In Black - From ""Men In Black"" Soundtrack",1997,227266,4,0.801,0.581,5,-8.491,0,0.0681,0.0968,0.000318,0.0971,0.656,107.545,64,Rap
A Groovy Kind Of Love,1966,210000,4,0.456,0.243,2,-12.19,1,0.0286,0.414,4.45e-06,0.116,0.19,144.13,57,Pop
Man On The Moon,2009,210893,4,0.649,0.659,0,-8.924,1,0.0662,0.637,2.71e-05,0.359,0.497,90.989,56,Rap
Help Me,1965,246000,4,0.58,0.409,7,-10.731,1,0.0964,0.64,0.00321,0.138,0.305,115.26,15,Blues
Blame It On Texas,1993,171360,4,0.512,0.639,9,-11.483,1,0.0308,0.06,0.0,0.105,0.782,155.411,45,Country
Seasons Change,1988,120000,4,0.428,0.462,8,-11.675,1,0.0683,0.543,0.00162,0.109,0.22,78.345,48,Pop
"Part Time Lover,Full Time Fool",1980,246600,3,0.44,0.576,10,-6.593,1,0.0486,0.724,0.0,0.11,0.796,142.494,4,Disco
Steppin’ Out,1983,245000,4,0.866,0.56,5,-9.848,0,0.0501,0.0574,0.0,0.0825,0.961,140.484,54,Pop
Iesha,1991,261000,4,0.714,0.786,1,-9.717,1,0.164,0.0403,0.0,0.0302,0.692,111.855,37,Pop
Narco,2018,208634,4,0.764,0.943,8,-4.047,1,0.0711,0.00784,0.104,0.0699,0.207,129.961,63,EDM
Blame (feat. John Newman),2014,212960,4,0.414,0.857,0,-4.078,0,0.0808,0.0287,0.00574,0.343,0.348,128.024,81,EDM
Dead & Bloated - 2017 Remaster,1992,310080,4,0.574,0.862,7,-6.449,1,0.0601,0.000971,0.0,0.0923,0.594,122.993,54,Metal
Les Fleur,1971,278666,4,0.412,0.278,8,-16.176,1,0.0439,0.465,0.0517,0.189,0.582,166.738,23,Jazz
No Good (Start the Dance),1994,379906,4,0.642,0.996,5,-4.343,0,0.0557,0.00662,0.75,0.181,0.161,144.993,35,EDM
Love the One You're With,1973,223520,4,0.75,0.78,4,-7.861,1,0.036,0.367,2.67e-06,0.153,0.738,94.864,51,R&B
The Glory of Man,1983,177560,4,0.541,0.736,4,-11.999,1,0.191,0.000483,0.767,0.0963,0.931,172.687,34,Punk
Too Hot to Handle - 2008 Remaster,1977,217866,4,0.499,0.896,9,-6.675,1,0.0442,0.00214,0.00699,0.178,0.829,128.426,45,Metal
Rebels of the Sacred Heart,2008,311893,4,0.252,0.926,2,-4.146,1,0.083,0.0231,4.83e-06,0.106,0.43,153.814,39,Punk
Dum Dum,1961,151000,4,0.697,0.395,6,-13.58,1,0.0281,0.428,0.653,0.173,0.876,113.589,75,Pop
Neither One Of Us (Wants To Be The First To Say Goodbye),1973,264266,4,0.511,0.346,5,-14.28,1,0.0388,0.685,0.000124,0.294,0.599,140.29,55,R&B
Laid to Rest,2004,230127,3,0.366,0.956,10,-3.725,0,0.108,0.000293,0.00447,0.449,0.159,104.016,64,Metal
Write and Tell Me Why - Remastered,1952,108426,3,0.234,0.401,0,-8.309,1,0.0294,0.623,0.0115,0.176,0.513,179.97,0,R&B
Look-Ka Py Py,1969,198133,4,0.683,0.629,10,-14.908,0,0.132,0.12,0.358,0.533,0.932,174.713,30,Funk
Baby Come Back,1995,233866,4,0.854,0.797,7,-6.004,1,0.0331,2.93e-05,0.00801,0.0832,0.817,124.879,45,Reggae
Armed and Extremely Dangerous,1973,171000,4,0.623,0.691,5,-13.879,0,0.0474,0.0184,7.92e-05,0.416,0.823,123.28,36,Disco
Love Will Tear Us Apart,1980,206226,4,0.524,0.921,2,-7.709,1,0.0367,0.00103,0.768,0.128,0.908,146.849,39,Alt. Rock
Imaginary Voyage - Pt. I,1976,142066,4,0.439,0.718,11,-14.282,1,0.0612,0.0825,0.817,0.26,0.157,102.948,19,Jazz
Into the Now,2004,265493,1,0.528,0.936,8,-5.061,1,0.0422,1.06e-05,0.0601,0.0613,0.583,100.028,21,Metal
Simple Kind Of Life,2000,256933,4,0.576,0.849,0,-5.199,1,0.0355,0.0678,0.0,0.278,0.482,119.999,49,Alt. Rock
Supernature,1977,585374,4,0.62,0.948,5,-6.639,0,0.0432,0.00221,0.228,0.197,0.826,123.028,59,Disco
I Belong To You,1975,307560,3,0.598,0.527,5,-6.929,1,0.031,0.358,0.00109,0.564,0.532,95.374,28,Disco
Lean On Me,1972,176000,4,0.723,0.809,7,-3.081,0,0.0625,0.00346,0.00123,0.565,0.274,98.007,75,Pop
Fire and Smoke,1981,193706,4,0.72,0.518,7,-9.918,1,0.027,0.354,2.19e-05,0.412,0.761,114.971,41,Country
Mr. Carter (feat. JAY-Z),2009,316280,4,0.452,0.725,7,-5.876,1,0.396,0.0413,0.0,0.326,0.46,172.054,31,Rap
Enjoy Yourself,1969,185088,4,0.819,0.419,1,-11.201,1,0.168,0.422,0.0769,0.215,0.932,117.143,38,SKA
The Promise Of A New Day,1991,272000,4,0.754,0.82,1,-8.622,1,0.062,0.0911,1.62e-06,0.0805,0.896,119.835,37,Pop
Sound of da Police,1993,258506,4,0.794,0.95,1,-8.78,1,0.294,0.124,7.71e-05,0.133,0.324,94.984,61,Rap
Watch the Children Pray,1984,357466,4,0.325,0.845,11,-10.193,0,0.0561,0.000209,0.000277,0.109,0.0982,112.632,41,Metal
The Arms Of The One Who Loves You,1998,260000,4,0.657,0.456,0,-8.917,1,0.0345,0.311,0.0,0.0922,0.182,115.4,34,Pop
The Circle Game,1966,180133,4,0.463,0.413,2,-14.064,1,0.0309,0.151,1.06e-05,0.372,0.713,142.184,3,Folk
Hollywood Nights,1978,302000,4,0.529,0.968,9,-5.198,1,0.0503,0.00506,0.00034,0.201,0.751,150.326,62,Pop
Alone Again,1970,180000,4,0.539,0.489,0,-12.803,1,0.0247,0.0188,0.00836,0.351,0.577,85.629,16,Rock
Too Nice To Talk To,1980,187240,4,0.577,0.691,11,-10.155,0,0.0448,0.0541,0.00936,0.131,0.821,134.626,25,SKA
(Dry Cry) Just One of Those Days,2005,208600,4,0.703,0.574,0,-5.71,1,0.171,0.0586,0.0,0.0519,0.579,147.829,36,Reggae
Lake Bodom,2008,241800,4,0.236,0.994,6,-3.99,0,0.2,2.75e-05,0.36,0.311,0.185,147.276,38,Metal
Cherish,1985,290600,4,0.562,0.249,1,-18.652,1,0.0253,0.375,0.0,0.352,0.31,95.283,51,R&B
Wash Away,1981,224800,4,0.166,0.806,5,-12.591,1,0.0436,0.000254,0.000574,0.0935,0.404,187.414,28,Punk
(YOU Drive Me) Crazy,1999,198000,4,0.748,0.939,0,-4.288,0,0.0341,0.0534,0.0,0.32,0.96,104.001,66,Pop
Rise,1979,161000,3,0.483,0.129,5,-20.149,0,0.0349,0.947,0.145,0.106,0.203,137.35,81,Pop
So Alive,1989,285000,4,0.703,0.827,10,-7.179,0,0.0343,0.032,0.00636,0.179,0.944,103.564,77,Pop
Ride-O-Rocket,1980,281775,4,0.641,0.954,11,-9.239,1,0.104,0.0876,0.058,0.475,0.596,122.461,14,Funk
The Other Woman,1982,181000,4,0.255,0.468,7,-6.43,0,0.0317,0.822,0.248,0.339,0.175,111.67,74,Pop
The Machine,2020,254000,4,0.546,0.88,9,-4.875,0,0.0476,0.000541,0.000929,0.136,0.529,129.915,15,Rock
The Way It Is,1994,308866,4,0.327,0.823,7,-7.122,1,0.0394,0.019,8.2e-05,0.124,0.489,94.023,39,Metal
You Can’t Sit Down,1963,139000,4,0.432,0.869,5,-5.596,1,0.239,0.119,0.0,0.319,0.966,164.777,27,Pop
Mr Suit - 2006 Remastered Version,2006,85333,4,0.608,0.942,2,-6.415,1,0.0407,0.205,0.00043,0.153,0.963,118.595,28,Punk
Wasted Days And Wasted Nights,1975,171000,4,0.702,0.409,11,-8.84,1,0.0354,0.481,4.76e-06,0.289,0.885,88.516,51,Pop
What's Up With That,1996,321000,4,0.679,0.718,7,-8.864,1,0.0295,0.11,0.000292,0.351,0.548,111.91,27,Rock
Godwhacker,2003,297000,4,0.828,0.538,5,-9.237,0,0.0526,0.199,0.108,0.0782,0.651,120.082,38,Rock
God's Plan,2018,198973,4,0.754,0.449,7,-9.211,1,0.109,0.0332,8.29e-05,0.552,0.357,77.169,82,Rap
Goodbye Love,1990,304026,4,0.68,0.381,5,-16.646,0,0.0291,0.112,0.0,0.0316,0.696,82.184,42,R&B
Open Door Season,2009,188879,4,0.57,0.66,1,-6.861,1,0.0556,0.000394,0.0688,0.111,0.406,188.087,36,Gospel
I'm A Woman,1978,274506,3,0.558,0.829,0,-5.58,1,0.0797,0.11,9.27e-06,0.0495,0.615,109.195,48,Blues
The Greatest Man I Never Knew,1992,194040,4,0.521,0.243,1,-13.154,1,0.0265,0.766,0.0,0.0963,0.236,85.11,41,Country
Does Your Chewing Gum Lose Its Flavour (ON The Bedpost Overnight?),1961,151000,4,0.698,0.806,7,-8.681,1,0.104,0.619,0.0,0.9,0.934,113.811,28,Pop
Pretty Fly (For A White Guy),1998,188666,4,0.723,0.895,11,-3.707,0,0.102,0.088,0.0,0.0717,0.963,143.373,76,Alt. Rock
Kissing in the Dark,1953,151253,4,0.737,0.397,0,-9.798,1,0.0485,0.963,0.0371,0.109,0.832,139.902,29,Blues
Deal Goin' Down,1994,246000,4,0.625,0.753,11,-7.693,1,0.0245,0.000382,0.016,0.407,0.476,98.007,15,Rock
Sam Stone,1971,256906,4,0.556,0.15,5,-17.489,1,0.0333,0.887,2.5e-06,0.105,0.118,134.414,42,Folk
Patches,1970,193826,4,0.639,0.544,4,-12.843,1,0.141,0.617,0.0,0.479,0.793,80.844,46,Blues
Give It Up,1982,217000,4,0.624,0.533,11,-13.7,1,0.0356,0.405,0.0,0.335,0.838,124.23,29,Rock
Strictly Reserved for You,2013,222370,4,0.628,0.725,5,-6.085,1,0.03,0.159,9.79e-05,0.11,0.627,87.067,42,Funk
Leave Me Alone (RUBY Red Dress),1974,207000,4,0.655,0.626,7,-11.386,1,0.0467,0.134,2.3e-05,0.0586,0.874,134.071,30,Pop
Hooked for Life,1976,288640,4,0.79,0.55,5,-13.907,0,0.0311,0.424,0.0213,0.0791,0.899,108.039,12,Disco
Every Time I Turn Around,1990,278000,4,0.64,0.591,4,-10.847,1,0.0294,0.423,6.52e-05,0.105,0.723,159.801,10,Rock
Run Fay Run,1975,166786,4,0.753,0.908,0,-8.304,0,0.0541,0.0113,0.646,0.0455,0.963,118.618,38,Disco
Look Up Child,2018,183013,4,0.73,0.58,2,-5.813,1,0.0431,0.403,0.0,0.15,0.652,90.99,62,Gospel
Just Don't Want to Be Lonely,1974,432586,4,0.51,0.506,5,-13.327,1,0.0576,0.257,0.00409,0.117,0.709,143.016,41,Disco
Log Driver's Waltz,1976,167640,1,0.514,0.412,0,-6.977,1,0.026,0.219,0.0,0.157,0.574,88.249,26,Folk
Crash Goes Love (Blaster Mix),1980,441765,4,0.665,0.976,2,-6.016,1,0.0462,0.00222,0.00552,0.0819,0.796,117.525,13,Disco
Because,1964,196000,4,0.386,0.592,11,-7.299,1,0.374,0.363,0.0,0.117,0.161,146.879,82,Pop
Country Living,1976,235693,4,0.817,0.576,7,-5.018,0,0.183,0.597,4.7e-05,0.0596,0.877,87.471,23,Reggae
Living Dead Girl,1998,201400,4,0.518,0.948,6,-5.579,0,0.0676,0.00512,0.0996,0.228,0.548,103.025,70,Alt. Rock
I’m Not In Love,1991,229000,4,0.472,0.968,7,-5.322,0,0.182,0.00476,0.0019,0.361,0.158,135.953,37,Pop
My Peace - Live,1975,227600,4,0.34,0.642,2,-10.094,1,0.0793,0.604,0.0,0.944,0.58,67.666,6,Folk
Punk Guy,1994,68960,3,0.352,0.871,0,-7.885,1,0.1,3.1e-05,0.000222,0.136,0.559,97.932,37,Punk
Do or Die (feat. Childish Gambino),2015,245090,4,0.624,0.83,11,-5.018,0,0.121,0.000242,1.4e-05,0.306,0.432,145.146,43,EDM
Dandy,1966,95000,5,0.511,0.318,10,-4.928,1,0.0515,0.927,0.0,0.0485,0.659,172.543,52,Pop
I Want A New Drug,1984,211000,4,0.672,0.898,2,-4.92,1,0.054,0.0786,6.4e-06,0.389,0.779,110.289,53,Pop
Man Smart (Woman Smarter),1956,214480,4,0.707,0.505,6,-13.643,0,0.338,0.101,0.0,0.173,0.803,140.944,36,Folk
1984: Back Down South - Live,1994,228200,4,0.474,0.741,2,-8.814,1,0.101,0.266,0.0387,0.732,0.748,111.865,8,Blues
The Sky Is Crying,1960,166400,3,0.294,0.611,2,-6.268,1,0.0348,0.0226,0.435,0.114,0.567,178.191,49,Blues
You Belong to Me,1952,231000,4,0.632,0.773,6,-4.856,1,0.0346,0.0623,0.0,0.0885,0.474,130.033,81,Pop
Fallin' In Love In Summertime,1976,194973,4,0.729,0.687,7,-8.752,1,0.0873,0.135,0.0182,0.0375,0.969,178.133,28,Disco
The Traffic Jam,2001,220613,4,0.799,0.634,1,-7.136,0,0.371,0.448,0.0,0.0706,0.723,94.884,35,Reggae
Begin the Beguine,1938,196160,4,0.629,0.155,7,-15.917,1,0.0514,0.912,0.382,0.454,0.368,140.933,47,Jazz
Rickshaw,1974,354840,4,0.704,0.732,10,-8.724,0,0.0351,0.0496,0.306,0.111,0.86,121.316,29,Funk
Beauty And The Beast,1992,167000,4,0.432,0.0877,8,-27.006,1,0.068,0.995,0.922,0.117,0.149,79.203,60,Pop
Jam Up And Jelly Tight,1970,140000,4,0.669,0.784,10,-6.648,0,0.0505,0.00708,0.121,0.0637,0.681,121.768,26,Pop
"Skylark - Live at Town Hall,New York,1989",1989,270160,4,0.384,0.00618,9,-31.134,1,0.0433,0.99,0.909,0.256,0.119,132.627,1,Jazz
Boom!,2002,134906,4,0.476,0.871,1,-2.672,1,0.041,0.000395,0.0244,0.118,0.302,154.568,52,Alt. Rock
Midnight Mood,1964,324000,4,0.416,0.0446,1,-23.874,1,0.0351,0.893,0.827,0.107,0.123,62.068,18,Jazz
Whole Lotta Trouble,1989,271000,4,0.44,0.931,9,-7.285,1,0.0627,0.0218,4.79e-05,0.393,0.575,191.329,28,Rock
Hoodoo Lady,1934,182173,4,0.818,0.138,1,-12.88,1,0.0906,0.922,1.2e-05,0.138,0.407,122.458,15,Blues
Les,2011,317293,4,0.541,0.674,1,-7.04,0,0.0841,0.00649,9.76e-05,0.235,0.123,103.139,81,Rap
The Sign,1994,340000,4,0.516,0.595,5,-4.63,1,0.0313,0.0275,0.0,0.109,0.222,119.972,82,Pop
True,1983,148000,4,0.712,0.861,5,-5.487,0,0.25,0.0182,6.09e-06,0.511,0.388,84.042,75,Pop
"December,1963 (OH,What A Night)",1995,197000,4,0.737,0.495,1,-13.489,1,0.027,0.0588,9.12e-06,0.0542,0.967,104.409,74,Pop
The Last Act of Defiance,2015,283453,4,0.491,0.984,9,-5.64,1,0.206,0.00447,0.18,0.121,0.358,108.109,28,Metal
Undone - The Sweater Song,1994,305533,4,0.457,0.618,6,-6.682,1,0.0296,0.00114,0.00257,0.0679,0.579,80.184,69,Alt. Rock
A.D.I.D.A.S.,1996,153600,4,0.334,0.898,11,-6.821,0,0.196,0.00406,0.0202,0.162,0.226,110.364,66,Alt. Rock
Bartender (feat. Akon),2007,238800,4,0.832,0.391,8,-8.504,1,0.0628,0.0564,0.0,0.224,0.436,104.961,75,Rap
Barracuda,1977,261000,4,0.548,0.691,4,-13.553,0,0.0369,0.015,0.106,0.144,0.667,137.145,74,Pop
Down with the Sickness,2000,279213,4,0.695,0.876,3,-4.262,0,0.0553,0.000996,6.89e-06,0.106,0.941,89.954,75,Alt. Rock
Down South Blues,1964,131360,4,0.796,0.358,2,-12.076,0,0.0313,0.83,0.00346,0.0593,0.733,102.747,20,Folk
I Got The Hook Up,1998,256000,4,0.608,0.704,11,-5.655,0,0.258,0.0447,0.0,0.397,0.818,79.302,31,Pop
Boogie Down,1978,233066,4,0.718,0.65,5,-10.2,0,0.0299,0.258,0.0194,0.325,0.921,114.543,34,Disco
My Love Is Your Love,1967,173079,3,0.579,0.605,9,-9.593,1,0.0319,0.454,6.05e-05,0.138,0.784,123.682,3,Blues
"Forgive Me,John",1953,146866,4,0.579,0.284,0,-9.901,1,0.0306,0.757,5.16e-05,0.161,0.632,117.523,23,Country
Give Up The Funk (Tear The Roof Off The Sucker),1976,348066,4,0.717,0.665,9,-9.503,1,0.0523,0.0659,0.0,0.326,0.774,105.693,57,Funk
Quarter To Three,1961,150000,4,0.455,0.819,0,-9.322,0,0.184,0.925,0.0441,0.84,0.902,163.686,33,Pop
"BOURGIE,BOURGIE",1976,372386,4,0.801,0.69,0,-9.653,1,0.0697,0.497,0.155,0.135,0.95,120.213,20,Disco
See The Funny Little Clown,1964,155000,4,0.69,0.313,2,-11.783,1,0.0337,0.303,0.0148,0.0912,0.591,106.701,22,Pop
This Time Baby,1979,433066,4,0.845,0.725,10,-11.09,0,0.0672,0.124,0.00183,0.0556,0.891,123.816,23,Disco
You Are Worthy (Reprise),2019,149040,1,0.365,0.739,1,-6.606,1,0.202,0.743,0.0,0.404,0.4,89.622,9,Gospel
Double Oh-Oh,1985,350600,4,0.689,0.818,4,-12.625,1,0.0755,0.137,7.97e-05,0.0815,0.136,112.148,7,Funk
I Was Made For Lovin' You,1979,271000,4,0.768,0.852,4,-6.215,1,0.038,0.214,7.36e-05,0.0723,0.867,128.373,82,Metal
Harbor Lights,1958,194866,4,0.26,0.29,5,-13.38,1,0.0293,0.913,0.000649,0.153,0.303,78.797,44,R&B
Fast as You,1993,285200,4,0.628,0.801,4,-7.926,1,0.0282,0.000479,0.0897,0.396,0.843,125.954,61,Country
Someday Baby Blues,1935,179933,4,0.532,0.125,11,-14.412,1,0.0415,0.952,0.00952,0.134,0.438,134.298,9,Blues
Hell's Wind Staff / Killah Hills 10304,1995,308626,4,0.609,0.695,0,-11.009,1,0.354,0.221,4.71e-06,0.501,0.417,91.894,41,Rap
Imagine That,1961,121080,3,0.432,0.177,0,-11.288,1,0.0308,0.962,1.52e-06,0.186,0.372,101.986,27,Country
Try It Out,1981,496466,4,0.854,0.417,11,-14.713,0,0.0899,0.00283,0.157,0.0205,0.716,113.615,40,Disco
Soon,1979,209226,4,0.556,0.27,9,-13.044,1,0.0274,0.618,3.76e-06,0.121,0.204,74.029,18,Country
Good Timin’,1960,128000,4,0.552,0.562,3,-7.682,1,0.0412,0.609,0.000125,0.093,0.971,147.384,44,Pop
After the Love Has Gone,1979,278040,4,0.424,0.443,6,-13.45,1,0.0382,0.532,0.000389,0.673,0.391,131.675,66,R&B
Brotherly Love,1991,199773,4,0.685,0.439,4,-10.727,1,0.0254,0.895,0.00642,0.324,0.448,112.502,44,Country
Take Me As I Am Or Let Me Go,1958,174946,4,0.526,0.273,0,-11.811,1,0.0261,0.406,0.00491,0.201,0.487,65.3,9,Country
Only You (AND You Alone),1975,156000,4,0.34,0.308,3,-10.518,1,0.0284,0.935,0.0,0.135,0.336,79.923,61,Pop
Who the Hell Do You Think You Are,2008,167853,4,0.469,0.926,0,-5.807,1,0.0695,5.46e-05,0.0,0.381,0.587,105.92,7,Punk
I Wanna Rock,1984,179000,4,0.504,0.911,2,-2.97,1,0.0738,0.00512,0.0123,0.355,0.671,106.244,70,Metal
Stickin In My Eye,1994,144466,4,0.299,0.97,9,-7.494,1,0.0799,0.0011,0.00752,0.0994,0.232,153.528,50,Punk
In My Girlish Days,1941,155240,4,0.754,0.162,7,-13.387,1,0.056,0.977,0.0,0.119,0.549,81.01,6,Blues
All Cried Out,1986,275000,4,0.613,0.464,1,-8.918,1,0.0241,0.176,0.0,0.103,0.176,139.802,45,Pop
Oleo - RVG Remaster,1956,312480,4,0.591,0.318,7,-12.551,0,0.0471,0.797,0.0247,0.108,0.705,111.995,29,Jazz
Four On Six,1963,377866,4,0.379,0.35,7,-12.353,1,0.0504,0.924,0.768,0.122,0.473,204.049,32,Jazz
Off The Wall,1980,203000,4,0.834,0.374,1,-10.173,1,0.333,0.123,0.0,0.134,0.545,140.001,64,Pop
"Sookie Sookie - Live At The Cliche' Lounge,Newark,New Jersey,1970 / Remastered 2000",1970,658333,4,0.721,0.511,1,-12.223,1,0.0334,0.523,0.9,0.142,0.882,125.829,35,Jazz
"Red Light Green Light - For Club Play Only,Pt. 6",2014,211208,4,0.811,0.825,2,-5.48,1,0.0654,0.000646,0.517,0.0689,0.95,124.005,58,EDM
True Faith,1987,355066,4,0.589,0.784,0,-13.037,1,0.0312,0.175,0.0767,0.132,0.941,116.981,58,Alt. Rock
Scene Eight: The Spirit Carries On,1999,398266,3,0.321,0.544,2,-7.179,1,0.0364,0.293,1.11e-05,0.11,0.283,127.284,52,Metal
Dead Cops/America's so Straight - Millions of Dead Cops - Full Length,1983,124808,4,0.29,0.977,11,-3.981,0,0.165,0.000289,0.0,0.307,0.318,114.302,23,Punk
Dreams,1992,271560,4,0.551,0.645,4,-13.093,1,0.0354,0.0031,0.00376,0.421,0.508,128.665,78,Alt. Rock
Could You Be Loved,1980,237000,4,0.916,0.72,0,-8.548,1,0.1,0.36,0.00016,0.0958,0.761,103.314,82,Reggae
Solo (feat. Demi Lovato),2018,222706,4,0.74,0.622,11,-4.608,0,0.0446,0.0357,4.85e-05,0.356,0.556,104.966,71,EDM
Annabelle,1998,243866,4,0.575,0.202,9,-11.926,0,0.0317,0.896,0.00528,0.139,0.284,149.509,37,Folk
It’s A Man’s Man’s Man’s World,1966,140000,3,0.306,0.681,3,-3.57,0,0.0391,0.247,5.27e-06,0.0692,0.484,179.627,31,Pop
The Only One,1974,175567,4,0.671,0.641,1,-6.701,1,0.0446,0.0271,0.0,0.154,0.846,122.048,28,Jazz
Shock,1995,297453,4,0.438,0.94,11,-5.287,0,0.104,0.000118,0.0321,0.169,0.411,179.889,40,Metal
One Chord Wonders,1977,168986,4,0.128,0.959,2,-6.338,1,0.0894,0.00245,0.0621,0.0616,0.244,171.943,32,Punk
Friends And Lovers,1986,260000,4,0.675,0.501,10,-6.183,1,0.22,0.0541,0.0,0.429,0.532,139.861,67,Pop
Mad World,2013,210703,4,0.471,0.876,5,-3.238,1,0.035,0.00632,2.68e-06,0.245,0.25,128.065,43,EDM
Knights of Cydonia,2006,366213,4,0.366,0.963,11,-5.301,0,0.142,0.000273,0.0122,0.115,0.211,137.114,67,Alt. Rock
The Assassin,1990,257000,4,0.227,0.967,0,-4.474,1,0.0619,0.0487,0.000912,0.233,0.597,97.471,21,Rock
Halloween,1981,112426,4,0.381,0.938,0,-9.008,1,0.0757,0.0172,0.0,0.271,0.0954,108.735,46,Punk
The Transcendental Waterfall,1967,635893,4,0.499,0.25,6,-12.755,1,0.061,0.484,0.879,0.074,0.188,102.004,10,Folk
Our Winter Love,1963,233000,4,0.535,0.164,7,-16.869,1,0.0304,0.806,0.202,0.111,0.196,136.011,23,Pop
I Don't Wanna Be the Last to Know,1982,239986,4,0.64,0.667,5,-5.965,1,0.0321,0.259,0.0,0.0318,0.858,153.596,35,Disco
I Don't Wanna Do This Anymore,2017,87560,4,0.433,0.778,4,-7.681,1,0.041,0.843,0.0,0.139,0.764,114.208,79,Rap
Natural Thing,1973,198000,4,0.677,0.58,2,-9.223,1,0.0316,0.538,1.39e-06,0.0696,0.713,131.752,35,Rock
Dream Land,1976,166773,4,0.782,0.43,1,-14.285,1,0.363,0.175,0.000294,0.0603,0.89,72.339,60,Reggae
Flag of Hate,1986,282626,4,0.257,0.986,9,-6.583,1,0.198,2.11e-06,0.0425,0.0959,0.0487,97.933,25,Metal
Kiss The Rain,1998,260000,4,0.56,0.0519,8,-22.616,1,0.0423,0.99,0.905,0.117,0.182,132.691,60,Pop
Smack My Bitch Up,1997,343386,4,0.604,0.995,10,-3.641,0,0.164,0.00306,0.626,0.109,0.262,136.216,50,EDM
On & On,1997,226133,4,0.761,0.403,11,-10.424,0,0.158,0.0392,0.0113,0.256,0.346,80.476,68,R&B
St. Louis Blues,1927,282560,4,0.393,0.0971,0,-20.11,1,0.0371,0.873,0.000539,0.199,0.12,104.95,4,Blues
Love On The Rocks,1981,217000,4,0.359,0.193,9,-17.12,0,0.0387,0.889,4.21e-05,0.0879,0.156,64.572,45,Pop
Paradise,1988,217466,4,0.738,0.792,1,-7.873,1,0.0378,0.309,0.39,0.0679,0.968,99.817,68,R&B
Lose Yourself,2002,326466,4,0.692,0.744,2,-4.565,1,0.257,0.00868,0.000423,0.359,0.0612,171.374,77,Rap
Who Loves You,1975,255000,4,0.68,0.608,2,-12.575,1,0.0499,0.0729,0.0,0.0911,0.904,137.481,53,Pop
Falling,2013,240760,4,0.799,0.416,7,-9.547,1,0.0428,0.00765,2.07e-06,0.122,0.818,125.01,54,Reggae
Through the Fire and Flames,2006,441560,4,0.113,0.951,0,-4.743,0,0.129,0.00176,0.00718,0.334,0.139,200.024,61,Metal
American Pie,1972,516000,4,0.529,0.482,4,-11.709,0,0.0599,0.7,0.0,0.0842,0.492,138.453,77,Pop
Small White,2015,284433,4,0.487,0.878,7,-2.854,0,0.0549,0.106,0.0,0.182,0.609,170.964,25,SKA
Oleo,1977,397466,4,0.365,0.814,5,-13.718,1,0.0943,0.29,0.159,0.717,0.533,147.31,13,Jazz
Nothing But Blue Skies,1960,138066,4,0.757,0.754,3,-8.146,1,0.0417,0.603,0.0251,0.093,0.968,121.736,17,R&B
Spain,1972,590866,4,0.404,0.446,11,-16.982,0,0.0352,0.857,0.885,0.0845,0.474,136.242,44,Jazz
My War,1984,226333,1,0.215,0.503,1,-16.318,0,0.0463,0.65,0.0283,0.098,0.35,186.866,47,Punk
Ain't No Half-Steppin',1988,319906,4,0.836,0.728,10,-12.058,0,0.234,0.00569,0.000819,0.0649,0.599,100.842,48,Rap
Now's The Time,1945,181706,4,0.478,0.534,5,-9.985,1,0.0386,0.485,0.00425,0.188,0.673,100.317,47,Jazz
You Keep Me Coming Back - Single Version,1984,260992,4,0.872,0.816,9,-8.227,0,0.0746,0.0916,0.00016,0.105,0.818,106.618,11,Funk
One Fine Day,1980,128000,4,0.251,0.868,1,-2.685,1,0.128,0.488,7.34e-06,0.814,0.599,177.13,58,Pop
911 Is a Joke,1995,239000,4,0.564,0.81,11,-9.619,0,0.273,0.00718,0.00749,0.0608,0.518,176.359,15,Rock
Jump Monk,1956,335240,3,0.419,0.641,1,-11.878,1,0.061,0.517,0.0908,0.429,0.48,99.298,21,Jazz
Betrayer,2011,327026,4,0.462,0.976,1,-3.569,1,0.093,0.000258,0.0012,0.334,0.4,96.992,38,Metal
C.C. Rider,1957,150200,3,0.694,0.608,3,-5.946,1,0.0469,0.621,0.0,0.106,0.57,140.801,30,R&B
Satisfaction,2002,285413,4,0.802,0.725,11,-3.392,1,0.102,0.165,0.0984,0.0782,0.347,129.984,56,EDM
Phantom Pt. II,2008,200826,4,0.619,0.726,7,-6.422,1,0.125,0.00231,0.766,0.652,0.424,116.966,52,EDM
Missed the Boat,2007,264813,4,0.71,0.698,2,-5.797,1,0.0332,0.0697,0.0,0.478,0.852,104.007,56,Alt. Rock
Always On My Mind,1982,212666,4,0.524,0.261,2,-13.868,1,0.0272,0.755,0.00105,0.144,0.201,73.36,63,Country
Down in Mississippi,1966,196693,4,0.667,0.485,9,-9.318,1,0.0291,0.809,0.000168,0.0562,0.779,152.371,18,Blues
Hurt,1961,140000,4,0.553,0.786,8,-5.477,0,0.0325,0.0438,0.0,0.119,0.673,149.968,78,Pop
Weeping Willow - A Ragtime Two-Step,1903,264066,4,0.444,0.178,7,-24.249,1,0.0466,0.985,0.872,0.0751,0.52,138.789,18,Jazz
Natty Dread Taking Over,1978,226320,4,0.745,0.437,9,-12.217,1,0.0563,0.0863,0.000164,0.117,0.925,129.837,23,Reggae
Lean on Me,1972,258834,4,0.619,0.22,0,-13.843,1,0.0672,0.782,1.19e-05,0.124,0.426,75.143,69,R&B
Get It Up,1981,547866,4,0.856,0.278,4,-15.064,0,0.0752,0.0168,0.114,0.0497,0.87,112.569,32,Funk
First Date,2003,171533,4,0.579,0.928,0,-4.344,1,0.0411,0.000715,0.0,0.18,0.882,95.594,74,Alt. Rock
Wondering,1961,180693,3,0.633,0.311,2,-7.385,1,0.0305,0.937,0.0,0.101,0.374,112.637,20,Country
Charlie Brown,1959,285000,4,0.43,0.74,10,-7.072,1,0.0375,0.0212,0.00165,0.33,0.0948,137.978,72,Pop
Runaround Sue,1978,171000,4,0.364,0.607,2,-9.791,1,0.125,0.451,0.0,0.251,0.598,79.987,67,Pop
Rock and Roll Angel,2009,362400,1,0.389,0.77,1,-5.773,0,0.0374,0.00473,0.000178,0.106,0.205,78.943,17,Metal
Into the Coven,1983,311626,4,0.221,0.814,7,-9.849,1,0.113,0.0311,0.558,0.184,0.336,145.12,34,Metal
Galaxy of Love,1979,355800,4,0.52,0.879,8,-7.272,1,0.0578,0.00373,0.111,0.0578,0.729,128.0,18,Disco
Bring on the Dancing Horses,1985,235800,4,0.568,0.926,2,-5.274,1,0.0405,0.0064,0.00486,0.315,0.755,118.448,54,Alt. Rock
Stop Draggin’ My Heart Around,1981,244000,4,0.631,0.597,4,-7.382,0,0.026,0.379,0.00273,0.146,0.665,107.26,63,Pop
Strobe - Radio Edit,2009,212066,4,0.656,0.662,8,-9.345,0,0.0307,8.12e-05,0.884,0.104,0.0727,128.022,49,EDM
Snowbird,1970,134226,4,0.531,0.48,9,-10.633,1,0.0366,0.256,0.000136,0.0908,0.881,104.117,51,Country
Weaver Of Dreams - Remastered 2003/Rudy Van Gelder Edition,1961,395560,4,0.418,0.227,4,-15.537,0,0.0379,0.912,0.822,0.0956,0.21,103.586,43,Jazz
Another Day,1992,263120,4,0.454,0.614,11,-10.41,1,0.0302,0.00223,1.16e-05,0.0936,0.343,140.56,54,Metal
The Entertainer,1974,221000,4,0.611,0.912,0,-6.775,1,0.0398,0.105,0.0,0.117,0.77,101.307,50,Pop
Little Wheel Spin And Spin,1969,149000,4,0.554,0.147,6,-19.294,1,0.0988,0.951,0.0104,0.13,0.0713,110.682,21,Folk
Cosmic Love,2009,255133,4,0.524,0.803,9,-5.56,0,0.0366,0.145,0.000191,0.115,0.0827,140.003,61,Alt. Rock
When I Need You,1977,253000,3,0.597,0.342,8,-8.167,1,0.0299,0.389,3.04e-05,0.114,0.11,109.609,55,Pop
I Wanna Learn a Love Song,1972,263600,4,0.578,0.606,7,-10.263,1,0.049,0.328,0.0,0.112,0.661,151.912,36,Folk
Finger Poppin' Time,1960,154746,4,0.545,0.78,9,-4.129,1,0.0319,0.182,0.0,0.154,0.932,159.635,30,R&B
Blazing Fire,1968,176538,4,0.831,0.666,5,-8.765,1,0.0724,0.581,0.0,0.161,0.932,114.671,29,SKA
Daytime Friends,1977,189693,4,0.577,0.538,7,-14.188,1,0.0417,0.342,0.0,0.0594,0.812,150.238,37,Country
Just Like You,1996,204800,4,0.696,0.379,0,-11.909,1,0.0336,0.164,0.000143,0.129,0.377,119.609,27,Blues
All Day Music,1971,248200,4,0.489,0.479,11,-11.888,0,0.0329,0.147,0.000666,0.107,0.517,108.201,46,R&B
Since You Been Gone,1979,197160,4,0.733,0.726,7,-6.514,1,0.0371,0.379,2.58e-06,0.471,0.915,120.814,67,Metal
Jean,1969,167000,4,0.599,0.807,4,-4.679,1,0.0402,0.202,0.0,0.196,0.812,172.017,78,Pop
Hey Young World,1988,272240,4,0.659,0.539,6,-11.015,1,0.232,0.000474,0.00012,0.0626,0.735,169.403,41,Rap
All Time High,2015,259000,4,0.401,0.798,8,-6.596,1,0.0407,3.8e-05,0.000142,0.133,0.435,156.939,18,Rock
Wordy Rappinghood,1981,387173,4,0.85,0.527,4,-14.764,0,0.0784,0.0461,0.481,0.454,0.957,122.032,32,Disco
Lost Heaven,2008,263746,4,0.67,0.836,1,-5.45,0,0.027,0.00591,0.000501,0.0826,0.554,127.784,30,Metal
I'm so Hot for You,1987,246000,4,0.644,0.731,8,-12.493,1,0.0394,0.0519,2.3e-05,0.0853,0.676,108.657,26,Rock
Da Doo Ron Ron,1963,140000,4,0.535,0.797,3,-7.533,1,0.0459,0.48,3.42e-05,0.141,0.613,148.835,54,Pop
Back At One,1999,263000,4,0.66,0.347,11,-9.114,1,0.03,0.452,0.0,0.131,0.256,129.747,68,Pop
Starman,1972,254000,4,0.486,0.449,5,-10.298,1,0.0267,0.166,2.23e-06,0.54,0.549,100.456,77,Rock
Chemical Warfare,1985,178560,4,0.302,0.972,2,-3.041,1,0.179,0.674,0.0227,0.288,0.52,119.561,31,Alt. Rock
I Get Around,1993,259000,4,0.846,0.416,10,-13.767,0,0.118,0.156,9.34e-06,0.238,0.645,96.188,67,Rap
The Battle Is the Lord's,2005,387573,3,0.471,0.599,6,-8.552,0,0.0859,0.443,0.0,0.774,0.424,119.18,42,Gospel
Cadillac,1959,164240,4,0.495,0.895,5,-5.957,1,0.0602,0.796,0.000888,0.166,0.781,113.531,14,R&B
Until the World Goes Cold,2015,321161,4,0.517,0.887,10,-7.637,0,0.0732,0.000244,0.00258,0.151,0.531,166.008,55,Metal
Always,1994,223000,4,0.174,0.742,8,-5.93,1,0.0485,0.00181,0.281,0.198,0.36,163.378,78,Pop
The Pilgrim (Act I),1999,53963,3,0.171,0.0958,5,-11.951,1,0.0341,0.633,1.07e-05,0.381,0.401,93.946,4,Country
The Song Remains the Same - Remaster,1973,329000,4,0.255,0.815,7,-8.197,1,0.0545,0.0747,0.471,0.227,0.699,144.549,52,Rock
Lay Down (CANDLES In The Rain),1970,459000,4,0.317,0.866,7,-4.896,1,0.0703,0.426,0.000445,0.0792,0.603,94.372,36,Pop
Copacabana,1978,236000,4,0.606,0.899,7,-6.412,0,0.0758,0.333,0.000102,0.0754,0.66,116.735,68,Pop
Spaceman,2008,284546,4,0.525,0.904,4,-5.488,1,0.0532,0.00257,0.000648,0.12,0.803,151.988,62,Alt. Rock
The Way You Make Me Feel,1988,298000,4,0.877,0.854,1,-4.523,1,0.147,0.0544,5.5e-05,0.144,0.54,114.472,71,Pop
Voices,2005,191866,4,0.612,0.972,10,-4.328,0,0.0919,0.000303,0.00277,0.0817,0.576,109.989,52,Metal
You Don’t Mess Around With Jim,1972,182000,4,0.763,0.736,11,-6.958,0,0.0491,0.584,1.71e-05,0.145,0.967,82.046,63,Pop
As Your Friend,2013,240004,4,0.654,0.761,6,-4.404,1,0.0678,0.0467,0.0,0.104,0.805,128.033,37,EDM
Remember (WALKING In The Sand),1964,244000,3,0.268,0.637,0,-6.062,0,0.0546,0.269,0.00778,0.626,0.494,201.363,40,Pop
Communication,1999,199667,4,0.386,0.967,8,-6.649,1,0.0379,5.45e-05,0.908,0.204,0.509,135.959,45,EDM
Problems,1958,80000,4,0.587,0.746,2,-5.435,1,0.0388,0.00771,2.17e-05,0.144,0.313,125.429,62,Pop
Hourglass,2004,240183,3,0.347,0.982,2,-3.399,1,0.128,0.00235,0.0237,0.375,0.146,115.64,54,Metal
Borderline,1984,237000,4,0.621,0.873,5,-3.067,0,0.0369,0.0406,9.1e-06,0.0824,0.873,97.96,81,Pop
Shower the People,1972,271706,4,0.675,0.448,2,-11.52,0,0.0235,0.32,0.0,0.0825,0.568,98.499,44,Folk
I Know You By Heart,1998,240826,4,0.334,0.191,8,-11.846,1,0.0332,0.561,9.76e-06,0.114,0.171,84.952,40,Folk
Just Out of Reach (Of My Two Empty Arms),1961,164493,4,0.48,0.293,11,-14.683,1,0.0346,0.869,5.59e-05,0.405,0.309,79.833,27,R&B
I'll Never Find Another You,1965,162320,4,0.567,0.672,10,-7.666,1,0.0336,0.75,0.0837,0.367,0.79,126.509,50,Folk
My Special Angel,1968,179000,4,0.478,0.29,1,-8.591,1,0.0243,0.824,0.0,0.114,0.375,79.111,41,Pop
If It Isn't Love,1988,309840,4,0.588,0.856,5,-12.418,0,0.0377,0.0913,2.59e-05,0.365,0.78,97.969,58,R&B
King Of My Heart,1980,246773,4,0.865,0.666,5,-8.512,1,0.0301,0.217,0.0,0.122,0.974,115.789,32,Disco
Keep the Customer Satisfied,1970,155000,4,0.473,0.743,8,-7.073,1,0.0456,0.111,0.0,0.58,0.622,135.624,45,Rock
Where Did We Go Wrong,1981,265226,4,0.361,0.467,8,-11.395,1,0.033,0.425,0.00285,0.0737,0.188,126.142,6,Disco
We Three Kings,2011,268000,4,0.537,0.584,9,-7.755,0,0.0248,0.353,1.76e-06,0.161,0.395,163.93,0,Rock
Call It Stormy Monday,1947,187600,4,0.511,0.295,0,-13.77,1,0.0637,0.857,0.000769,0.113,0.516,64.448,46,Blues
"Courtesy Of The Red,White And Blue (The Angry American)",2002,195533,4,0.424,0.662,2,-5.547,1,0.0425,0.518,1.77e-06,0.0719,0.385,111.758,73,Country
Papercut,2001,184866,4,0.524,0.939,9,-3.994,1,0.113,0.00022,0.0,0.623,0.661,150.184,78,Alt. Rock
This Love,2003,393706,4,0.402,0.73,6,-9.327,1,0.0455,0.000312,0.323,0.103,0.296,104.527,63,Metal
No More Tears,1991,443000,4,0.346,0.749,6,-6.506,1,0.035,0.00167,8.86e-05,0.648,0.315,102.591,71,Metal
Miss You,1978,127000,4,0.702,0.923,1,-5.077,0,0.295,0.21,0.0,0.06,0.687,128.021,66,Pop
Beneath The Wheel,1983,336200,4,0.479,0.762,6,-10.998,0,0.0523,8.61e-05,0.03,0.15,0.457,91.831,40,Punk
Disco Inferno,1976,659000,4,0.799,0.632,10,-12.364,1,0.0332,0.0293,0.359,0.103,0.967,128.567,56,Disco
When It’s Love,1988,269000,4,0.727,0.48,5,-9.278,0,0.0987,0.444,0.0,0.118,0.369,120.025,58,Pop
Criminology (feat. Ghostface Killah),1995,227106,4,0.712,0.726,2,-6.086,0,0.182,0.0168,0.0,0.0869,0.464,97.041,45,Rap
The Door,2000,356626,4,0.705,0.669,9,-6.66,1,0.0462,0.0408,0.00497,0.979,0.501,99.872,14,Blues
I Can't Get Started - Single Version,1937,177493,4,0.449,0.219,0,-13.589,1,0.0467,0.911,0.603,0.154,0.605,71.929,11,Jazz
Mr. Roboto,1983,328000,4,0.663,0.482,1,-12.093,1,0.0479,0.186,0.0,0.0521,0.314,144.13,58,Pop
Lights Out,1984,157000,4,0.628,0.889,11,-3.573,1,0.0983,0.0243,0.00106,0.0984,0.702,125.14,65,Pop
Shannon,1976,233000,4,0.558,0.36,5,-11.771,1,0.0232,0.23,0.00248,0.18,0.509,87.838,43,Pop
Hangin’ Tough,1989,256000,4,0.763,0.552,6,-11.98,1,0.0449,0.119,0.000695,0.28,0.744,90.775,49,Pop
Dolla Diva,2007,212680,4,0.623,0.783,2,-5.439,1,0.082,0.11,0.000995,0.0713,0.87,95.022,25,Funk
The Second Time Around,1980,223293,4,0.801,0.388,1,-12.135,1,0.0505,0.0123,7.16e-05,0.0924,0.577,112.367,52,Disco
Immortal,2019,254723,4,0.741,0.87,6,-3.494,0,0.503,0.00813,0.0,0.114,0.663,184.194,68,Rap
Between This Time And The Next Time,1981,176493,4,0.347,0.099,5,-18.303,1,0.034,0.551,1.51e-06,0.165,0.362,76.044,15,Country
Killing Me Softly With His Song,1973,298000,4,0.765,0.289,4,-17.125,0,0.147,0.0268,1.77e-06,0.562,0.501,92.413,78,Pop
Unpretty,1999,278066,4,0.648,0.622,7,-6.063,1,0.0428,0.00152,5.97e-05,0.109,0.51,88.684,61,R&B
Float On,1977,208000,4,0.649,0.888,6,-4.807,1,0.0293,0.013,2.23e-06,0.0888,0.553,100.975,75,Pop
The Bitch Is Back,1974,224000,4,0.586,0.86,1,-6.752,1,0.0578,0.0372,0.0011,0.1,0.942,132.798,56,Pop
"Foxy,Foxy",2006,208946,4,0.627,0.847,2,-4.497,1,0.0415,0.0117,0.0,0.317,0.62,110.123,42,Metal
Let’s Dance,1962,174000,4,0.415,0.51,0,-5.022,1,0.0343,0.13,0.0,0.101,0.829,176.246,42,Pop
Nazi Punks Fuck Off,1981,63390,3,0.397,0.923,10,-4.029,0,0.201,0.00132,0.0,0.261,0.676,112.666,49,Alt. Rock
Baby The Rain Must Fall,1965,139000,4,0.56,0.529,4,-10.105,1,0.0303,0.873,0.0,0.361,0.498,109.787,29,Pop
Are U Still Down / They Don’t Know,1998,266000,4,0.728,0.526,4,-8.672,0,0.0532,0.0139,2.48e-05,0.274,0.429,91.059,14,Pop
The Door Is Still Open To My Heart,1964,171000,4,0.236,0.429,3,-13.576,1,0.0467,0.702,0.000106,0.0696,0.356,84.686,37,Pop
Here in My Heart,1952,180000,4,0.633,0.614,9,-7.282,1,0.0247,0.34,0.0,0.15,0.38,85.981,49,Pop
Big Dusty,2015,293360,4,0.521,0.77,8,-5.204,1,0.495,0.443,0.0,0.204,0.421,81.05,38,Rap
Sweet Jane,1972,477106,4,0.394,0.649,4,-12.938,1,0.0571,0.178,0.311,0.212,0.699,111.317,27,Alt. Rock
My Prayer,1956,167800,3,0.359,0.272,10,-8.393,1,0.0294,0.812,0.0,0.095,0.254,109.249,52,R&B
Confirmation,1946,177600,4,0.515,0.527,10,-10.315,1,0.0454,0.517,1.42e-05,0.0659,0.744,103.357,33,Jazz
Alternative Ulster,1978,163880,4,0.439,0.971,11,-5.855,0,0.177,0.0148,1.34e-05,0.255,0.24,118.369,50,Punk
Xanadu,1980,208000,4,0.652,0.654,6,-7.679,1,0.0275,0.186,0.0,0.162,0.708,127.555,52,Pop
Muddy Water Blues,1927,173493,4,0.705,0.275,10,-15.445,0,0.0455,0.996,0.869,0.422,0.714,105.701,1,Jazz
Hammond Song,1979,345200,4,0.397,0.195,3,-11.475,1,0.0286,0.719,0.00119,0.0958,0.128,143.728,41,Folk
On My Mind - Radio Edit,2018,186885,4,0.578,0.941,3,-2.452,1,0.0901,0.00547,0.812,0.412,0.271,125.986,49,EDM
Glory Of Love,1986,258000,4,0.52,0.61,5,-7.935,1,0.0282,0.0805,2.95e-06,0.276,0.329,144.983,72,Pop
We Made It Look Easy,2024,195000,4,0.553,0.889,5,-7.542,1,0.0823,0.00568,0.000291,0.172,0.504,143.932,54,Rock
Fell On Black Days,1994,283026,3,0.574,0.739,4,-5.745,0,0.0271,0.00152,0.000328,0.141,0.514,101.069,68,Alt. Rock
Mayonaise - 2011 Remaster,1993,348773,4,0.482,0.528,10,-10.426,1,0.0272,0.000107,0.543,0.0839,0.0882,146.043,63,Alt. Rock
Earth Angel,1954,171000,4,0.487,0.338,8,-11.121,1,0.0271,0.84,0.0,0.196,0.433,78.983,58,Pop
I Got Everything I Need,1966,178706,3,0.488,0.164,2,-16.052,1,0.0365,0.507,3.84e-05,0.0785,0.485,154.021,26,R&B
Image Of A Girl,1960,162000,3,0.247,0.359,2,-8.888,1,0.0304,0.794,0.0,0.0699,0.449,185.652,28,Pop
Nevada,2016,208561,4,0.605,0.783,3,-4.271,1,0.0324,0.299,0.000175,0.133,0.105,124.015,70,EDM
Blue Gardenia,1953,317160,5,0.46,0.112,0,-14.296,0,0.0455,0.975,0.00444,0.123,0.185,172.061,25,Blues
Circle of the Tyrants,1987,276933,4,0.247,0.97,4,-7.921,1,0.0937,1.38e-05,0.842,0.21,0.0877,131.315,31,Metal
The Trooper,1983,252000,4,0.286,0.907,4,-4.601,0,0.0702,0.0326,0.00837,0.311,0.662,159.756,61,Metal
La Ronde Suite,1959,576306,4,0.481,0.27,7,-15.095,1,0.0601,0.837,0.0329,0.125,0.281,97.164,21,Jazz
Big Pimpin',2001,283066,4,0.88,0.814,11,-6.307,0,0.14,0.168,0.00672,0.0584,0.942,138.083,68,Rap
G.H.E.T.T.O.U.T.,1997,264000,4,0.71,0.312,10,-6.918,0,0.0325,0.391,2.19e-06,0.0682,0.535,108.262,45,Pop
"Shout,Pts. 1 & 2",1959,268560,4,0.489,0.866,10,-7.433,1,0.0933,0.753,0.0,0.876,0.416,138.63,56,Funk
The Family Ghost,1989,245893,4,0.256,0.87,9,-11.187,1,0.102,0.00805,0.232,0.366,0.177,102.911,34,Metal
High Tension Wire - Live at Max's Kansas City Halloween 1976,1976,250615,4,0.342,0.864,9,-6.57,0,0.0563,0.11,0.00389,0.118,0.232,116.164,9,Punk
Sure As I'm Sittin' Here - Single Version,1974,286000,4,0.576,0.859,2,-9.184,1,0.0453,0.0128,7.59e-06,0.0724,0.8,135.097,21,Rock
Tones for Joan's Bones,1966,369066,4,0.542,0.0623,2,-26.539,1,0.0392,0.579,0.894,0.0868,0.165,92.336,16,Jazz
Count Me In,2012,189613,4,0.8,0.661,7,-8.291,1,0.0304,0.0204,0.000107,0.0687,0.59,92.015,57,Reggae
Apache,1961,373000,4,0.827,0.928,7,-7.266,1,0.133,0.332,0.0,0.0576,0.261,115.023,48,Pop
Believe,1999,204000,4,0.776,0.78,10,-4.374,0,0.128,0.0622,0.0,0.081,0.666,124.949,86,Pop
Simmer Down,1997,213333,4,0.751,0.884,0,-10.887,0,0.03,0.0225,0.00299,0.0845,0.987,125.681,33,SKA
Robbie-Doby Boogie,1973,142933,4,0.692,0.435,0,-9.97,0,0.0592,0.862,0.000268,0.135,0.965,80.971,21,Blues
The Pot,2006,381946,4,0.469,0.79,7,-6.889,1,0.0391,0.000148,0.372,0.282,0.466,107.45,68,Metal
Piece Of My Heart,1991,253000,4,0.443,0.727,4,-7.951,1,0.145,0.263,0.000141,0.169,0.566,160.82,66,Pop
Maybe Partying Will Help,1983,116426,4,0.59,0.833,9,-9.976,1,0.0983,0.0145,0.527,0.0613,0.574,134.864,35,Punk
Raspberry Beret,1985,215000,4,0.761,0.67,2,-12.759,1,0.0438,0.21,0.000426,0.0684,0.91,120.75,64,Pop
La Bamba,1987,126000,4,0.516,0.809,0,-6.419,1,0.0545,0.787,0.000331,0.303,0.939,75.099,67,Pop
The Sweetest Thing (I’VE Ever Known),1982,243000,4,0.476,0.249,7,-8.928,1,0.0261,0.715,1.39e-05,0.273,0.15,76.915,0,Pop
I Believe,1995,167000,4,0.526,0.775,0,-6.05,1,0.0352,0.707,2.05e-05,0.217,0.962,80.106,74,Pop
Soul Fixin' Man,1994,187826,4,0.529,0.595,2,-13.696,1,0.0375,0.0227,0.0266,0.0326,0.767,134.642,8,Blues
As Long As I'm Alive,1990,276000,4,0.576,0.494,2,-10.292,1,0.0274,0.186,3.74e-06,0.309,0.341,131.909,20,Rock
Blues In the Air - Take 1,1939,166640,4,0.6,0.0819,3,-14.799,1,0.0485,0.895,0.87,0.25,0.557,80.081,8,Jazz
Flamboyant,2000,187093,4,0.844,0.676,11,-9.791,1,0.233,0.276,0.0,0.113,0.9,93.927,51,Rap
Change for the Better,2008,352000,4,0.491,0.87,9,-5.146,1,0.0475,0.00661,1.01e-06,0.123,0.363,141.961,22,Rock
Swingin Party - 2008 Remaster,1985,233573,4,0.647,0.69,6,-8.657,0,0.0454,0.0224,0.0,0.147,0.682,117.514,53,Alt. Rock
Shapes Of Things To Come,1984,254640,4,0.35,0.896,11,-8.323,1,0.0841,0.00252,0.00703,0.33,0.416,102.817,24,Blues
Tom Dooley,1964,195333,4,0.627,0.394,9,-12.793,1,0.0344,0.855,0.0,0.0904,0.887,123.939,29,Folk
Gypsy Woman,1971,451000,4,0.484,0.641,5,-12.612,1,0.0377,0.000779,0.278,0.0738,0.181,119.981,67,Pop
The Class Of '57,1972,157920,4,0.505,0.47,4,-9.498,1,0.0321,0.8,0.0,0.277,0.761,171.25,38,Country
Football Fight,1980,88000,4,0.513,0.88,9,-6.808,0,0.0755,0.000206,0.678,0.362,0.317,92.125,8,Rock
Angel Eyes,1983,468866,4,0.7,0.721,5,-13.696,0,0.055,0.00914,0.000839,0.0599,0.786,121.785,30,Disco
Teenagers From Mars,1984,170706,4,0.347,0.945,4,-9.165,1,0.0469,0.274,0.648,0.168,0.462,164.606,40,Metal
The Ballroom Blitz,1975,221000,4,0.601,0.948,1,-5.176,0,0.0543,0.000598,0.00031,0.0537,0.511,112.49,31,Pop
Celebrate New Life,1987,227026,4,0.671,0.741,1,-11.894,1,0.0494,0.137,4.26e-05,0.0852,0.877,108.617,21,Gospel
A Rockin’ Good Way (TO Mess Around And Fall In Love),1960,148000,4,0.792,0.487,8,-11.984,1,0.0619,0.848,0.000164,0.191,0.959,129.911,37,Pop
Scufflin',1994,164253,4,0.61,0.952,9,-4.562,1,0.243,0.272,0.000142,0.0779,0.597,99.788,6,Blues
Duality,2004,252613,4,0.354,0.982,4,-3.026,0,0.168,0.000237,0.000294,0.204,0.194,143.772,80,Metal
Blindfolded,2014,323000,4,0.55,0.877,4,-5.683,0,0.0424,0.00209,0.262,0.65,0.605,122.001,28,Rock
Hunger,2018,214666,4,0.729,0.675,2,-5.62,0,0.0415,0.53,0.0,0.0985,0.332,116.016,59,Alt. Rock
Untitled (How Does It Feel),2000,430800,3,0.838,0.304,4,-9.975,0,0.0626,0.16,0.0267,0.0828,0.221,112.618,57,R&B
Little Honda,1964,114000,4,0.429,0.556,1,-9.78,1,0.032,0.203,0.0,0.126,0.766,151.098,44,Pop
Blue Orchid,2005,157560,4,0.481,0.645,10,-8.535,0,0.318,0.0863,6.2e-06,0.332,0.612,151.307,65,Alt. Rock
Cry Baby,2018,157086,4,0.664,0.762,1,-4.286,1,0.104,0.333,1.26e-06,0.177,0.576,118.979,75,EDM
The World Is New,1999,131533,4,0.562,0.907,10,-4.667,1,0.128,0.105,3.13e-05,0.231,0.837,95.892,41,SKA
Hurt Locker - Main,2004,261423,4,0.475,0.918,11,-5.081,0,0.358,0.0667,0.0,0.279,0.746,88.627,17,Rap
Sepulnation,1996,260360,4,0.468,0.888,2,-6.113,1,0.0561,7.05e-06,0.0405,0.158,0.372,113.166,36,Metal
Staircase Part 3,1970,78173,4,0.382,0.0832,9,-21.562,0,0.0846,0.982,0.85,0.0734,0.456,115.312,29,Jazz
I Miss You,1986,167000,5,0.445,0.455,7,-6.405,1,0.0575,0.731,1.47e-06,0.124,0.151,109.885,81,Pop
Wetter,2004,256235,4,0.83,0.641,7,-10.902,1,0.13,0.176,0.0,0.392,0.614,119.968,52,Rap
The World Is Waiting For The Sunrise,1951,132973,4,0.7,0.559,1,-8.742,1,0.0297,0.56,0.000297,0.0757,0.911,133.123,24,Jazz
TV Mama,1953,169426,4,0.708,0.653,2,-6.452,1,0.0333,0.781,0.00157,0.15,0.846,93.861,10,R&B
Both (feat. Drake),2016,190311,4,0.85,0.405,7,-7.509,0,0.225,0.119,0.000118,0.0707,0.344,139.976,66,Rap
#1 Hit Song,1983,109066,4,0.576,0.82,4,-9.387,1,0.113,0.0144,0.739,0.2,0.445,91.208,37,Punk
Bust A Move,1989,263000,4,0.946,0.772,4,-7.537,0,0.121,0.0512,2.26e-06,0.0612,0.743,116.972,64,Pop
Vivrant Thing,1999,190826,4,0.924,0.75,9,-6.582,1,0.0418,0.007,0.000198,0.0638,0.672,99.034,54,Rap
Rock And Roll Music,1976,115000,4,0.556,0.265,9,-14.293,1,0.077,0.138,0.102,0.122,0.757,171.979,3,Pop
Too High - Prelude,2019,104373,4,0.415,0.327,10,-17.178,0,0.0868,0.95,0.0,0.371,0.672,80.929,10,Funk
Tim Finnegan's Wake (with Tommy Makem),1961,189440,4,0.662,0.398,0,-17.986,1,0.565,0.907,0.0,0.721,0.506,122.114,26,Folk
Won't Look Back,2014,270135,4,0.697,0.879,8,-6.014,0,0.0456,0.00502,0.626,0.171,0.591,124.007,56,EDM
"Work REMIX (feat. A$AP Rocky,French Montana,Trinidad James & ScHoolboy Q)",2013,283693,4,0.841,0.733,1,-5.077,1,0.142,0.0246,0.0,0.174,0.284,130.009,64,Rap
Oh Death,1964,202546,4,0.548,0.204,6,-12.762,1,0.0338,0.976,0.0,0.424,0.548,92.519,29,Folk
Where Did I Go Wrong,1986,213360,4,0.496,0.492,0,-13.83,1,0.0265,0.233,1.56e-05,0.0732,0.808,169.219,34,Country
For Your Glory - Live,2014,406440,4,0.443,0.596,8,-6.379,1,0.0391,0.128,0.0,0.384,0.27,99.754,53,Gospel
This Kiss,1999,194000,4,0.398,0.804,11,-5.559,1,0.0451,0.175,0.0,0.181,0.709,186.752,67,Pop
Bed Of Roses,1993,394000,3,0.309,0.596,5,-5.599,1,0.0293,0.101,0.0,0.21,0.161,164.587,72,Pop
I Love How You Love Me,1969,184000,4,0.692,0.883,7,-4.698,1,0.0582,0.0512,0.0,0.228,0.614,122.984,65,Pop
Last Cup of Sorrow - 2016 Remaster,1997,257866,4,0.489,0.91,4,-6.746,0,0.0545,3.19e-05,0.09,0.17,0.645,76.774,43,Metal
Ready To Fall,2006,227706,4,0.443,0.984,1,-3.794,0,0.077,0.000118,0.000593,0.0782,0.484,128.577,46,Punk
My House (feat. Jean-Baptiste Kouame),2008,206840,4,0.696,0.756,4,-3.75,1,0.0601,0.0244,0.0,0.254,0.503,125.959,16,EDM
There Is a Light That Never Goes Out - 2011 Remaster,1986,244586,4,0.523,0.769,4,-5.855,1,0.0269,0.04,0.0,0.136,0.876,136.162,81,Alt. Rock
Nothing Lasts Forever,1997,235119,4,0.432,0.654,0,-5.345,1,0.0273,0.028,1.33e-05,0.176,0.399,83.85,44,Alt. Rock
Stagger Lee,1953,173653,4,0.528,0.873,10,-6.849,1,0.0642,0.722,0.87,0.864,0.894,80.141,14,Blues
Send In The Clowns,1974,380533,5,0.18,0.0774,3,-18.449,1,0.035,0.97,0.00015,0.112,0.0528,82.2,17,Jazz
Muskrat Love,1976,228000,4,0.659,0.257,9,-16.552,1,0.0382,0.89,0.00014,0.252,0.222,102.977,41,Pop
New Church,1979,145946,4,0.22,0.944,11,-6.514,0,0.135,0.00712,0.00411,0.0671,0.461,174.149,21,Punk
Close My Eyes Forever,1989,283000,4,0.476,0.331,5,-14.884,1,0.0305,0.31,2.82e-06,0.172,0.24,130.574,59,Pop
In The Days Of The Caveman,1993,220493,4,0.655,0.85,11,-7.695,1,0.0317,0.079,0.000864,0.329,0.642,122.95,37,Alt. Rock
Thank God For Kids,1984,154693,4,0.418,0.214,2,-15.382,1,0.0285,0.215,0.0,0.306,0.282,74.472,20,Country
The Real Slim Shady,2000,284200,4,0.949,0.661,5,-4.244,0,0.0572,0.0302,0.0,0.0454,0.76,104.504,85,Rap
Hey Ladies,1989,227773,4,0.949,0.728,1,-10.653,1,0.211,0.286,0.0,0.0465,0.795,101.718,51,Alt. Rock
New Lands (Live / AAA),2012,271429,4,0.577,0.818,4,-5.085,1,0.0378,0.0411,0.000662,0.825,0.446,126.906,22,EDM
Bang A Gong (GET It On),1972,267000,4,0.729,0.818,2,-9.992,1,0.0732,0.157,0.284,0.195,0.906,125.814,63,Pop
Take Your Time (Do It Right),1980,209986,4,0.917,0.489,0,-5.417,1,0.0569,0.134,0.0,0.0664,0.603,118.12,30,Disco
Down With the King (feat. Pete Rock & C.L. Smooth),1993,302626,4,0.787,0.637,1,-12.149,1,0.206,0.0695,1.31e-05,0.415,0.762,96.022,46,Rap
"Hello Muddah,Hello Faddah! (A Letter From Camp)",1963,174000,4,0.619,0.409,9,-12.887,1,0.201,0.81,0.0,0.641,0.626,115.591,6,Pop
White Dove,1962,180653,4,0.582,0.355,5,-11.95,1,0.0295,0.476,4.32e-05,0.327,0.588,111.426,15,Country
Rock Me,1960,160093,3,0.654,0.185,10,-11.301,1,0.0376,0.906,1.76e-05,0.302,0.693,121.534,33,Gospel
Roses,2003,369573,4,0.751,0.708,0,-5.653,1,0.0545,0.0482,1.85e-05,0.107,0.509,108.97,70,Rap
She's Got You,1962,178546,3,0.387,0.186,5,-13.216,1,0.0322,0.861,0.0,0.106,0.606,184.589,39,Country
Colours of My Life - Mono; 1999 Remaster,1966,164600,4,0.366,0.388,0,-9.621,1,0.0288,0.681,0.0,0.107,0.472,116.1,25,Folk
Something To Talk About,1991,204000,4,0.612,0.934,9,-5.126,0,0.0663,0.049,0.0,0.103,0.293,130.002,69,Pop
In Harm's Way,2009,320333,4,0.549,0.555,8,-6.7,1,0.0278,0.462,0.0,0.103,0.154,107.931,34,Gospel
Hollywood,1977,249400,4,0.654,0.401,4,-16.35,1,0.0563,0.841,0.155,0.0996,0.685,92.744,32,Funk
Devoured by Vermin,2006,193160,3,0.164,0.984,7,-8.975,1,0.22,0.000179,0.826,0.131,0.056,177.747,32,Metal
Jungle Boogie,1973,186533,4,0.808,0.85,5,-8.772,1,0.0868,0.115,0.000109,0.316,0.717,106.855,61,R&B
Clinch Mountain Backstep,1956,138240,4,0.473,0.752,8,-8.3,1,0.0328,0.0127,0.942,0.133,0.966,138.192,36,Country
Tutti Frutti,1955,144226,4,0.555,0.658,5,-3.866,1,0.0541,0.793,0.0,0.118,0.937,184.835,64,R&B
Get Low,2014,212773,4,0.674,0.932,11,-4.424,0,0.0859,0.0282,0.71,0.684,0.728,101.033,59,EDM
Zerøx,1979,226906,4,0.305,0.957,9,-5.212,1,0.046,0.0606,0.0432,0.246,0.414,150.438,26,Punk
Get It Wet,2004,242960,1,0.678,0.795,5,-9.313,0,0.0822,0.00781,0.0,0.156,0.55,128.949,42,Rap
Follow the Brightest Star,1979,449633,4,0.589,0.88,0,-4.401,1,0.0279,0.00233,0.00517,0.225,0.606,127.438,2,Disco
I'm Waiting For The Man,1967,279520,4,0.678,0.646,7,-9.765,1,0.0442,0.0324,0.869,0.152,0.826,125.844,55,Alt. Rock
Ain't Misbehavin',1929,201493,4,0.692,0.133,7,-15.071,1,0.147,0.988,0.0141,0.617,0.445,121.866,28,Jazz
Let’s Go Crazy,1984,189000,4,0.584,0.85,7,-4.196,1,0.0469,0.195,0.0,0.708,0.633,120.043,6,Pop
Parisian Thoroughfare - Remastered 1998/Rudy Van Gelder Edition,1998,205773,4,0.544,0.475,5,-10.675,1,0.0384,0.874,0.00691,0.174,0.757,123.96,15,Jazz
Gonna Fly Now,1977,167000,4,0.434,0.722,0,-6.388,1,0.0351,0.462,0.773,0.05,0.453,95.637,64,Pop
Saturday In The Park,1972,235000,4,0.67,0.763,7,-6.864,1,0.0341,0.155,0.0,0.0799,0.61,114.398,63,Pop
Buffalo Soldier,1983,255840,4,0.929,0.463,9,-8.651,1,0.308,0.143,5.3e-06,0.0634,0.755,124.084,73,Reggae
"The Makings of You - From ""Claudine"" - Original Soundtrack",1974,144226,4,0.445,0.255,4,-13.252,1,0.0348,0.724,0.00464,0.104,0.44,70.688,37,R&B
Thank God I’m A Country Boy,1975,200000,3,0.398,0.703,9,-11.289,1,0.319,0.662,0.0,0.703,0.861,202.14,16,Pop
911,2019,127022,4,0.68,0.414,6,-7.873,0,0.323,0.00383,0.0,0.0783,0.131,106.943,65,Rap
Blue Suede Shoes,1956,119000,4,0.557,0.66,2,-7.706,1,0.056,0.654,1.66e-06,0.138,0.962,95.252,64,Pop
Respect,1965,131426,4,0.707,0.732,2,-8.44,1,0.0433,0.204,3.95e-05,0.0357,0.963,117.063,35,R&B
Last Kiss,1999,195466,4,0.622,0.692,7,-6.97,1,0.0276,0.363,0.000158,0.193,0.774,112.053,71,Alt. Rock
I Take What I Want - Mono,1965,154760,4,0.738,0.416,2,-12.06,1,0.0634,0.437,0.000102,0.136,0.873,88.558,26,R&B
The Makings of You,1970,223866,4,0.367,0.431,5,-11.191,1,0.0576,0.758,8.89e-06,0.113,0.57,76.454,43,Funk
You’re The One,1965,147000,4,0.769,0.407,7,-13.556,1,0.031,0.733,0.0,0.244,0.921,115.65,50,Pop
Your Funeral And My Trial,1959,152183,1,0.433,0.533,2,-12.92,1,0.0589,0.439,0.0,0.116,0.798,157.132,25,Blues
Jah Rastafari - 2001 Digital Remaster,2001,219133,4,0.756,0.546,9,-9.359,1,0.161,0.205,0.0,0.329,0.949,75.354,41,Reggae
"Once Bitten,Twice Shy",1989,322000,4,0.722,0.54,0,-14.025,1,0.0303,0.028,0.00319,0.133,0.608,131.676,58,Pop
Coma of Souls,1990,258440,4,0.353,0.983,0,-9.017,1,0.0912,9.94e-05,0.522,0.205,0.125,104.121,30,Metal
Cities on Flame with Rock 'n' Roll - Remastered,1994,248000,4,0.399,0.707,11,-9.683,1,0.0525,0.0128,0.000942,0.0982,0.642,174.161,13,Rock
Psycho Killer - 2005 Remaster,1977,261413,4,0.721,0.521,2,-8.123,1,0.0613,0.0708,0.00545,0.127,0.942,123.118,74,Alt. Rock
Dukey Stick,1978,368360,4,0.776,0.723,4,-8.828,0,0.157,0.159,5.17e-06,0.281,0.806,93.893,28,Funk
I Need More Of You,1980,207133,4,0.625,0.768,7,-6.569,1,0.0293,0.0627,5.76e-06,0.149,0.824,118.958,45,Country
Little Bitty Pretty One,1957,142000,4,0.536,0.528,0,-8.608,0,0.301,0.704,1.96e-05,0.0873,0.928,177.019,60,Pop
Fade (feat. Zak Waters),2013,207743,3,0.413,0.909,11,-4.16,0,0.0606,0.0117,0.0979,0.107,0.0393,100.831,35,EDM
Make the World Go Away,1965,161533,3,0.213,0.213,1,-11.896,1,0.0345,0.882,3.16e-05,0.0633,0.519,206.983,43,Country
Feels So Good,1997,582000,4,0.576,0.603,5,-9.603,1,0.0329,0.455,0.0537,0.0406,0.524,103.658,51,Pop
The Promise,1996,327866,4,0.496,0.0975,1,-17.234,1,0.0318,0.703,0.000714,0.0951,0.36,141.397,58,Folk
Give It To Me Baby,1981,248133,4,0.706,0.727,11,-8.714,1,0.0456,0.114,7.7e-05,0.174,0.965,119.55,64,R&B
The Name Of The Game,1977,291866,4,0.656,0.565,9,-8.722,1,0.0301,0.357,0.000192,0.0629,0.615,77.049,59,Disco
Word Up!,1986,172000,4,0.577,0.94,6,-4.439,0,0.0361,2.42e-05,0.0715,0.347,0.818,116.045,66,Pop
Name,1995,270000,4,0.464,0.701,9,-5.943,1,0.0341,0.0691,0.00182,0.0766,0.407,73.97,66,Pop
Punk Rock Song,1990,147173,4,0.318,0.984,1,-4.673,0,0.0806,0.000215,0.000244,0.386,0.716,177.229,54,Punk
Got Your Money (feat. Kelis) - Instrumental,1999,243293,4,0.785,0.499,1,-9.505,1,0.0819,3.89e-05,0.87,0.0536,0.694,103.067,16,Rap
Stupid Girl - Remastered 2015,1996,258533,4,0.634,0.756,1,-4.81,0,0.0332,0.00251,0.000441,0.0427,0.661,119.948,51,Alt. Rock
Black Hole Sun,1994,318586,4,0.35,0.828,6,-5.373,1,0.041,0.000217,0.000161,0.0774,0.147,105.435,78,Alt. Rock
The Strenuous Life,1902,281306,4,0.454,0.231,0,-20.398,1,0.035,0.992,0.888,0.166,0.665,140.282,9,Jazz
Pretty Polly,1964,176733,4,0.557,0.343,7,-10.756,1,0.033,0.878,0.0,0.0481,0.923,128.676,20,Folk
Troglodyte (CAVE Man),1972,217000,4,0.797,0.653,5,-14.226,1,0.0722,0.0527,0.0043,0.0801,0.861,133.294,27,Pop
Shove - Remastered,1992,193480,4,0.386,0.916,4,-6.24,0,0.0519,0.000404,0.495,0.0855,0.321,100.238,39,Punk
The Name Game,1965,295000,4,0.602,0.629,9,-5.796,1,0.0274,0.0548,2.23e-06,0.0813,0.47,78.009,59,Pop
The Kilburn High Road,2008,223280,4,0.287,0.992,4,-3.36,0,0.0623,0.000726,0.00655,0.213,0.47,143.784,36,Punk
Mockingbird,2004,250760,4,0.637,0.678,0,-3.798,1,0.266,0.209,0.0,0.156,0.254,84.039,86,Rap
Fancy Free,1965,727160,4,0.572,0.465,0,-11.912,1,0.0325,0.858,0.721,0.0867,0.777,139.846,14,Jazz
Into The Night,1980,271000,4,0.435,0.69,0,-6.635,0,0.0388,0.463,0.0,0.104,0.51,163.486,57,Pop
Donna The Prima Donna,1963,168000,4,0.331,0.556,6,-10.672,0,0.0372,0.675,0.0,0.353,0.939,138.635,41,Pop
The Sweetest Taboo,1985,276640,4,0.75,0.79,10,-9.696,0,0.0463,0.125,0.00904,0.317,0.96,91.633,58,R&B
Chicken Strut,1970,194560,4,0.612,0.623,9,-12.776,1,0.247,0.102,0.26,0.323,0.757,100.996,27,Funk
I Do Love You,1979,288733,4,0.465,0.48,7,-13.653,1,0.202,0.0343,2.93e-06,0.0427,0.365,184.611,50,Disco
She Loves Me Now,1994,228506,4,0.672,0.507,9,-8.643,1,0.189,0.166,8.55e-06,0.237,0.63,178.894,23,Reggae
Just Rhymin' with Biz feat. Biz Markie,1987,241960,4,0.876,0.804,10,-11.967,0,0.622,0.115,0.0,0.354,0.741,93.62,22,Rap
Sail Away - 2004 Remix,1974,336000,4,0.555,0.803,4,-7.321,0,0.0308,0.143,1.44e-05,0.881,0.825,95.474,11,Rock
(KEEP Feeling) Fascination,1983,225000,4,0.724,0.645,0,-6.699,1,0.0852,0.423,0.0,0.386,0.713,118.284,48,Pop
Straight Up And Down - Remastered 1998/Rudy Van Gelder Edition,1964,499173,4,0.48,0.664,0,-5.966,1,0.0634,0.538,0.00373,0.384,0.337,101.221,18,Jazz
In the Hall of the Mountain King,1973,392000,4,0.339,0.438,9,-13.943,0,0.0474,0.469,0.68,0.109,0.462,111.341,24,Rock
Mellow Yellow,1967,225000,4,0.493,0.852,11,-3.349,0,0.0802,0.0231,9.72e-06,0.147,0.499,86.309,63,Pop
Wade In The Water,1998,244093,4,0.648,0.375,10,-10.823,0,0.033,0.701,2.44e-06,0.0998,0.612,112.668,44,Folk
Dancing In The Street,1985,241000,4,0.527,0.942,1,-5.64,0,0.0366,0.0115,0.0,0.188,0.495,148.723,84,Pop
King Tim III (Personality Jock),1979,246773,4,0.735,0.905,0,-7.784,1,0.0608,0.00735,8.58e-05,0.134,0.841,119.349,17,Funk
I Second That Emotion,1968,161000,4,0.711,0.663,2,-9.262,1,0.0308,0.26,1.2e-06,0.0291,0.896,96.812,57,Pop
We're Desperate,1980,120061,4,0.638,0.777,2,-6.501,1,0.0683,0.0133,1.52e-05,0.264,0.685,132.934,22,Punk
Fishin',1974,455040,4,0.737,0.638,4,-7.954,0,0.114,0.0568,0.0,0.365,0.552,104.071,1,Blues
Whispering Bells,1957,143000,4,0.516,0.685,10,-9.792,1,0.0565,0.74,1.34e-05,0.419,0.747,127.047,42,Pop
I Made It Through The Rain,1981,264000,4,0.326,0.312,10,-10.307,1,0.0284,0.678,1.16e-06,0.11,0.13,137.115,42,Pop
Slow Down,1954,94666,4,0.848,0.403,9,-10.984,1,0.0364,0.841,0.000365,0.0997,0.861,106.7,39,Blues
Swimming Song,1976,149933,4,0.675,0.351,0,-11.139,1,0.0287,0.89,0.0173,0.076,0.754,97.441,36,Folk
Waking the Demon,2008,247693,4,0.306,0.995,2,-3.203,1,0.1,2.98e-05,0.00859,0.254,0.135,127.908,52,Metal
Moonlighting,1986,183973,4,0.666,0.828,1,-5.276,1,0.0303,0.223,1.86e-05,0.316,0.613,101.408,35,Jazz
Waves,2015,211630,4,0.733,0.912,8,-3.239,0,0.223,0.223,0.0,0.206,0.888,89.947,60,Rap
It's Not Easy,1991,322533,4,0.697,0.72,11,-4.658,1,0.0277,0.264,0.0,0.201,0.657,129.453,29,Reggae
Ain't No Way,1968,254399,3,0.388,0.316,3,-9.477,1,0.0297,0.8,0.000381,0.086,0.23,135.461,46,R&B
The End,1967,703000,4,0.347,0.302,0,-12.104,1,0.0291,0.163,9.17e-05,0.14,0.0332,105.702,58,Rock
Al Capone,1964,183640,4,0.693,0.773,10,-9.112,1,0.139,0.0174,0.492,0.308,0.8,116.889,34,SKA
Motel Blues,1973,167280,4,0.464,0.203,7,-17.867,1,0.04,0.678,2.57e-05,0.185,0.311,156.274,41,Folk
Gimme! Gimme! Gimme! (A Man After Midnight),1979,292613,4,0.749,0.491,10,-9.655,1,0.0403,0.02,0.00899,0.159,0.536,119.528,81,Disco
If Your Girl Only Knew,1996,290000,4,0.841,0.741,9,-3.487,0,0.0359,0.137,0.000445,0.11,0.834,88.408,57,Pop
40:1,2008,250813,4,0.462,0.941,6,-4.34,0,0.0868,6.97e-05,0.000605,0.151,0.539,130.119,52,Metal
The Fly,1961,147000,4,0.668,0.26,7,-14.256,1,0.0523,0.453,0.0,0.0621,0.368,119.416,73,Pop
Spike Driver Blues,1928,208173,4,0.389,0.0784,0,-22.531,1,0.0467,0.958,0.0673,0.117,0.62,183.226,25,Blues
Ten Feet Tall,2014,229149,4,0.523,0.861,0,-3.447,1,0.0644,0.0336,0.0,0.144,0.346,127.049,59,EDM
Set 'Em Up Joe,1983,145200,4,0.853,0.401,2,-12.526,1,0.0325,0.418,0.000269,0.222,0.663,120.049,49,Country
My Arms Stay Open Late,1971,127906,4,0.574,0.339,9,-10.155,1,0.0247,0.724,0.00305,0.392,0.513,96.644,22,Country
Snap Your Fingers,1962,251000,4,0.668,0.788,5,-6.752,1,0.0424,7.48e-05,0.108,0.0792,0.692,137.38,53,Pop
American Lockdown,1981,191773,4,0.463,0.994,4,-1.389,0,0.113,0.00576,0.398,0.729,0.226,98.822,10,Punk
Everything A Man Could Ever Need,1970,152560,4,0.522,0.481,1,-13.508,1,0.0293,0.356,0.0,0.162,0.747,110.566,29,Country
He's Right On Time - Live,1986,282093,4,0.606,0.886,1,-9.375,1,0.142,0.167,0.0,0.947,0.832,147.886,10,Gospel
Back Door Man,1961,173533,4,0.528,0.592,9,-14.041,0,0.0621,0.747,1.13e-06,0.203,0.925,156.623,39,Blues
I’d Really Love To See You Tonight,1976,159000,4,0.62,0.556,5,-12.044,1,0.0336,0.184,0.0,0.301,0.591,119.17,19,Pop
Baby Can I Hold You,1988,193120,4,0.692,0.422,2,-10.533,1,0.0333,0.0811,0.0,0.0848,0.468,74.375,77,Folk
Wine Me Up,1969,144120,4,0.547,0.254,9,-16.548,1,0.0461,0.133,8.24e-05,0.263,0.903,139.65,32,Country
This Love On Me,1977,294173,4,0.669,0.754,6,-11.517,1,0.0386,0.0898,0.00866,0.0523,0.96,123.278,17,Disco
No Shoe Strings On Louise,1970,209000,4,0.481,0.665,4,-8.216,1,0.0367,0.219,0.0,0.0762,0.697,145.019,26,Rock
Real Love,1980,189000,4,0.417,0.686,7,-6.484,1,0.0373,0.0955,0.0287,0.0989,0.625,204.113,79,Pop
So What,1981,183106,4,0.472,0.903,2,-6.703,1,0.0515,0.000604,0.000696,0.388,0.582,99.972,34,Punk
Prototype,2003,326240,4,0.643,0.376,9,-7.424,1,0.0426,0.348,0.000335,0.111,0.193,76.002,56,Rap
Stress,2008,298586,4,0.518,0.932,10,-4.854,0,0.134,0.00297,0.881,0.268,0.279,126.94,49,EDM
That's Life,1978,171813,4,0.379,0.911,2,-9.001,1,0.101,0.0329,0.0,0.66,0.604,163.803,20,Punk
"Swing,Swing",2004,233266,4,0.553,0.717,7,-5.857,1,0.0318,6.48e-05,0.128,0.0385,0.318,127.947,66,Alt. Rock
Infatuation,1984,221000,4,0.629,0.608,2,-7.247,0,0.077,0.0724,0.0,0.0874,0.419,103.022,53,Pop
Hillbilly Rock,1989,158000,4,0.784,0.599,5,-14.624,0,0.0362,0.241,0.0,0.106,0.906,141.401,43,Country
You’ll Never Find Another Love Like Mine,1976,232000,4,0.564,0.657,7,-9.318,1,0.109,0.653,0.0,0.122,0.516,129.849,21,Pop
On the Roof,1978,181093,4,0.331,0.657,9,-6.709,1,0.0631,0.135,0.039,0.0763,0.417,87.971,15,Punk
Eighties - 2007 Digital Remaster,1984,239280,4,0.394,0.965,3,-8.837,1,0.139,0.000744,0.0161,0.337,0.346,151.918,54,Punk
Road to Nowhere,1985,259106,4,0.661,0.713,2,-7.825,1,0.0296,0.0361,2.27e-05,0.153,0.632,110.364,57,Alt. Rock
Never Never Never,1972,237706,4,0.615,0.286,11,-16.612,1,0.063,0.247,0.0,0.113,0.833,83.013,31,Reggae
True Colors,1986,227000,4,0.397,0.207,0,-13.155,1,0.0331,0.701,3.07e-05,0.116,0.268,171.282,70,Pop
Tangerine,1976,280833,4,0.602,0.598,0,-12.715,1,0.0359,0.00336,0.3,0.129,0.816,123.128,23,Disco
One Way Ticket Home,1998,137000,4,0.894,0.531,0,-8.659,1,0.0359,0.079,0.00254,0.229,0.961,114.016,16,SKA
(You Make Me Feel Like) A Natural Woman,1967,165333,3,0.603,0.271,5,-10.083,1,0.0284,0.679,0.0,0.141,0.405,110.89,67,R&B
The Old Violin,1986,251800,4,0.613,0.191,11,-15.103,1,0.0281,0.323,0.000332,0.0832,0.183,104.884,43,Country
One Dime Blues,1927,168133,4,0.498,0.245,5,-9.717,1,0.0558,0.984,5.1e-05,0.129,0.572,113.23,10,Blues
No Cigarette Smoking (In My Room),2001,220493,4,0.703,0.525,6,-4.859,0,0.0956,0.0349,0.0,0.0631,0.766,135.835,47,Reggae
Loser,2000,264800,4,0.493,0.88,6,-6.424,0,0.0693,0.0108,2.66e-05,0.226,0.389,147.913,61,Alt. Rock
Saved,1960,174733,4,0.608,0.6,10,-12.372,1,0.0527,0.575,0.0,0.437,0.932,145.735,22,R&B
Sweet Dreams,1982,173000,4,0.71,0.57,2,-4.99,0,0.0295,0.251,0.000306,0.117,0.486,75.036,77,Pop
Love Is A Hurtin' Thing,1966,134426,4,0.409,0.433,3,-10.693,1,0.0309,0.468,1.53e-05,0.0863,0.74,182.452,34,R&B
Beautiful Brother of Mine,1973,447200,4,0.548,0.821,6,-6.171,0,0.0687,0.097,2.17e-05,0.324,0.508,124.143,21,R&B
Spiderwebs,1995,266760,4,0.49,0.852,10,-7.192,1,0.0502,0.0376,2.21e-06,0.126,0.663,143.248,62,Alt. Rock
Get On Up,1967,225000,4,0.717,0.561,11,-7.898,1,0.245,0.57,0.0,0.439,0.675,93.118,56,Pop
"Brighter Day - Live at Lakewood Church,Houston,TX - June 16,2000",2000,340133,4,0.6,0.875,5,-5.839,0,0.101,0.114,0.0,0.715,0.734,84.061,51,Gospel
Marcus Garvey,1976,207000,4,0.7,0.473,7,-9.893,0,0.0687,0.129,0.000891,0.0452,0.578,91.558,52,Reggae
The Needle Lies,1988,188000,4,0.537,0.988,0,-2.758,1,0.121,0.0551,0.000406,0.199,0.257,118.016,28,Metal
One Sweet Day,1996,281000,4,0.568,0.495,1,-8.964,1,0.0299,0.353,0.0,0.0839,0.303,128.234,67,Pop
Nothing At All (feat. Musiq),2002,268000,4,0.532,0.643,7,-7.039,0,0.0638,0.103,0.0,0.123,0.208,171.922,38,Rock
Room To Move,1969,302053,4,0.756,0.926,1,-8.525,1,0.13,0.751,0.429,0.936,0.701,132.326,40,Blues
Crying,1981,173000,4,0.627,0.796,10,-5.192,1,0.08,0.116,0.0,0.109,0.33,125.99,74,Pop
Everybody’s Somebody’s Fool,1960,157000,4,0.584,0.737,1,-4.643,1,0.0306,0.745,1.93e-05,0.208,0.753,84.322,48,Pop
Steppin' Out,1980,319520,4,0.772,0.632,4,-12.556,0,0.096,0.206,3.6e-06,0.0491,0.831,115.243,18,Funk
Eighties,1984,231133,4,0.404,0.946,2,-11.561,0,0.0881,0.000217,0.00164,0.411,0.437,151.716,34,Punk
Snow,1994,338306,5,0.325,0.244,4,-9.279,0,0.0363,0.797,4.37e-05,0.0755,0.0698,106.65,16,Folk
Blowin' in the Wind,1963,119240,4,0.541,0.528,9,-10.148,1,0.048,0.809,0.369,0.644,0.949,174.069,2,Folk
Metal Health (Bang Your Head),1983,316000,4,0.504,0.95,2,-5.121,1,0.0846,0.00886,0.0931,0.141,0.632,121.442,32,Metal
Writing on the Wall,1979,205000,4,0.302,0.897,9,-10.957,1,0.0447,0.0493,0.063,0.94,0.698,165.805,17,Rock
The Sweetest Days,1995,211000,4,0.482,0.301,10,-10.341,1,0.0273,0.722,0.0012,0.166,0.0692,139.853,43,Pop
In Common,2016,209050,4,0.647,0.679,8,-7.092,1,0.0826,0.0182,0.0,0.0413,0.302,120.138,47,R&B
Good Thing,1967,175000,4,0.559,0.513,7,-7.502,1,0.0275,0.268,1.65e-05,0.0746,0.159,86.002,64,Pop
Let's Ride,1999,246493,4,0.775,0.795,5,-4.171,1,0.206,0.148,0.00119,0.0411,0.796,95.212,48,Rap
She Rides,1970,308000,4,0.347,0.791,2,-10.609,1,0.0383,0.00524,0.031,0.222,0.617,121.629,16,Rock
You Stupid Asshole,1982,129333,4,0.462,0.66,2,-11.051,1,0.0892,0.235,0.00332,0.377,0.821,78.622,22,Punk
Brilliant Disguise,1987,254000,4,0.703,0.726,9,-12.438,1,0.029,0.152,1.45e-06,0.0319,0.949,126.353,58,Pop
Heartache Tonight,1979,265000,4,0.81,0.511,0,-6.454,1,0.0409,0.0778,0.000226,0.0714,0.858,113.153,62,Pop
I Want to Take You Higher,1969,322360,4,0.613,0.844,9,-10.147,1,0.0553,0.123,0.761,0.308,0.519,102.773,41,Funk
Reach Your Peak,1985,295893,4,0.763,0.95,2,-5.607,1,0.161,0.587,0.000442,0.0313,0.88,91.87,15,Disco
It’s Gonna Take A Miracle,1982,198000,3,0.633,0.451,7,-8.515,1,0.0245,0.858,0.0633,0.186,0.579,95.946,19,Pop
Venus In Furs,1967,312253,4,0.223,0.618,8,-9.922,0,0.0332,0.00137,0.611,0.079,0.566,144.786,53,Alt. Rock
Stick Up,1971,184880,4,0.676,0.738,8,-7.825,0,0.0416,0.206,0.0,0.182,0.891,97.695,22,Disco
As Long As I'm Rocking With You,1984,196347,4,0.576,0.355,7,-9.007,1,0.0276,0.671,0.0,0.539,0.21,102.715,12,Country
Power Trip (feat. Miguel),2013,241160,4,0.667,0.608,1,-7.054,1,0.216,0.324,0.000198,0.426,0.475,99.992,77,Rap
Icarus - R3hab & Skytech Remix,2016,136344,4,0.621,0.741,1,-4.705,0,0.114,0.00744,0.0,0.754,0.627,145.079,14,EDM
Cry Like A Baby,1968,152000,4,0.666,0.465,2,-11.785,1,0.0307,0.344,4.82e-06,0.497,0.771,132.808,41,Pop
Israel,1971,225000,4,0.413,0.43,4,-13.835,0,0.0444,0.172,2.51e-06,0.137,0.534,142.278,18,Rock
Train To Skaville,1997,280800,4,0.66,0.743,10,-10.051,1,0.21,0.163,0.14,0.437,0.873,132.563,8,SKA
I'm Fallin',1988,257000,4,0.441,0.795,9,-11.907,1,0.0422,0.23,0.0,0.329,0.474,105.252,11,Rock
Damn I Wish I Was Your Lover,1992,323000,4,0.546,0.781,11,-9.439,0,0.0506,0.22,1.51e-05,0.363,0.539,95.032,53,Pop
Cherish,1972,332000,4,0.68,0.389,8,-13.239,1,0.0545,0.0121,0.0834,0.105,0.68,80.145,61,Pop
Amos Moses,1971,139000,4,0.738,0.723,2,-10.356,1,0.0728,0.4,0.00134,0.0166,0.95,105.541,54,Pop
The Show Must Go On,1974,277000,4,0.304,0.686,11,-6.928,0,0.0346,0.414,0.0,0.112,0.175,83.382,52,Pop
If I Were a Boy,2008,249146,4,0.632,0.518,6,-6.126,1,0.0313,0.107,0.0,0.354,0.427,90.007,64,R&B
Sonic Reducer,1977,181266,4,0.245,0.928,10,-6.02,0,0.0901,0.328,0.00927,0.348,0.0458,94.342,10,Punk
Keep The Fire Burnin’,1982,234000,4,0.445,0.818,0,-9.797,1,0.0406,0.15,0.00509,0.313,0.777,104.531,39,Pop
You To Me Are Everything,1976,213174,4,0.553,0.825,0,-4.328,1,0.0603,0.286,0.0,0.314,0.897,101.657,43,Disco
Rapture,1981,164000,4,0.72,0.679,0,-5.385,0,0.036,0.00693,0.846,0.1,0.29,105.005,72,Pop
Don’t Be Cruel,1960,110000,4,0.421,0.68,0,-14.808,1,0.0362,0.25,0.312,0.926,0.917,99.887,26,Pop
Three Girl Rhumba - 2006 Remastered Version,2006,83733,4,0.937,0.479,4,-8.739,1,0.106,0.157,0.000289,0.0666,0.975,120.615,44,Punk
Stars Fell On Alabama,1964,191621,4,0.515,0.198,5,-17.685,0,0.0912,0.937,0.793,0.282,0.38,70.081,30,Jazz
When Sunny Gets Blue,1987,282320,4,0.427,0.114,2,-22.546,0,0.0509,0.843,0.863,0.0966,0.114,60.484,58,Jazz
Might Just Take Your Life,1974,280000,4,0.601,0.774,7,-6.059,1,0.0299,0.0508,3.21e-05,0.136,0.586,112.238,26,Rock
Ease Back,1969,194973,4,0.624,0.604,2,-13.443,1,0.0692,0.327,0.231,0.295,0.624,154.632,29,Funk
The Deeper the Love - 2019 Remaster,1989,259000,4,0.537,0.662,9,-7.52,1,0.0286,0.000611,1.43e-06,0.0863,0.471,104.977,47,Metal
Cotton Crop Blues,1954,181426,3,0.386,0.537,7,-8.048,1,0.142,0.908,0.0167,0.105,0.625,71.656,17,Blues
Heat Wave,1963,238000,4,0.761,0.525,11,-6.9,1,0.0944,0.44,6.7e-06,0.0921,0.531,80.87,88,Pop
Apparition,2009,219133,4,0.586,0.818,0,-6.207,0,0.0404,0.211,0.0,0.0967,0.736,137.771,35,SKA
Over the Rainbow,1999,91666,4,0.487,0.912,7,-6.213,1,0.0684,0.00103,0.000172,0.278,0.601,126.269,40,Punk
The Hustle - Original Mix,1975,248222,4,0.599,0.927,0,-8.356,1,0.106,0.126,0.207,0.0441,0.791,110.32,52,Disco
Can't Come In,1977,346973,4,0.71,0.401,1,-17.128,1,0.0662,0.287,0.000178,0.0666,0.662,141.64,22,Reggae
John Hardy Was a Desperate Little Man,1928,175746,4,0.643,0.276,11,-12.133,1,0.0325,0.924,2.16e-05,0.108,0.885,115.195,15,Country
Mr Chin,1985,242266,4,0.864,0.764,2,-6.784,1,0.147,0.0418,0.000111,0.346,0.77,75.625,33,Reggae
So Very Hard to Go,1973,217240,4,0.645,0.639,10,-6.452,1,0.0342,0.568,4.34e-05,0.326,0.72,95.254,51,Funk
Love Don't You Go Through No Changes on Me,1976,204440,4,0.673,0.686,11,-9.103,0,0.0628,0.0159,0.000231,0.143,0.338,117.847,23,Disco
Just Can't Get To You,1995,303000,4,0.622,0.541,0,-7.189,1,0.0254,0.561,3.88e-06,0.187,0.307,131.931,23,Rock
Went to See the Gypsy,1970,169000,4,0.585,0.454,10,-9.177,1,0.0678,0.729,6.2e-05,0.0824,0.685,76.51,31,Rock
Rockafella,1996,283640,4,0.625,0.786,6,-7.741,1,0.366,0.00368,0.000347,0.0571,0.87,84.49,26,Rap
Ooh Aah… Just A Little Bit,1997,203000,4,0.647,0.942,1,-7.101,1,0.0341,0.626,0.168,0.0411,0.937,130.978,50,Pop
Looks Like We Made It,1977,213000,4,0.297,0.481,0,-7.681,1,0.0278,0.574,0.00352,0.094,0.456,139.896,47,Pop
"Hey,Good Lookin'",1951,176893,4,0.777,0.36,7,-9.966,1,0.0401,0.805,0.0,0.0756,0.887,140.962,56,Country
You Could Have Been With Me,1982,184000,4,0.244,0.44,7,-7.777,1,0.0475,0.871,8.65e-05,0.372,0.113,82.02,60,Pop
Hot (feat. Gunna),2019,193026,4,0.929,0.631,7,-7.419,0,0.184,0.0864,0.0,0.0691,0.433,112.023,42,Rap
Roast Fish and Corn Bread (Jamaican Mix),1977,215506,4,0.94,0.307,7,-11.817,1,0.0434,0.0666,0.0198,0.0654,0.572,115.541,12,Reggae
You Should've Known,2012,194231,4,0.766,0.525,1,-10.217,1,0.192,0.182,3.56e-06,0.106,0.324,137.077,57,Rap
Sofi Needs a Ladder,2011,401621,3,0.778,0.708,5,-7.752,1,0.053,0.00429,0.00257,0.748,0.34,128.011,47,EDM
Heartache In Blue,2012,249000,4,0.544,0.843,11,-0.239,0,0.0318,0.0379,0.000259,0.0637,0.612,90.084,8,Rock
Black Is Black,1966,248000,4,0.477,0.483,4,-9.413,0,0.0364,0.0027,0.783,0.156,0.123,170.026,67,Pop
The Business,2020,164000,4,0.798,0.62,8,-7.079,0,0.232,0.414,0.0192,0.112,0.235,120.031,74,EDM
An Idea For A Movie,1982,159093,4,0.565,0.925,2,-5.79,1,0.0965,0.0108,0.0,0.15,0.644,101.785,34,Punk
Hay,1996,105000,4,0.845,0.583,0,-3.455,1,0.287,0.00204,0.000459,0.11,0.903,145.078,83,Pop
Family Affair - Single Version,1971,185533,4,0.819,0.605,2,-13.83,0,0.132,0.669,0.0163,0.199,0.797,108.892,51,R&B
Pink Cadillac,1988,261000,4,0.746,0.805,1,-6.827,1,0.0339,0.321,0.00685,0.104,0.906,100.003,67,Pop
Rock On,1974,194000,3,0.449,0.296,0,-12.608,1,0.0361,0.892,0.000755,0.892,0.139,139.828,69,Pop
Don’t Lose My Number,1985,274000,4,0.524,0.754,5,-3.264,0,0.0356,0.00355,0.823,0.0511,0.772,160.037,3,Pop
Special Brew,1980,215760,4,0.706,0.705,7,-9.33,1,0.101,0.104,0.156,0.0285,0.968,130.539,47,SKA
Moves,2016,142906,4,0.812,0.523,2,-5.287,1,0.259,0.0432,0.0,0.154,0.381,75.524,53,Rap
Black Betty,1939,112773,4,0.715,0.122,11,-14.933,1,0.409,0.534,0.0,0.18,0.577,103.979,35,Blues
Darling Corey,1955,119638,4,0.518,0.583,1,-13.031,1,0.0473,0.913,0.000738,0.709,0.596,78.184,3,Folk
Skankin' Sweet,2013,252125,4,0.739,0.658,0,-5.462,1,0.0762,0.0748,2.14e-06,0.101,0.707,77.999,58,Reggae
The Promised Land,1983,165000,4,0.508,0.945,9,-6.278,1,0.0832,0.0968,0.0188,0.169,0.896,174.957,18,Rock
Make The World Go Away,1966,161000,3,0.213,0.213,1,-11.896,1,0.0345,0.882,3.16e-05,0.0633,0.519,206.983,44,Pop
Quiet Whiskey,1950,146930,4,0.582,0.73,8,-7.913,1,0.112,0.112,0.0,0.44,0.898,100.069,29,R&B
Devil Or Angel,1960,146000,4,0.668,0.239,5,-13.181,1,0.0332,0.871,0.0,0.299,0.719,106.937,38,Pop
The Shortest Straw,1988,395000,4,0.432,0.906,9,-7.958,1,0.108,8.87e-05,0.0448,0.156,0.592,142.767,44,Rock
I Love You Best Of All,1955,180106,3,0.492,0.268,9,-10.602,1,0.0271,0.889,0.0,0.116,0.302,110.568,2,Country
The Breakup Song (THEY Don’t Write ‘EM),1981,172000,4,0.651,0.926,2,-5.216,1,0.0659,0.097,3.49e-05,0.0369,0.699,149.974,6,Pop
Animal,1981,163066,4,0.156,0.913,4,-9.601,1,0.0493,0.0235,0.00297,0.328,0.529,181.824,25,Punk
The Train,1979,210106,4,0.613,0.0782,4,-16.198,1,0.045,0.7,0.0,0.116,0.686,119.381,21,Folk
"Taki Taki (with Selena Gomez,Ozuna & Cardi B)",2018,212500,4,0.842,0.801,8,-4.167,0,0.228,0.157,4.82e-06,0.0642,0.617,95.881,72,EDM
Good Time Charlie’s Got The Blues,1972,202000,4,0.553,0.254,4,-15.127,1,0.0309,0.764,0.328,0.0853,0.521,148.346,33,Pop
Last Hour of the Last Day of Work,1998,197293,4,0.602,0.952,1,-5.002,1,0.0507,0.000886,8.45e-06,0.0783,0.68,108.027,27,SKA
Fox On The Run,1976,207000,4,0.511,0.644,4,-12.191,1,0.0352,0.173,6.17e-05,0.0928,0.828,128.067,56,Pop
Sweet Thing,1975,200146,4,0.71,0.387,9,-12.82,1,0.0484,0.725,0.00617,0.113,0.806,80.557,57,Funk
Tie Me Down (with Elley Duhé),2019,218295,4,0.548,0.839,6,-2.371,1,0.0644,0.135,0.0,0.102,0.314,98.932,58,EDM
Penthouse Serenade (When We're Alone),1955,180493,4,0.51,0.2,5,-17.01,0,0.0969,0.888,0.929,0.0987,0.477,68.818,36,Jazz
Nothin’ My Love Can’t Fix,1993,275000,4,0.457,0.767,0,-7.318,1,0.0729,0.0145,0.0,0.907,0.453,108.581,10,Pop
Serrated Edge,1985,119440,4,0.313,0.842,4,-12.449,1,0.104,0.0351,0.00762,0.114,0.787,193.552,30,Punk
Eres Tú,1974,242000,4,0.639,0.399,5,-11.815,1,0.0248,0.484,0.00056,0.133,0.306,79.113,72,Pop
I Don't Wanna Die,1982,89373,4,0.183,0.94,11,-11.864,0,0.0991,0.0022,0.00438,0.404,0.22,169.618,32,Punk
The Hermit,1970,201600,4,0.449,0.116,2,-22.023,1,0.0497,0.821,0.911,0.109,0.63,127.194,27,Folk
Some Broken Hearts Never Mend,1977,170800,4,0.622,0.466,9,-14.558,1,0.0257,0.868,0.888,0.108,0.71,97.583,54,Country
The Message,1972,257760,4,0.781,0.695,3,-9.911,1,0.052,0.202,0.448,0.121,0.921,87.372,42,Funk
Blue Monday,1983,449160,4,0.762,0.651,0,-13.34,1,0.0655,0.00198,0.856,0.111,0.941,130.395,70,Alt. Rock
Dark Reverie,2019,263000,4,0.36,0.828,9,-5.696,0,0.0406,0.00618,3.37e-05,0.168,0.216,84.789,25,Rock
Blue Tip,2011,193000,4,0.804,0.783,1,-4.958,1,0.0333,0.0182,0.0565,0.0734,0.964,136.038,26,Rock
Accidents Will Happen,1979,181720,4,0.608,0.597,0,-11.115,1,0.0276,0.0441,0.00342,0.285,0.736,120.077,37,Alt. Rock
It's Alright,1981,457960,4,0.89,0.293,11,-15.038,0,0.102,2.59e-05,0.931,0.0508,0.567,117.89,25,Disco
Theme From Dr. Kildare (THREE Stars Will Shine Tonight),1962,162000,1,0.271,0.175,9,-14.515,1,0.0348,0.905,0.0,0.251,0.19,110.915,15,Pop
Nikes on My Feet,2010,164631,4,0.801,0.57,9,-5.103,0,0.265,0.559,0.0,0.111,0.565,92.058,69,Rap
Without You / Never Forget You,1994,149000,4,0.65,0.283,9,-9.659,1,0.0332,0.848,0.912,0.195,0.275,77.028,29,Pop
I Don’t Wanna Fight,1993,369000,4,0.638,0.762,2,-9.685,1,0.0381,0.304,9e-05,0.112,0.726,92.046,47,Pop
She’s All I Ever Had,1999,295000,4,0.393,0.765,11,-5.924,1,0.0481,0.0172,0.0,0.227,0.274,81.088,41,Pop
Longing For,2003,232000,4,0.67,0.54,4,-7.417,0,0.296,0.297,3.37e-06,0.0751,0.473,167.935,55,Reggae
Higher Place,2020,174010,4,0.709,0.616,7,-6.253,1,0.0734,0.243,4.22e-05,0.151,0.552,124.934,51,EDM
sillyworld,2006,250160,4,0.36,0.782,1,-4.561,1,0.0452,0.000144,8.84e-06,0.102,0.306,159.985,35,Metal
Cloak and Dagger,1989,279000,3,0.436,0.902,1,-3.796,1,0.0435,0.00318,0.000113,0.29,0.499,107.501,18,Rock
Midnight Confessions,1968,164000,4,0.705,0.751,6,-7.08,1,0.0441,0.00297,0.000271,0.105,0.794,134.954,48,Pop
Run to the Hills,1982,233000,4,0.249,0.943,0,-5.188,1,0.0665,0.0286,0.00404,0.161,0.457,173.672,58,Metal
I Wish,1976,252373,4,0.821,0.721,10,-10.401,0,0.0515,0.0816,7.37e-06,0.0664,0.885,105.866,65,Disco
It's Not My Time,2008,241960,4,0.532,0.935,0,-4.798,1,0.0619,0.00133,8.37e-06,0.106,0.309,128.025,63,Alt. Rock
Give Me,1976,190773,4,0.773,0.513,0,-9.438,1,0.0854,0.055,0.00618,0.151,0.641,133.63,25,Reggae
You Look Good To Me,1959,289226,4,0.406,0.259,0,-17.632,1,0.0373,0.749,0.319,0.116,0.196,90.389,37,Jazz
Leader Of The Band,1982,256000,4,0.628,0.159,8,-14.363,1,0.0333,0.872,0.0,0.111,0.505,135.003,60,Pop
Mr. Tambourine Man,1965,149466,4,0.456,0.47,2,-9.564,1,0.0294,0.513,3.76e-05,0.444,0.639,120.336,61,Folk
Watermelon Man,1962,388960,4,0.724,0.414,1,-11.19,1,0.0588,0.262,0.111,0.0785,0.719,146.939,52,Jazz
Faneto,2014,206654,4,0.849,0.753,1,-7.401,0,0.358,0.351,0.0,0.0564,0.398,144.195,48,Rap
New Level (feat. Future),2016,267211,4,0.526,0.655,1,-4.208,0,0.326,0.0566,0.0,0.116,0.156,121.127,57,Rap
So Amazing,1986,222546,4,0.625,0.312,6,-14.797,1,0.0334,0.655,0.000181,0.287,0.319,128.575,53,R&B
Plush,1993,310400,4,0.417,0.913,7,-6.049,0,0.0441,0.00248,1.09e-06,0.166,0.439,144.591,58,Alt. Rock
How Could I Let You Get Away,1974,229773,4,0.605,0.325,7,-12.716,1,0.0274,0.749,8.79e-06,0.216,0.671,74.432,39,Disco
Dim All The Nights,1979,248000,4,0.758,0.54,7,-10.911,1,0.0385,0.0551,0.0,0.0343,0.661,121.581,0,Pop
Dead Homiez,1990,235933,4,0.768,0.63,10,-10.513,0,0.225,0.0686,7.31e-06,0.329,0.608,84.203,27,Rap
STARGAZING,2018,270714,4,0.487,0.789,8,-3.69,1,0.044,0.00947,4.05e-06,0.189,0.0564,150.007,75,Rap
Scrapple From The Apple,1948,161426,4,0.417,0.397,5,-11.683,1,0.0558,0.982,0.804,0.185,0.737,201.162,35,Jazz
Oh babe it ain't no lie,1958,283800,4,0.485,0.146,4,-18.318,0,0.034,0.967,0.058,0.106,0.376,114.175,25,Folk
Young Hearts Run Free - Re-Recorded,2000,237017,4,0.728,0.631,9,-7.059,1,0.0702,0.00917,0.0,0.0662,0.49,116.006,0,Disco
One Night In Bangkok,1985,235000,4,0.947,0.457,2,-9.653,0,0.0686,0.134,0.000506,0.0643,0.888,108.675,48,Pop
Sunset People,1979,272906,4,0.722,0.559,9,-16.716,1,0.0517,0.0174,0.0172,0.0745,0.951,140.857,33,Disco
Finally,1992,164000,4,0.656,0.728,7,-12.39,1,0.0277,0.0214,0.000107,0.242,0.919,134.431,55,Pop
Wild Weekend,1963,207000,4,0.339,0.25,5,-5.9,0,0.0376,0.534,0.000239,0.115,0.195,143.0,39,Pop
Slide,1992,218800,4,0.397,0.885,7,-9.081,1,0.0334,3.68e-06,0.0678,0.271,0.85,88.117,28,Punk
Slick Black Cadillac,1983,254000,4,0.347,0.935,11,-4.817,0,0.114,0.00883,0.00112,0.125,0.622,161.638,28,Metal
It'll Take A Long Time,1971,314800,4,0.504,0.387,6,-9.384,0,0.0259,0.517,0.6,0.203,0.378,127.882,33,Folk
Bumble Bee,1930,169053,4,0.518,0.276,10,-7.405,1,0.0571,0.968,1.76e-05,0.122,0.695,173.587,10,Blues
Bristol Stomp,1961,138000,4,0.655,0.77,2,-6.338,1,0.0649,0.626,0.0,0.541,0.9,105.394,34,Pop
Last Song,1973,163000,4,0.492,0.673,6,-5.431,1,0.0347,0.413,0.0,0.137,0.488,203.812,80,Pop
Ladders,2018,287040,4,0.802,0.463,8,-8.379,1,0.162,0.236,0.00531,0.105,0.291,103.961,70,Rap
"Julie,Do Ya Love Me",1970,172000,4,0.425,0.41,9,-15.881,1,0.0341,0.507,2.18e-06,0.3,0.664,82.177,35,Pop
When A Guitar Plays The Blues,1978,398333,1,0.442,0.566,9,-10.696,1,0.0616,0.00701,0.149,0.129,0.51,97.643,28,Blues
Land of Treason,1979,129600,4,0.45,0.99,4,-7.45,0,0.0686,0.000287,0.0,0.327,0.461,125.561,30,Punk
Spoonman,1994,246920,4,0.457,0.902,7,-5.624,1,0.0313,2.17e-05,0.196,0.258,0.834,92.711,67,Alt. Rock
It's Only Make Believe,1958,132026,4,0.461,0.466,11,-9.627,1,0.0598,0.86,2.76e-05,0.135,0.251,128.537,55,Country
The Long Black Veil,1959,188360,4,0.508,0.149,4,-18.458,1,0.0371,0.798,0.0,0.123,0.456,128.307,29,Country
I Feel Good All Over,1979,302200,4,0.459,0.472,0,-11.545,1,0.0329,0.503,0.0,0.0783,0.208,122.971,38,Disco
Repeat After Me (AIR242),2014,186250,4,0.368,0.953,6,-4.318,0,0.0774,0.00229,0.695,0.315,0.248,131.886,0,EDM
Him Or Me – What’s It Gonna Be,1967,170000,4,0.528,0.838,3,-5.506,1,0.0265,0.292,0.0,0.0954,0.905,97.264,25,Pop
Michael,1961,71000,4,0.644,0.656,9,-3.437,1,0.102,0.631,0.0,0.275,0.78,104.907,59,Pop
Bad To Me,1964,213000,4,0.669,0.577,0,-4.573,1,0.046,0.348,0.0,0.155,0.307,87.899,67,Pop
Down by the River,1994,229146,4,0.753,0.486,1,-7.66,1,0.053,0.14,0.0,0.0586,0.939,80.916,48,Reggae
Cum On Feel the Noize - Re-Recorded,1999,280000,4,0.404,0.92,2,-4.931,1,0.118,0.000807,0.0,0.0266,0.45,144.971,6,Metal
How Deep Is Your Love,1977,245200,4,0.633,0.357,5,-9.366,0,0.0264,0.107,0.0,0.133,0.672,104.938,78,Disco
Message To Michael,1966,188000,4,0.604,0.254,1,-15.298,1,0.0469,0.835,1.04e-06,0.796,0.633,90.609,27,Pop
El Barrio - Rudy Van Gelder Edition / 2004 Digital Remaster,1970,434813,4,0.436,0.55,4,-9.74,0,0.0352,0.467,3.67e-05,0.0704,0.684,103.627,20,Jazz
Hill Where The Lord Hides,1978,237600,4,0.647,0.665,10,-12.277,0,0.063,0.0289,0.234,0.925,0.851,100.734,29,Jazz
Honky Tonk Man,1986,167426,4,0.673,0.84,4,-5.115,1,0.0385,0.124,5.68e-05,0.175,0.749,144.165,54,Country
Backwater Blues,1927,198053,3,0.516,0.146,2,-8.985,1,0.0454,0.993,0.0223,0.172,0.412,71.144,16,Blues
Beyond The Veil - Live,1986,507893,4,0.343,0.316,8,-10.43,1,0.0311,0.53,0.0,0.0784,0.0947,128.475,31,Gospel
Nice To Be With You,1972,157000,4,0.675,0.812,9,-10.834,1,0.0288,0.114,0.0,0.0409,0.971,131.865,40,Pop
Lightning Strikes,1982,266000,4,0.496,0.892,4,-6.715,1,0.0339,0.025,0.0215,0.183,0.642,147.956,37,Rock
Have You Never Been Mellow,1975,213000,4,0.542,0.324,0,-14.07,1,0.0329,0.566,2.27e-06,0.0876,0.421,121.802,46,Pop
High Enough,1991,231000,4,0.606,0.62,0,-5.005,1,0.0298,0.0301,0.0916,0.167,0.543,88.984,70,Pop
This Masquerade,1976,483000,4,0.625,0.373,5,-12.549,0,0.0383,0.5,0.000524,0.132,0.43,88.543,42,Pop
Black Polished Chrome,1978,67000,4,0.564,0.502,2,-12.27,1,0.0621,0.141,0.000208,0.277,0.708,138.428,46,Rock
Up Down (Do This All Day) (feat. B.o.B),2011,231093,4,0.778,0.498,5,-6.846,0,0.0562,0.256,0.0,0.295,0.464,96.995,70,Rap
Say It Ain't So,1994,258826,4,0.634,0.551,3,-7.136,1,0.0352,0.00737,1.82e-05,0.07,0.453,151.779,76,Alt. Rock
He’s So Fine,1963,112000,4,0.558,0.633,7,-3.265,1,0.0329,0.487,0.0,0.129,0.871,72.494,58,Pop
La vie en rose,1977,448000,4,0.65,0.477,0,-16.007,1,0.0624,0.225,0.016,0.0642,0.798,176.708,54,Disco
Drip Drop,1964,159000,4,0.168,0.893,0,-28.637,0,0.0617,0.887,0.934,0.463,0.000911,121.437,62,Pop
Bad Bad Boy,1973,237000,4,0.621,0.916,2,-4.926,1,0.0348,0.00192,1.15e-05,0.275,0.877,127.616,32,Metal
Three Blind Mice,1976,176240,4,0.902,0.475,0,-6.854,1,0.147,0.431,2.25e-05,0.0441,0.689,135.498,28,Reggae
Miss Brown to you,1935,176741,4,0.802,0.27,0,-13.518,0,0.0945,0.867,0.147,0.0863,0.805,78.595,34,Jazz
A la Mierda,2002,233533,4,0.401,0.841,7,-6.096,1,0.0695,0.00267,8.28e-06,0.139,0.53,187.822,50,SKA
Never Can Say Goodbye,1975,179000,4,0.527,0.821,2,-7.19,1,0.047,0.337,1.68e-06,0.394,0.835,166.139,55,Pop
In Your Eyes - 2012 Remaster,1986,330000,4,0.621,0.645,2,-9.37,1,0.0352,0.0632,9.63e-06,0.0703,0.63,89.284,34,Rock
Let ‘EM In,1976,311000,4,0.761,0.482,10,-11.849,1,0.0572,0.491,0.31,0.0864,0.626,88.054,55,Pop
Everglade,1992,196866,4,0.535,0.937,4,-9.905,1,0.035,3.7e-05,0.0107,0.0971,0.594,141.473,35,Punk
The Derelict,1973,169000,4,0.643,0.589,7,-12.695,1,0.0291,0.267,4.8e-06,0.116,0.9,133.366,19,Rock
If I Ruled the World (Imagine That) (feat. Lauryn Hill),1996,282373,4,0.879,0.564,10,-7.682,0,0.247,0.0474,9.43e-06,0.0519,0.523,93.908,69,Rap
Suicide Girls,1983,182853,4,0.429,0.789,4,-4.349,1,0.0625,0.00202,0.000871,0.205,0.433,162.166,36,Punk
"Good Golly,Miss Molly",1958,128226,4,0.583,0.903,7,-7.306,1,0.0571,0.651,0.00214,0.194,0.894,164.585,34,R&B
That’s What Friends Are For,1986,213000,4,0.739,0.187,3,-12.519,1,0.0575,0.897,0.953,0.106,0.217,107.924,52,Pop
Westside,1998,122000,4,0.949,0.394,9,-12.084,1,0.499,0.324,0.0,0.123,0.583,107.956,56,Pop
You Make Me Wanna…,1997,219000,4,0.761,0.639,5,-7.577,0,0.0539,0.0359,0.0,0.0945,0.922,164.088,68,Pop
Want You Bad,2000,202573,4,0.491,0.966,4,-4.28,1,0.0538,5.59e-05,0.0,0.307,0.614,105.544,73,Alt. Rock
Pass The Dutchie,1983,205000,4,0.805,0.418,7,-14.374,1,0.0978,0.459,0.0,0.288,0.966,149.737,66,Pop
The Blacker The Berry,2015,328826,4,0.553,0.852,10,-4.08,0,0.305,0.00713,0.0,0.463,0.27,176.058,63,Rap
All I Wanna Do,1995,272000,4,0.82,0.528,9,-11.18,1,0.032,0.107,0.0188,0.257,0.926,120.089,71,Pop
Bad,1987,246240,4,0.807,0.883,8,-4.376,1,0.0445,0.00798,0.207,0.0529,0.355,114.133,57,R&B
Moanin',1959,539360,4,0.392,0.683,8,-9.654,1,0.125,0.0639,0.000599,0.392,0.593,115.934,43,Jazz
St. James Infirmary,1963,230400,4,0.511,0.432,9,-9.444,1,0.0435,0.867,1.85e-05,0.697,0.388,102.335,10,Folk
The Rubber Room,1967,159853,3,0.542,0.435,1,-8.176,0,0.0282,0.7,0.000114,0.172,0.491,126.93,14,Country
Something Just Like This,2017,247160,4,0.617,0.635,11,-6.769,0,0.0317,0.0498,1.44e-05,0.164,0.446,103.019,88,EDM
Love The Way You Lie (feat. Rihanna),2010,263321,4,0.655,0.924,10,-5.026,1,0.324,0.257,0.0,0.525,0.606,174.053,45,Rap
Blackwater Park,2001,731306,4,0.109,0.854,2,-6.758,1,0.0871,0.000381,0.228,0.197,0.134,79.958,43,Metal
Bless Me (The Prayer Of Jabez),2001,402666,3,0.265,0.594,3,-5.772,1,0.0466,0.474,0.0,0.38,0.199,97.067,41,Gospel
A White Sport Coat (And a Pink Carnation),1957,148266,4,0.641,0.583,2,-10.497,1,0.029,0.802,0.000773,0.095,0.723,114.602,33,Country
Feel So Numb,2001,233666,4,0.566,0.889,8,-5.22,1,0.0426,4.3e-05,0.00907,0.292,0.141,127.045,63,Metal
Whip Appeal - 12-inch Version,1990,349840,4,0.454,0.548,11,-7.421,0,0.0476,0.309,0.0,0.076,0.598,73.011,44,R&B
There Will Never Be Any Peace,1970,315320,4,0.504,0.735,0,-7.562,1,0.0345,0.397,1.83e-06,0.07,0.693,79.747,15,R&B
Rock Island Line,1937,122386,4,0.619,0.566,10,-11.728,1,0.389,0.947,1.27e-06,0.137,0.905,187.76,15,Blues
When She Was My Girl,1981,206000,4,0.696,0.593,5,-10.283,1,0.0399,0.203,0.00219,0.0767,0.778,100.346,44,Pop
Suddenly,1985,201000,4,0.587,0.767,0,-5.713,1,0.0449,0.225,0.0,0.112,0.664,100.38,76,Pop
Rabbit Heart (Raise It Up),2009,232146,4,0.607,0.853,9,-3.524,0,0.0443,0.0553,3e-05,0.301,0.389,116.977,48,Alt. Rock
Without You,1972,161000,4,0.662,0.413,0,-7.357,1,0.0299,0.213,0.0,0.134,0.467,93.005,74,Pop
Love Is Stronger Than Pride,1988,258226,4,0.595,0.34,4,-12.362,0,0.0288,0.813,0.000298,0.0946,0.292,87.557,54,R&B
Midnight Train To Georgia,1973,279000,4,0.595,0.379,10,-12.058,0,0.0454,0.271,2.81e-05,0.1,0.448,92.006,67,Pop
Welcome To Jamrock,2005,213200,4,0.836,0.661,7,-6.502,0,0.338,0.0208,0.0,0.449,0.753,76.71,70,Reggae
Take It Easy On Me,1982,228000,4,0.415,0.595,9,-8.87,1,0.0328,0.0146,2.31e-06,0.271,0.27,121.635,48,Pop
I Was Made For Lovin’ You,1979,271000,4,0.768,0.852,4,-6.215,1,0.038,0.214,7.36e-05,0.0723,0.867,128.373,82,Pop
Rose Garden,1970,175866,4,0.589,0.501,0,-11.665,1,0.031,0.168,0.0,0.0741,0.969,131.064,63,Country
Let It Be,1968,216000,4,0.397,0.219,2,-13.534,1,0.0307,0.772,0.0,0.145,0.281,111.58,32,Folk
3 A.M. Eternal,1991,167000,4,0.244,0.978,0,-4.057,1,0.175,6.08e-05,0.934,0.328,0.0739,132.644,22,Pop
Little Miss Can’t Be Wrong,1993,278000,4,0.372,0.963,7,-5.226,1,0.273,0.00212,5.95e-05,0.94,0.536,117.033,15,Pop
What A Friend We Have In Jesus,1960,175168,4,0.511,0.495,3,-3.599,1,0.037,0.903,0.0,0.0996,0.51,94.421,0,Gospel
Every Day I Have the Blues,1949,146426,4,0.47,0.351,0,-12.633,1,0.0366,0.981,0.414,0.187,0.873,155.138,0,Blues
So Fly (J. Period Remix),2002,185813,4,0.605,0.601,0,-6.837,0,0.398,0.177,0.0,0.405,0.829,82.261,54,Rap
Happy Now,2019,207029,3,0.503,0.741,4,-5.128,1,0.047,0.579,1.49e-06,0.0712,0.458,88.335,63,EDM
You Are My Friend,1985,276560,4,0.431,0.522,5,-7.73,0,0.0361,0.286,0.00048,0.102,0.355,129.959,27,R&B
Beggars Day,1975,225000,4,0.436,0.873,10,-10.988,1,0.0743,0.00127,0.624,0.298,0.427,119.308,29,Metal
Breathe,1999,336280,4,0.673,0.808,9,-6.183,1,0.0491,0.0121,0.878,0.037,0.303,130.041,52,Rap
Sick Boy,1982,152746,4,0.28,0.973,11,-5.018,0,0.132,4.45e-05,0.000831,0.317,0.29,152.556,41,Punk
Long Way From Happiness,1997,286000,4,0.464,0.443,2,-14.619,0,0.0285,0.384,0.022,0.381,0.11,169.992,20,Rock
Wake Up Little Susie,1957,123000,4,0.709,0.62,2,-9.382,1,0.034,0.318,0.0,0.0426,0.936,93.723,55,Pop
Land: Horses / Land of a Thousand Dances / La Mer(de),1975,565453,4,0.477,0.654,9,-10.408,1,0.324,0.121,0.000247,0.155,0.571,148.143,39,Punk
This Charming Man - 2011 Remaster,1983,162920,4,0.611,0.846,11,-5.9,1,0.0436,0.00509,0.0,0.0784,0.751,103.912,78,Alt. Rock
The Family Who Prays,1955,175533,3,0.386,0.227,8,-13.147,1,0.0303,0.829,0.0,0.077,0.532,174.453,13,Country
Too Much Pressure,1980,231493,4,0.763,0.804,9,-12.325,1,0.0977,0.0309,0.00309,0.0348,0.963,74.489,42,SKA
You Got Me Rocking - Live,1981,392000,4,0.565,0.861,9,-6.4,1,0.043,0.116,0.303,0.0493,0.842,133.23,43,Rock
Keep On Dancing,1965,148000,4,0.302,0.786,2,-4.968,1,0.133,0.0282,0.0,0.0816,0.383,207.683,50,Pop
Washington D.C. Hospital Center Blues,1931,251000,4,0.568,0.124,7,-17.209,0,0.0468,0.792,0.0,0.116,0.338,71.942,22,Blues
I Do Believe In You,1980,225000,4,0.667,0.488,0,-14.421,1,0.0291,0.00333,5.31e-05,0.0812,0.738,136.544,12,Rock
Instant Crush (feat. Julian Casablancas),2013,337560,4,0.775,0.585,10,-9.516,0,0.0271,0.0422,0.619,0.077,0.518,109.942,75,EDM
Roast Fish & Cornbread,1978,231933,4,0.79,0.47,1,-12.094,0,0.0975,0.156,0.0118,0.0662,0.517,114.798,9,SKA
Wild in the Streets,1982,151853,4,0.454,0.994,4,-2.498,1,0.0368,0.00107,0.0,0.3,0.383,103.681,48,Punk
Hold On To My Love,1980,206000,4,0.598,0.816,4,-7.535,1,0.0487,0.179,0.0,0.337,0.931,156.788,43,Pop
Bushes And Briars,1972,232480,4,0.713,0.399,2,-10.089,1,0.0285,0.839,0.00526,0.172,0.516,131.6,11,Folk
We Are Family - 1995 Remaster,1979,216733,4,0.784,0.893,7,-5.153,0,0.0923,0.3,1.57e-05,0.272,0.819,118.738,69,Disco
By My Side,2016,139922,4,0.62,0.861,0,-2.687,1,0.0298,0.0527,0.0,0.352,0.787,89.983,44,SKA
Made In Hell,2000,252066,4,0.493,0.979,7,-4.854,1,0.137,0.000194,0.00161,0.395,0.325,104.016,21,Metal
Crazy From the Heart,1985,213866,4,0.554,0.747,7,-6.107,1,0.0254,0.105,0.0,0.13,0.682,139.441,25,Country
Stardust,1957,191813,4,0.276,0.384,2,-10.206,1,0.0325,0.788,0.0,0.135,0.223,74.109,33,R&B
Colorado Cool-Aid,1977,217280,4,0.491,0.408,7,-12.005,1,0.0475,0.678,3.54e-06,0.134,0.473,91.285,46,Country
Blues For The Orient - Remastered 2023,1967,340835,4,0.529,0.343,0,-14.809,1,0.0328,0.459,3.69e-05,0.0963,0.245,123.292,32,Jazz
Sweet Seasons,1972,193000,4,0.66,0.545,10,-12.499,1,0.0274,0.305,0.00185,0.099,0.864,116.229,44,Pop
True Reflection,2003,248013,4,0.395,0.468,10,-8.032,1,0.0432,0.177,0.0,0.119,0.279,136.327,31,Reggae
Messin' With The Kid - Live,1976,383280,4,0.322,0.759,9,-11.028,1,0.135,0.0383,0.0062,0.939,0.673,167.685,23,Blues
Time Bomb,2013,190693,4,0.754,0.59,4,-6.525,0,0.046,0.192,0.0,0.11,0.784,147.107,60,Reggae
Knoxville Girl,1956,228760,3,0.627,0.273,5,-13.908,1,0.0353,0.589,0.0,0.118,0.763,179.381,24,Country
Over the Mountain,1981,271000,4,0.493,0.866,0,-5.665,1,0.0976,0.00178,2.23e-05,0.0775,0.489,131.06,53,Metal
You've Got My Number (Why Don't You Use It!),1979,160093,4,0.457,0.751,4,-8.627,1,0.0379,7.48e-06,0.247,0.223,0.874,151.197,23,Punk
Peace One,1974,438459,4,0.284,0.45,9,-11.801,0,0.0339,0.636,0.887,0.0777,0.552,89.753,14,Jazz
Only You,1978,303826,4,0.833,0.749,7,-8.892,0,0.0804,0.298,0.00332,0.242,0.722,120.866,27,Disco
Lights Please,2011,208160,4,0.813,0.563,7,-7.083,1,0.269,0.0293,0.0,0.125,0.761,83.009,59,Rap
Merry Muthafuckin' Xmas,1992,356240,4,0.766,0.875,11,-5.209,1,0.309,0.0237,0.0,0.112,0.665,94.184,32,Rap
After The Lovin’,1977,233000,3,0.33,0.532,0,-8.48,1,0.0333,0.523,6.51e-06,0.173,0.358,117.936,40,Pop
Hello from the Gutter,1988,253933,4,0.328,0.916,2,-9.807,0,0.0713,0.00386,0.168,0.117,0.363,113.57,34,Metal
EARFQUAKE,2019,190066,4,0.554,0.498,9,-8.866,1,0.0685,0.23,5.98e-06,0.795,0.413,79.635,82,Rap
Ever Fallen in Love (With Someone You Shouldn't've?) - 1996 Remastered Version,1996,163693,4,0.266,0.831,4,-9.07,1,0.0453,0.000862,0.0,0.0555,0.778,175.514,62,Punk
Standing At The Crossroads,1954,178906,4,0.632,0.765,7,-4.577,1,0.0331,0.315,0.000246,0.244,0.95,99.617,23,Blues
Bury Me Under the Weeping Willow,1927,179480,4,0.466,0.208,11,-14.879,1,0.0309,0.936,0.0,0.0893,0.636,111.137,24,Country
Nine Below Zero - 1961 Single Version,1961,208066,1,0.582,0.548,0,-5.017,1,0.0338,0.778,0.00106,0.186,0.705,97.887,32,Blues
As the Pages Burn,2014,241160,4,0.36,0.978,7,-4.342,1,0.121,9.81e-06,0.177,0.142,0.304,103.884,41,Metal
Good Ole Boys Like Me,1980,255880,4,0.658,0.324,9,-17.556,1,0.0282,0.712,0.00266,0.158,0.47,107.456,51,Country
Jackin' For Beats,1988,177533,4,0.873,0.813,7,-9.189,1,0.395,0.0992,0.0,0.816,0.569,104.125,47,Rap
My Time For God's Favor - The Presence Of The Lord - Remix,1997,372466,4,0.368,0.958,1,-6.025,1,0.264,0.0755,0.0,0.991,0.31,149.987,26,Gospel
"Irish Rover (with Tommy Makem) - Live at Gate of Horn,Chicago,IL - 1961",1961,131306,4,0.743,0.381,7,-11.604,1,0.0697,0.685,0.0,0.622,0.534,131.403,8,Folk
Party People,1978,289293,4,0.732,0.698,7,-6.784,1,0.0453,0.0546,0.178,0.0695,0.922,125.559,2,Disco
Wild Safari,1977,299826,4,0.668,0.562,10,-14.834,0,0.0668,0.14,0.0781,0.158,0.921,109.947,26,Disco
Would These Arms Be In Your Way,1987,192506,4,0.713,0.214,1,-20.503,1,0.0312,0.424,0.0004,0.101,0.332,90.644,30,Country
Warsaw - 2010 Remaster,1979,144661,4,0.561,0.7,0,-8.82,1,0.0798,0.356,2.96e-05,0.0723,0.607,82.857,48,Alt. Rock
Shotgun,2018,193659,4,0.656,0.908,4,-3.195,0,0.0327,0.0114,0.212,0.17,0.232,144.983,51,EDM
Ruffneck - Full Flex,2011,226285,4,0.646,0.97,5,-1.64,1,0.129,0.000244,0.00483,0.0668,0.325,140.145,48,EDM
Honey (Open That Door),1983,208733,4,0.698,0.504,0,-9.644,1,0.0311,0.0385,1.37e-06,0.0931,0.788,140.353,42,Country
Right Here Waiting,1989,264000,4,0.395,0.252,0,-13.589,1,0.0301,0.8,0.0,0.101,0.126,177.679,76,Pop
Embarrassment,1980,190893,4,0.467,0.825,5,-4.847,0,0.0317,0.11,0.0451,0.11,0.88,75.463,25,SKA
Dreaming,1980,314000,4,0.553,0.458,8,-10.796,1,0.0381,0.325,9.71e-05,0.0583,0.247,165.807,67,Pop
Daphne (feat. Stéphane Grappelli) - Remastered 2002,1937,146933,4,0.729,0.344,7,-16.641,1,0.0412,0.894,0.87,0.0405,0.819,135.784,14,Jazz
I Saw The Light,1948,166000,4,0.349,0.273,7,-11.443,1,0.0325,0.95,6.21e-05,0.146,0.493,204.922,48,Country
Get Ready,1966,164160,4,0.591,0.737,7,-5.867,1,0.0386,0.404,0.0,0.108,0.878,133.025,61,R&B
Love Sosa,2012,246213,4,0.772,0.413,0,-8.194,0,0.0891,0.0361,0.0,0.111,0.211,131.964,78,Rap
Let's Get Married,1973,203320,4,0.702,0.528,9,-8.673,1,0.0372,0.0947,0.000103,0.556,0.962,115.148,37,R&B
Diary (feat. Tony! Toni! Tone! & Jermaine Paul),2003,284160,4,0.663,0.465,8,-9.711,0,0.0317,0.555,0.00183,0.125,0.279,127.932,57,R&B
Tears Don't Fall,2005,348386,4,0.213,0.927,7,-3.378,0,0.14,0.000729,4.85e-06,0.081,0.28,162.109,62,Metal
Love Changing Blues,1949,188253,4,0.413,0.327,4,-9.127,1,0.0364,0.987,0.0282,0.119,0.613,82.204,3,Blues
Devil or Angel,1956,146933,4,0.668,0.239,5,-13.181,1,0.0332,0.871,0.0,0.299,0.719,106.937,42,R&B
Heart Is King,2012,414923,4,0.706,0.746,7,-4.547,1,0.142,0.000211,0.858,0.0889,0.26,127.954,18,EDM
Reagan Youth,1982,75973,4,0.366,0.905,2,-8.657,1,0.0636,0.00331,3.13e-05,0.386,0.848,164.831,34,Punk
Pursuit Of Happiness (Nightmare),2009,295293,4,0.629,0.606,0,-8.951,1,0.0412,0.484,0.0001,0.298,0.288,115.275,68,Rap
Me And You,2013,247480,4,0.418,0.923,0,-3.747,1,0.0394,8.16e-05,0.862,0.167,0.247,144.047,38,EDM
"Runaway Child,Running Wild",1969,286000,4,0.533,0.49,5,-12.775,0,0.0441,0.211,1.67e-05,0.0749,0.806,107.962,31,Pop
Get Away,1993,191000,4,0.564,0.968,1,-3.75,1,0.0631,0.000116,3.97e-05,0.226,0.352,103.885,62,Pop
Little Rock,1986,187066,4,0.662,0.466,2,-14.705,1,0.0365,0.38,5.71e-06,0.0838,0.831,140.137,48,Country
Shadowplay - 2019 Digital Master,1980,235653,4,0.423,0.769,9,-7.2,1,0.0617,0.00107,0.862,0.135,0.109,145.386,44,Alt. Rock
Dance Macabre,2018,219720,4,0.619,0.696,7,-6.263,0,0.0315,1.93e-05,0.00555,0.38,0.727,125.984,62,Metal
Rosanna,1982,331000,4,0.365,0.513,7,-13.034,0,0.0357,0.0208,0.000147,0.205,0.739,80.647,73,Pop
U.S.A.,1982,83000,4,0.377,0.945,1,-5.843,0,0.0674,0.0239,0.109,0.314,0.324,173.206,27,Punk
Come Undone,1993,256000,4,0.542,0.793,8,-8.203,1,0.0528,0.0423,3.9e-06,0.0814,0.709,173.928,69,Pop
On Heaven's Bright Shore,2010,175960,3,0.472,0.52,11,-6.197,1,0.0392,0.865,0.0,0.224,0.708,188.576,19,Gospel
I Fall In Love Too Easily,1957,403826,4,0.494,0.162,5,-15.041,0,0.0362,0.567,0.000117,0.109,0.179,107.687,41,Jazz
Jane,1980,287000,4,0.402,0.597,2,-9.258,1,0.0327,0.0385,2.09e-06,0.109,0.496,81.806,64,Pop
Safe and Sound,2012,229493,4,0.827,0.587,8,-8.189,0,0.0604,0.00545,0.0,0.055,0.539,77.688,59,Reggae
Polk Salad Annie,1969,223000,4,0.783,0.543,9,-11.565,1,0.0412,0.303,0.0159,0.0892,0.833,132.035,52,Pop
Write Me a Few Lines,1964,217693,4,0.608,0.379,7,-18.167,1,0.0685,0.551,0.00284,0.065,0.463,112.664,23,Blues
Seize the Day,2005,334066,4,0.393,0.802,5,-4.499,1,0.0367,0.0168,0.0,0.193,0.338,140.101,69,Metal
"I""ve Never Been This Homesick Before",1981,184226,4,0.653,0.481,5,-12.048,1,0.0436,0.568,6.76e-06,0.195,0.851,125.61,7,Gospel
Dawn Over A New World,2012,312600,4,0.398,0.661,5,-7.172,1,0.0287,0.0206,0.0,0.149,0.244,79.931,35,Metal
Endless Love,1981,268000,4,0.461,0.275,10,-12.331,1,0.0259,0.745,0.000219,0.126,0.124,93.063,56,Pop
"I Like It,I Love It",1995,205706,4,0.643,0.961,0,-5.298,1,0.0315,0.0196,0.0,0.948,0.96,124.027,70,Country
Disco Inferno,2004,214226,4,0.925,0.659,3,-4.763,1,0.231,0.206,7.95e-05,0.279,0.709,97.018,73,Rap
Happy Now,2018,211362,4,0.693,0.575,9,-6.998,1,0.0801,0.374,0.0,0.252,0.492,117.999,65,EDM
Gives You Hell,2008,213106,4,0.718,0.691,4,-6.44,1,0.0387,0.0159,0.0,0.0627,0.552,100.008,71,Alt. Rock
Love Bug,1965,120986,4,0.647,0.636,9,-7.882,1,0.0293,0.748,0.0,0.257,0.937,94.733,30,Country
Over The Rainbow,1960,211000,4,0.671,0.153,0,-13.569,1,0.0404,0.912,5.53e-05,0.0771,0.658,85.6,73,Pop
Blue Minor - Rudy Van Gelder Edition/1998 Remaster,1953,619733,4,0.502,0.534,5,-6.892,0,0.0487,0.832,0.00768,0.315,0.661,77.783,24,Jazz
Sloop John B,1966,180000,4,0.567,0.745,8,-5.412,1,0.0264,0.402,0.0,0.0795,0.903,125.575,54,Pop
Pardon Me,1999,223746,4,0.579,0.812,1,-6.509,0,0.0693,0.00114,0.00333,0.115,0.278,152.002,68,Alt. Rock
Would You Be Impressed?,2008,201680,4,0.504,0.883,10,-3.678,0,0.101,0.00651,0.000335,0.0872,0.865,144.95,43,SKA
Opus De Funk - Remastered 1998/Rudy Van Gelder Edition,1954,209173,4,0.503,0.405,10,-14.599,1,0.0324,0.967,0.951,0.165,0.755,103.95,32,Jazz
Y.O.Y.O.Y.,1983,295000,4,0.529,0.539,0,-9.418,1,0.0223,0.218,4.03e-05,0.175,0.451,98.845,8,Rock
Never Gonna Give You Up,1988,213000,4,0.721,0.939,8,-11.823,1,0.0376,0.115,3.79e-05,0.108,0.914,113.309,79,Pop
Clarity,2012,271426,4,0.509,0.781,8,-3.48,1,0.072,0.0398,0.0,0.0749,0.176,128.0,74,EDM
For You,1964,232000,4,0.487,0.65,0,-5.195,1,0.0253,0.191,0.0,0.0933,0.456,151.964,77,Pop
Funky Worm,1973,161023,4,0.633,0.644,2,-9.923,0,0.0914,0.0803,0.000246,0.0356,0.949,86.115,42,Disco
Everything Changes - feat. Dread Mar I,2012,304126,4,0.699,0.681,8,-5.659,0,0.0581,0.0573,0.0,0.121,0.893,153.957,48,Reggae
Omen,2015,230250,4,0.723,0.678,8,-5.224,1,0.125,0.0614,0.0,0.372,0.633,106.011,58,EDM
Blood On the Coal,2003,187400,4,0.607,0.49,9,-10.211,0,0.0327,0.677,0.0,0.165,0.755,115.72,16,Folk
Futsal Shuffle 2020,2020,198912,4,0.881,0.457,7,-8.191,0,0.156,0.0327,0.0,0.231,0.296,136.97,58,Rap
Walk On the Wild Side,1972,254173,4,0.575,0.318,0,-16.729,1,0.109,0.683,0.000202,0.0934,0.385,104.522,75,Alt. Rock
Hot Rod Hearts,1980,221000,4,0.601,0.487,7,-11.119,1,0.0335,0.334,1.6e-06,0.315,0.674,118.371,45,Pop
The Big Hurt,1960,273000,4,0.584,0.304,1,-17.307,1,0.0333,0.829,0.0228,0.159,0.603,144.192,26,Pop
Rasputin,1978,351573,4,0.639,0.893,9,-6.509,1,0.036,0.289,0.00816,0.222,0.966,126.143,63,Disco
She’s Playing Hard To Get,1992,275000,4,0.518,0.807,1,-6.68,1,0.057,0.00768,0.0,0.271,0.781,199.979,43,Pop
Morning Has Broken,1972,199000,3,0.443,0.365,7,-11.829,1,0.0315,0.592,0.00484,0.0886,0.398,133.156,69,Pop
Rock The Bells,1985,240493,4,0.896,0.517,6,-12.813,0,0.143,0.00596,0.364,0.124,0.285,98.472,48,Rap
Living Dead Girl,1998,201400,4,0.518,0.948,6,-5.579,0,0.0676,0.00512,0.0996,0.228,0.548,103.025,70,Metal
I Shot The Sheriff,1974,279000,4,0.801,0.641,8,-9.355,1,0.173,0.34,4.5e-05,0.0693,0.741,96.96,64,Pop
Crying My Heart Out Over You,1981,178266,4,0.595,0.407,7,-9.536,1,0.0272,0.49,2.67e-05,0.0959,0.702,127.507,40,Country
Baby Love,1986,189000,4,0.417,0.686,7,-6.484,1,0.0373,0.0955,0.0287,0.0989,0.625,204.113,79,Pop
Watch Out For This (Bumaye),2013,269146,4,0.819,0.759,10,-4.114,0,0.146,0.0193,6.89e-06,0.0613,0.884,108.029,54,EDM
Burn,2004,231933,4,0.796,0.477,1,-7.161,1,0.108,0.314,0.0,0.12,0.685,119.928,72,R&B
Dimples,1956,133618,4,0.745,0.511,5,-14.908,1,0.0528,0.7,1.24e-05,0.139,0.876,137.214,45,Blues
Happy Birthday,1980,357226,4,0.774,0.568,1,-15.337,1,0.043,0.00448,1.04e-05,0.0526,0.961,116.201,54,Disco
Fopp - Single Version,1975,234506,4,0.445,0.676,5,-9.41,1,0.164,0.045,0.0,0.0572,0.911,182.507,28,R&B
The French Girl,1963,163000,4,0.324,0.173,3,-15.267,1,0.029,0.804,0.00042,0.102,0.244,91.487,5,Folk
Years Ago,1977,142360,4,0.715,0.587,0,-13.137,1,0.0485,0.52,0.0,0.163,0.606,104.988,26,Country
Fresh,1984,266560,4,0.838,0.381,11,-16.867,0,0.0351,0.00912,0.0988,0.0364,0.95,117.708,63,R&B
Psycho,2014,530088,4,0.681,0.827,7,-9.851,1,0.0688,0.000193,0.862,0.311,0.187,145.027,28,EDM
Boogie Fever,1976,136000,4,0.872,0.839,3,-11.649,1,0.0755,0.577,0.0286,0.0375,0.963,116.032,48,Pop
T-Bone Shuffle,1986,295693,4,0.537,0.695,11,-9.88,1,0.0377,0.00393,0.188,0.084,0.77,131.307,48,Blues
If You Want Me to Stay,1973,180493,4,0.843,0.48,11,-11.574,0,0.0492,0.28,0.000782,0.108,0.762,101.993,63,R&B
Everything Is Beautiful,1970,212000,4,0.39,0.376,5,-15.205,1,0.0366,0.548,0.0,0.212,0.739,108.895,39,Pop
Escher Sketch (A Tale Of Two Rhythms),1987,326000,3,0.692,0.517,8,-13.275,1,0.0387,0.324,0.45,0.232,0.781,116.014,20,Jazz
A Hard Road,1967,191293,3,0.729,0.32,7,-14.537,0,0.0306,0.651,0.000326,0.0474,0.689,83.259,36,Blues
El Scorcho,1996,243466,4,0.479,0.707,1,-4.968,1,0.0659,0.0471,0.0,0.0932,0.661,148.092,54,Alt. Rock
The Christmas Song (Chestnuts Roasting On An Open Fire) (duet with John Legend),1946,210026,4,0.226,0.382,1,-9.243,1,0.0288,0.845,0.0,0.111,0.165,81.943,22,Jazz
The Girl From Yesterday,1994,203000,4,0.578,0.524,7,-8.307,1,0.024,0.679,2e-05,0.0817,0.483,99.914,50,Rock
Silhouettes - Original Radio Edit,2012,211880,4,0.605,0.8,5,-6.235,0,0.0545,0.155,0.0562,0.121,0.836,128.074,65,EDM
Return Of The Mack,1997,213000,4,0.715,0.833,2,-5.379,1,0.108,0.00631,0.0,0.164,0.612,95.487,77,Pop
"Move On Up a Little Higher,Pt. 1 (Alternate Take)",1960,164906,4,0.463,0.288,10,-7.382,1,0.0297,0.986,3.2e-06,0.126,0.441,81.481,14,Gospel
Crystal Baller,2003,255466,4,0.389,0.752,0,-4.48,1,0.0794,0.0127,8.35e-06,0.184,0.436,193.662,49,Alt. Rock
Super Rad!,1996,182800,4,0.513,0.926,11,-4.36,1,0.136,0.00993,0.000237,0.0648,0.931,172.68,49,SKA
We Will Rock You/We Are The Champions,1978,231000,3,0.281,0.634,0,-5.808,1,0.0391,0.236,1.3e-05,0.0386,0.329,95.248,31,Pop
Fragile Heart,2005,278026,4,0.762,0.499,11,-8.289,0,0.0362,0.0377,0.000248,0.0803,0.376,123.989,37,Gospel
Stuart,1985,140200,3,0.546,0.655,5,-11.305,1,0.0732,0.0581,0.0,0.216,0.854,129.298,31,Punk
Murderer,1995,237053,4,0.806,0.553,0,-7.453,1,0.227,0.159,6.06e-06,0.107,0.696,137.949,48,Reggae
Whatta Man,1994,308000,4,0.756,0.544,5,-10.721,1,0.219,0.154,6.21e-05,0.225,0.921,173.2,64,Pop
A Sack Full Of Soul,1968,280573,4,0.605,0.428,5,-12.877,0,0.0358,0.701,0.242,0.108,0.745,86.015,23,Jazz
Too Hot Ta Trot,1979,337680,4,0.853,0.771,9,-6.599,1,0.127,0.237,0.000361,0.0536,0.898,120.744,35,Disco
You Used To Hold Me So Tight,1978,346053,4,0.751,0.818,11,-8.358,0,0.0699,0.103,0.000529,0.358,0.719,111.485,26,Disco
Can't Let You Go - Louie Vega & Josh Milan Truth Dub 1,1980,702225,4,0.819,0.728,1,-8.663,1,0.0465,0.00133,0.145,0.109,0.317,126.984,22,Disco
Light My Fire,1968,429000,4,0.413,0.725,3,-5.787,0,0.0324,0.369,2.16e-05,0.0905,0.44,124.618,69,Pop
Freddie's Dead,1972,329466,4,0.523,0.803,1,-6.321,0,0.0791,0.107,0.000409,0.154,0.921,91.469,45,Funk
Without You (feat. Usher),2011,208133,4,0.608,0.614,2,-3.727,1,0.0285,0.227,3.82e-06,0.157,0.402,127.885,64,EDM
Higher Ground,1973,222600,4,0.716,0.85,8,-9.949,1,0.0426,0.0631,0.00133,0.189,0.821,125.474,65,R&B
God On The Mountain (Live),1989,157657,4,0.462,0.568,9,-7.8,1,0.048,0.544,0.0,0.972,0.449,116.538,34,Gospel
Linchpin,2000,204853,4,0.693,0.871,0,-3.389,1,0.0844,0.00358,2.01e-05,0.11,0.533,111.989,55,Metal
Jolene,1973,161533,4,0.674,0.537,1,-10.971,0,0.0363,0.566,0.0,0.131,0.809,110.578,71,Country
Edge Of Seventeen,1982,329000,4,0.591,0.804,0,-7.299,1,0.0454,0.327,5.98e-06,0.0818,0.658,111.457,71,Pop
Blame It on the Boogie,1978,214200,4,0.774,0.641,1,-10.193,1,0.0799,0.0765,0.0,0.0867,0.875,113.256,71,Disco
Starry Eyed Surprise,2002,228493,4,0.721,0.794,4,-6.134,1,0.132,0.0195,0.00013,0.283,0.562,103.211,53,EDM
Cutting Shapes,2015,179047,4,0.715,0.914,0,-3.87,1,0.214,0.0254,0.0,0.0961,0.565,125.826,50,EDM
Go Now,1965,246000,4,0.419,0.957,7,-3.413,1,0.136,0.000774,0.0,0.175,0.457,174.094,67,Pop
T Model Blues,1954,171733,3,0.572,0.0425,5,-23.696,1,0.0518,0.728,1.22e-05,0.0677,0.391,179.745,7,Blues
Kalifornia,1999,353400,4,0.786,0.986,9,-6.369,1,0.0539,0.0544,0.00755,0.476,0.908,131.642,24,EDM
Come on Back,2000,315786,4,0.719,0.591,2,-7.64,1,0.026,0.0312,0.032,0.674,0.677,94.046,12,Blues
Sugar Hill,1995,249000,4,0.682,0.647,8,-7.332,1,0.189,0.000693,5.97e-06,0.0693,0.529,181.86,45,Pop
Easy Lover,1985,305000,4,0.74,0.923,1,-5.082,1,0.0369,0.105,0.000163,0.0825,0.93,128.871,75,Pop
Lost It - VIP,2018,266322,4,0.635,0.947,10,-1.919,0,0.123,0.0233,0.0541,0.126,0.593,155.01,42,EDM
Love Has Found Its Way,1981,270840,4,0.773,0.617,8,-8.966,1,0.065,0.076,4.57e-05,0.0636,0.843,100.615,46,Reggae
(LOVE Is) Thicker Than Water,1978,255000,4,0.582,0.462,6,-9.882,0,0.0254,0.137,4.98e-05,0.0755,0.528,96.361,50,Pop
Johny Hit and Run Paulene,1980,170800,4,0.477,0.907,4,-5.688,0,0.0259,0.00152,0.000204,0.36,0.681,98.991,35,Punk
You Can't Judge A Book By Its Cover,1962,194853,4,0.847,0.322,1,-12.922,1,0.0546,0.239,0.0,0.0778,0.946,114.557,40,R&B
Operation Mindcrime,1988,285000,4,0.536,0.981,9,-3.469,1,0.189,0.0907,6.3e-05,0.62,0.212,110.029,32,Metal
Pretty Looks,1970,214681,4,0.741,0.442,2,-8.208,1,0.0361,0.465,3.53e-06,0.0938,0.829,81.986,14,Reggae
This Land is Your Land,1940,139693,4,0.606,0.0977,3,-15.668,1,0.0451,0.962,0.00148,0.126,0.551,105.593,43,Folk
You’re My Best Friend,1976,170000,4,0.518,0.761,0,-7.025,1,0.0451,0.158,0.00805,0.0715,0.577,118.74,66,Pop
The Safety Dance,1983,165000,4,0.632,0.582,5,-13.461,1,0.044,0.0803,0.00351,0.0832,0.576,101.641,57,Pop
Elevation,1978,305266,4,0.531,0.588,9,-10.215,0,0.0289,0.15,0.295,0.081,0.66,110.366,36,Punk
I Walk The Line,1956,163045,4,0.862,0.484,10,-11.183,1,0.0421,0.798,0.00105,0.105,0.787,105.834,67,Country
Soul Man,1967,159000,4,0.79,0.41,0,-13.241,1,0.0343,0.263,0.00314,0.174,0.815,112.345,69,R&B
Together Forever,1988,205000,4,0.702,0.933,2,-11.876,1,0.0492,0.0519,0.000128,0.155,0.896,115.114,67,Pop
Better Days,2005,213266,4,0.486,0.595,7,-5.009,1,0.0302,0.00212,0.000264,0.0953,0.331,113.276,53,Alt. Rock
Dear God - Remastered 2001,1986,219506,4,0.577,0.464,7,-7.943,1,0.024,0.0979,1.3e-06,0.154,0.346,90.557,50,Alt. Rock
Jungle Love,1984,333360,4,0.761,0.641,8,-13.466,0,0.0445,0.0713,0.0269,0.483,0.822,119.61,52,Funk
Poppin' Tags,1996,360333,4,0.758,0.705,9,-5.767,1,0.243,0.22,0.0,0.173,0.855,145.964,38,Rap
87 and Cry,1987,261000,4,0.566,0.969,0,-6.158,1,0.0489,0.00694,0.000407,0.128,0.503,144.384,17,Rock
Love Is All Around,1968,246000,4,0.523,0.689,10,-6.58,1,0.027,0.228,0.0,0.109,0.547,84.09,69,Pop
Shake,1979,298066,4,0.873,0.506,0,-13.739,1,0.0451,0.0744,0.163,0.0745,0.791,100.286,35,Funk
I Don't Care - US Version,2005,221493,4,0.33,0.734,2,-4.972,0,0.0416,0.000953,0.0,0.0874,0.256,178.986,59,Metal
"Shiny Stockings - Live At Carnegie Hall,1994",1994,230026,4,0.649,0.182,7,-14.823,0,0.0877,0.712,1.17e-06,0.957,0.361,118.74,0,Jazz
(JUST Like) Starting Over,1981,236000,4,0.701,0.794,9,-6.16,1,0.0757,0.301,5.68e-05,0.179,0.409,99.104,56,Pop
Don’t Let The Sun Go Down On Me,1974,336000,4,0.43,0.447,0,-8.522,1,0.0262,0.122,1.9e-06,0.0921,0.345,141.099,61,Pop
Right Place Wrong Time,1973,175000,4,0.789,0.494,1,-13.702,1,0.0456,0.0923,0.000408,0.144,0.826,104.593,57,Pop
The Wabash Cannonball (with Johnny Cash),1936,150960,4,0.683,0.414,5,-9.511,1,0.0291,0.638,0.0,0.32,0.737,101.512,17,Country
Rocky Road Blues,1946,153960,4,0.827,0.368,9,-10.253,1,0.0461,0.738,0.00355,0.131,0.938,109.739,22,Country
Next Lifetime,1997,386626,4,0.641,0.413,8,-11.929,0,0.0564,0.129,0.00114,0.0949,0.338,130.021,60,R&B
Long Way Home,2002,190200,4,0.655,0.221,10,-16.322,1,0.0312,0.598,0.00151,0.111,0.506,141.091,42,Alt. Rock
Come Together,1969,259000,4,0.53,0.376,9,-11.913,0,0.04,0.0304,0.247,0.0926,0.188,164.775,77,Pop
She Called Me Baby,1974,145600,4,0.28,0.252,5,-16.593,1,0.0293,0.865,0.0,0.298,0.322,95.075,5,Country
Coming In Hot,2020,200168,4,0.889,0.453,8,-8.782,1,0.261,0.0274,4.75e-06,0.156,0.428,140.025,57,Gospel
Kaiowas,1991,223586,4,0.466,0.495,2,-13.905,1,0.126,0.11,0.706,0.399,0.269,91.572,39,Metal
Woo Hah!! Got You All In Check,1996,271000,4,0.842,0.831,1,-7.072,1,0.242,0.127,0.0,0.0881,0.814,92.053,51,Pop
Nada One,1978,320000,4,0.443,0.103,5,-19.841,1,0.0298,0.403,0.00068,0.0782,0.155,78.149,20,Rock
She's a Bitch,1999,240880,4,0.949,0.55,2,-6.872,0,0.179,0.369,2.64e-06,0.118,0.601,111.146,47,Rap
Going To A Go-Go - Live,1967,137000,4,0.692,0.681,0,-9.265,1,0.0348,0.44,1.33e-05,0.0978,0.84,117.518,24,Rock
It Wasn't God Who Made Honky Tonk Angels,1952,152866,4,0.587,0.221,9,-9.937,1,0.0297,0.709,0.0,0.309,0.701,137.663,51,Country
Pretty Eyes - Rudy Van Gelder Edition / 2003 Remastered,1959,450880,3,0.381,0.547,8,-11.01,0,0.0373,0.287,1e-05,0.212,0.661,156.244,18,Jazz
Movin (To The Top),1976,217212,4,0.826,0.369,2,-8.325,0,0.0663,0.0213,0.000727,0.0798,0.535,84.616,49,Reggae
In Spite of Ourselves (feat. Iris DeMent),1999,213600,4,0.547,0.277,0,-11.327,1,0.0429,0.67,0.0,0.091,0.684,153.974,58,Folk
Give Up The Funk (Tear The Roof Off The Sucker),1976,348066,4,0.717,0.665,9,-9.503,1,0.0523,0.0659,0.0,0.326,0.774,105.693,58,R&B
Nobody Hears,1986,332333,4,0.558,0.877,9,-8.274,1,0.0559,0.000226,0.0015,0.0694,0.377,116.983,42,Punk
Ain't No Half Steppin',1976,311693,4,0.708,0.595,11,-11.009,0,0.0496,0.0673,0.0,0.1,0.606,97.293,34,Funk
Straight to Hell,2020,225000,4,0.436,0.761,8,-2.43,1,0.0506,0.00127,0.00403,0.173,0.282,142.027,46,Rock
We Are Family,1979,216000,4,0.784,0.893,7,-5.153,0,0.0923,0.3,1.57e-05,0.272,0.819,118.738,70,Pop
Where Did You Ever Go,1980,244866,4,0.428,0.444,10,-8.343,1,0.0292,0.802,0.0518,0.269,0.112,131.772,1,Disco
Earned It,2014,315911,4,0.853,0.401,1,-14.962,1,0.401,0.553,0.0,0.169,0.803,132.096,52,Rap
Take What You Want (feat. Ozzy Osbourne & Travis Scott),2020,229000,4,0.495,0.809,1,-2.653,0,0.0533,0.101,0.0,0.138,0.227,139.885,45,Rock
Banana Boat (Day-O),1956,183133,4,0.797,0.105,1,-16.881,1,0.0969,0.885,0.000116,0.108,0.419,122.545,63,Folk
NUISANCE,1980,124458,4,0.733,0.582,8,-4.45,1,0.233,3.18e-05,0.0,0.185,0.729,81.017,50,Punk
"Don't Stop By The Creek,Son",1985,246000,4,0.549,0.559,9,-11.622,1,0.0613,0.131,0.0106,0.271,0.836,181.49,25,Blues
Help Me,1974,181000,4,0.749,0.709,6,-6.385,1,0.259,0.155,0.0,0.329,0.564,78.53,66,Pop
Watching You,1980,282373,4,0.802,0.507,7,-12.455,1,0.065,0.0438,0.0,0.0767,0.886,110.694,44,Funk
September In The Rain,1959,129333,4,0.401,0.213,1,-13.124,1,0.0545,0.346,1.05e-05,0.0596,0.678,110.611,55,Jazz
Like A Prayer,1989,342000,4,0.625,0.842,5,-5.285,1,0.0376,0.264,2.12e-05,0.181,0.26,111.038,75,Pop
S.M.F.,1984,180000,4,0.406,0.744,9,-11.444,1,0.0399,0.0171,0.000156,0.118,0.389,140.612,31,Metal
I Need Your Lovin',1980,452186,4,0.668,0.898,0,-6.14,1,0.0459,0.0059,0.00516,0.0712,0.756,109.808,45,Funk
Coffee & TV,1999,358773,4,0.743,0.742,2,-10.117,1,0.0367,0.051,0.234,0.0987,0.706,121.604,62,Alt. Rock
Rather Be (feat. Jess Glynne),2014,227833,4,0.799,0.586,11,-6.735,1,0.0377,0.162,2.03e-06,0.193,0.549,120.97,72,EDM
The Main Monkey Business - Instrumental,2007,361000,4,0.448,0.92,9,-3.799,0,0.0439,4.36e-05,0.804,0.176,0.602,82.514,27,Rock
Private Dancer - 2015 Remaster,1984,434373,4,0.587,0.572,2,-9.656,1,0.0412,0.363,0.0883,0.0914,0.472,115.464,59,R&B
Now That The Buffalo's Gone,1969,171000,3,0.479,0.176,9,-14.906,1,0.0447,0.764,0.0,0.0936,0.498,149.796,18,Folk
Rum & Coca Cola,1959,148333,4,0.482,0.426,3,-13.61,1,0.037,0.974,0.942,0.297,0.887,92.537,13,Blues
Down In The Tube Station At Midnight - 1997 Remaster,1997,283093,4,0.284,0.706,0,-11.307,1,0.114,0.0494,1.96e-06,0.0865,0.657,172.82,37,Punk
Look What You’ve Done To Me,1980,168000,4,0.735,0.432,10,-12.84,0,0.171,0.586,0.015,0.193,0.342,104.946,51,Pop
Take My Breath Away,1986,255000,4,0.497,0.719,6,-9.397,1,0.0266,0.0613,0.0,0.411,0.547,95.769,73,Pop
Standing Right Here,1981,417600,4,0.845,0.594,11,-12.103,0,0.0533,0.106,0.00612,0.088,0.966,107.374,27,Disco
Breaking the Law,1980,153000,4,0.362,0.961,2,-5.664,1,0.0857,0.024,9.35e-06,0.159,0.491,164.019,70,Metal
Disco Connection,1975,219840,4,0.628,0.707,5,-12.212,1,0.0362,0.167,0.79,0.655,0.937,128.603,20,Disco
The Outsider,2004,246000,4,0.328,0.843,6,-6.644,1,0.0887,0.000111,0.801,0.0496,0.422,113.329,62,Metal
Footloose,1984,220000,4,0.546,0.895,9,-7.189,1,0.0579,0.0819,1.42e-05,0.0768,0.494,174.089,72,Pop
Always Another Girl,1976,231773,4,0.777,0.563,5,-14.256,1,0.0813,0.0109,0.0,0.0933,0.756,127.529,17,Disco
The Twist,1960,168000,4,0.436,0.848,5,-4.733,1,0.0366,0.00895,1.13e-05,0.099,0.324,146.208,61,Pop
Walking in the Sunshine,1983,210666,4,0.614,0.554,7,-7.906,1,0.0419,0.0204,0.12,0.0643,0.827,143.49,36,SKA
"Shame,Shame,Shame",2011,366026,3,0.268,0.767,11,-8.33,1,0.0365,0.00117,0.0379,0.143,0.44,180.159,28,Blues
Stay,1992,141000,4,0.591,0.764,1,-5.484,1,0.0483,0.0383,0.0,0.103,0.478,169.928,84,Pop
The Party's Over,1981,393813,4,0.644,0.73,0,-9.208,0,0.0321,0.049,0.08,0.0871,0.663,107.964,7,Disco
Fortress Around Your Heart,1985,279000,4,0.68,0.476,7,-15.447,1,0.0294,0.294,6.2e-06,0.079,0.666,120.539,47,Pop
Honey Hi - 2015 Remaster,1979,165000,4,0.538,0.345,2,-16.968,1,0.0344,0.714,0.00142,0.0574,0.869,128.671,31,Rock
Come On In My Kitchen,1936,172306,4,0.556,0.0643,10,-15.305,0,0.175,0.927,2.37e-06,0.0991,0.283,81.673,39,Blues
You Ought to Be with Me,1972,199066,4,0.711,0.44,7,-11.501,0,0.0332,0.472,0.000149,0.131,0.577,107.603,41,R&B
Fireman,2005,263546,4,0.682,0.723,1,-4.628,1,0.211,0.0109,0.0,0.406,0.364,80.634,57,Rap
I’m Leaving It Up To You,1963,184000,4,0.44,0.31,10,-15.53,1,0.0357,0.738,0.000311,0.779,0.696,77.002,4,Pop
Minority,2000,168226,4,0.551,0.965,0,-2.772,1,0.0452,0.00576,0.0,0.171,0.708,137.841,60,Alt. Rock
I Am a Poseur,1978,153453,4,0.516,0.895,2,-5.822,0,0.0486,0.000568,0.361,0.101,0.747,98.031,43,Punk
Sun Goddess,1974,507546,4,0.541,0.784,7,-12.661,1,0.0461,0.141,0.0934,0.0803,0.529,92.543,35,Jazz
Yes Indeed,2018,142273,4,0.963,0.346,5,-9.309,0,0.53,0.0355,0.0,0.108,0.562,119.957,78,Rap
Irreplaceable,2006,227853,4,0.447,0.694,7,-4.637,0,0.382,0.0293,5.46e-06,0.167,0.509,175.868,69,R&B
Nothing Personal,1987,331800,4,0.545,0.392,5,-16.001,1,0.0435,0.499,0.519,0.157,0.5,121.498,25,Jazz
Spill the Wine,1970,246333,4,0.818,0.475,2,-12.88,0,0.0708,0.471,0.0,0.0943,0.902,120.378,54,R&B
That's All Right,1946,176973,4,0.59,0.424,5,-13.864,0,0.0537,0.934,0.0162,0.149,0.819,106.636,31,Blues
Second Hand,1974,203000,4,0.481,0.624,4,-12.496,1,0.0364,0.000425,0.00226,0.687,0.848,112.414,23,Rock
You've Got Another Thing Coming,1982,310000,4,0.511,0.82,6,-6.962,0,0.049,0.00467,6.07e-06,0.104,0.543,138.2,47,Metal
Malaguena,1969,258733,4,0.462,0.158,0,-20.095,1,0.0406,0.266,0.857,0.183,0.275,142.617,28,Country
Hot Pants (She Got To Use What She Got To Get What She Wants),1971,187306,4,0.669,0.675,8,-8.958,1,0.386,0.256,0.0,0.0762,0.787,196.088,29,Disco
Rat In Mi Kitchen,1983,418466,4,0.729,0.545,9,-12.264,1,0.0633,0.0241,0.119,0.0609,0.826,90.911,50,Reggae
Change The World,1997,201000,4,0.578,0.756,2,-5.82,1,0.115,0.157,0.000232,0.249,0.663,176.739,77,Pop
"The Rain,The Park & Other Things",1968,184000,4,0.376,0.662,11,-8.771,1,0.0404,0.809,0.00131,0.683,0.691,131.582,53,Pop
Heaven Help Me,1989,202000,4,0.513,0.627,3,-7.455,1,0.0429,0.64,2.79e-06,0.165,0.109,143.988,53,Pop
Nightfall - Remastered 2007,1998,334693,3,0.464,0.763,10,-5.67,0,0.0289,0.00316,0.00196,0.113,0.268,95.928,47,Metal
Two Steps Behind,1993,256000,4,0.456,0.419,2,-10.594,1,0.0247,0.117,0.0,0.178,0.425,146.148,54,Pop
The Wild Rover,1967,249093,3,0.295,0.678,7,-7.702,1,0.249,0.827,0.0,0.429,0.765,177.859,42,Folk
Raindrops Keep Fallin’ On My Head,1970,180000,4,0.598,0.484,5,-9.663,1,0.0718,0.861,0.018,0.114,0.513,109.321,63,Pop
I Don't Know,1956,173733,4,0.727,0.296,8,-7.851,1,0.0381,0.642,0.00195,0.0815,0.592,101.006,46,R&B
Old Man And Me (WHEN I Get To Heaven),1996,269000,4,0.466,0.612,4,-9.155,1,0.0355,0.527,0.0,0.0948,0.781,98.014,0,Pop
"For What It’s Worth (STOP,Hey What’s That Sound)",1967,153000,4,0.653,0.519,2,-10.164,1,0.0497,0.406,0.0209,0.101,0.822,98.883,23,Pop
My One And Only Love,1957,295240,4,0.472,0.0676,0,-16.101,1,0.0352,0.963,0.00286,0.14,0.252,114.416,60,Jazz
Rescue Me,2019,237203,4,0.433,0.905,11,-2.171,1,0.101,0.00803,0.0,0.337,0.375,148.149,58,EDM
All Eyez (feat. Jeremih),2016,215297,3,0.419,0.655,0,-6.679,1,0.247,0.0571,0.0,0.0962,0.354,76.835,50,Rap
Black Star,1984,291133,4,0.316,0.732,11,-14.023,1,0.0477,0.00271,0.166,0.0749,0.471,146.072,43,Metal
Soldier Boy,1962,162026,4,0.576,0.238,10,-13.354,1,0.0259,0.755,0.00026,0.294,0.581,97.587,42,R&B
"Mississippi Goddam - Live At Carnegie Hall,New York,1964",1964,296600,4,0.551,0.315,4,-13.047,0,0.0621,0.674,0.0,0.321,0.873,157.52,32,Jazz
Goin' Down South,1996,191960,4,0.809,0.583,8,-7.228,1,0.0293,0.000291,0.113,0.258,0.728,96.415,40,Blues
"Don’t Worry,Be Happy",1988,150000,4,0.621,0.642,0,-6.337,1,0.115,0.371,0.0,0.172,0.841,140.666,51,Pop
Verdi Cries,1992,260253,4,0.367,0.0256,3,-25.309,1,0.0421,0.917,7.39e-05,0.0843,0.178,106.872,34,Alt. Rock
Feels So Right,1981,215786,4,0.546,0.338,10,-13.361,1,0.0233,0.522,0.000436,0.0866,0.346,90.247,43,Country
Pay the Piper,1980,289274,4,0.875,0.546,2,-9.758,1,0.357,0.00836,0.0,0.0866,0.973,135.893,7,Reggae
When You're Smiling,1929,213513,4,0.452,0.401,8,-10.696,1,0.0741,0.612,0.0481,0.717,0.799,162.885,21,Jazz
Mighty Mighty Man,1953,143230,4,0.574,0.374,0,-15.127,0,0.0392,0.824,0.0,0.581,0.82,106.456,38,R&B
I Love You More And More Every Day,1964,135000,4,0.476,0.219,8,-13.406,1,0.0296,0.492,0.0,0.201,0.595,103.496,39,Pop
Ain't No Good Life,1977,283000,3,0.645,0.519,6,-11.136,0,0.0369,0.0423,6.26e-05,0.099,0.703,115.528,30,Rock
Jive Talkin’,1975,222000,4,0.811,0.545,7,-12.969,0,0.0579,0.155,0.0853,0.156,0.734,105.911,62,Pop
Vision Of Love,1990,209000,3,0.256,0.464,5,-10.959,1,0.0382,0.433,0.0,0.121,0.355,205.362,56,Pop
Express Yourself,1989,265000,4,0.851,0.583,8,-11.022,0,0.286,0.0506,0.0,0.236,0.956,95.048,60,Pop
Yesterday When I Was Young,1969,201173,4,0.478,0.388,2,-12.655,0,0.0404,0.647,3e-06,0.11,0.339,89.829,36,Country
It’s No Crime,1989,291000,4,0.687,0.8,0,-7.682,1,0.0327,0.075,0.371,0.12,0.945,147.026,45,Pop
Kissin’ You,1996,282000,4,0.746,0.493,11,-9.427,0,0.0997,0.302,0.00957,0.109,0.878,82.04,57,Pop
Must Be The Feeling,2011,242826,4,0.616,0.796,11,-4.215,1,0.105,0.00374,3.51e-05,0.651,0.541,128.08,34,EDM
Cascades: I'm Not Your Lover,1996,282000,4,0.38,0.803,2,-7.268,1,0.0458,0.0039,0.00055,0.0783,0.45,159.932,22,Rock
Religion II,1981,351666,4,0.581,0.41,11,-10.965,0,0.0308,0.00689,0.00911,0.215,0.424,109.212,13,Punk
Wake the Dead,2008,233000,4,0.631,0.924,7,-7.958,0,0.0504,0.000117,0.000254,0.0923,0.878,138.968,14,Rock
Telefone (LONG Distance Love Affair),1983,222000,4,0.844,0.683,9,-4.292,1,0.0883,0.246,2.37e-06,0.109,0.899,138.068,40,Pop
Both Sides Now,1966,195840,4,0.352,0.3,8,-9.282,1,0.0301,0.413,0.0,0.1,0.295,58.686,49,Folk
Toulouse - Bobby Anthony Vocal Mix,2011,178124,4,0.642,0.834,5,-5.529,0,0.269,0.328,0.0,0.509,0.606,127.881,50,EDM
I Can't Live Without My Radio,1985,327426,4,0.767,0.623,10,-8.525,0,0.451,0.000336,0.0133,0.0932,0.865,179.168,14,Rap
Smoke Two Joints,1992,173426,4,0.761,0.687,7,-6.185,1,0.131,0.00469,0.00532,0.245,0.316,95.089,65,Alt. Rock
Tracy’s Theme,1960,167000,4,0.686,0.776,1,-4.894,0,0.197,0.0803,3.63e-06,0.102,0.625,92.086,28,Pop
Sin Wagon,1999,217693,4,0.598,0.936,10,-6.313,1,0.0354,0.00522,0.0178,0.219,0.898,144.059,48,Country
Sweet Mary,1971,225000,4,0.671,0.652,6,-7.86,0,0.0771,0.346,9.56e-05,0.178,0.702,158.418,51,Pop
Deep In The Heart Of Texas,1942,133800,4,0.408,0.402,7,-16.166,0,0.0451,0.697,5.56e-05,0.319,0.956,201.424,29,Country
Dixie On My Mind,1981,156106,4,0.617,0.752,2,-5.667,1,0.0241,0.0723,7.1e-06,0.202,0.809,104.791,51,Country
You'll Get No More Of Me,1976,161266,4,0.645,0.464,10,-8.68,1,0.0292,0.49,0.000106,0.108,0.715,113.017,3,Folk
My Funny Valentine,1961,324133,4,0.529,0.133,0,-21.195,0,0.0575,0.992,0.922,0.11,0.585,115.924,37,Jazz
To Hell With Poverty!,1981,299600,4,0.413,0.881,7,-9.636,1,0.118,0.000422,0.0367,0.19,0.244,133.779,27,Punk
Top Of The World,1973,166552,4,0.579,0.364,0,-15.352,1,0.0319,0.699,0.0,0.308,0.568,97.422,26,Country
One Nation Under a Groove,1978,449640,4,0.788,0.852,4,-8.157,0,0.0419,0.416,0.00116,0.288,0.869,122.375,40,Funk
Confessions Part II,2004,211200,4,0.845,0.467,1,-7.674,1,0.138,0.0586,0.0,0.0694,0.702,138.007,71,R&B
The Only Exception,2009,267653,3,0.452,0.563,4,-6.607,1,0.0272,0.144,0.0,0.143,0.209,137.715,74,Alt. Rock
The Conqueror - Shashamane Dubplate,1980,88659,4,0.771,0.537,1,-8.152,1,0.556,0.575,0.0,0.328,0.896,141.345,16,Reggae
So What,1978,185266,4,0.587,0.614,9,-8.186,1,0.0844,0.0206,0.0,0.101,0.948,169.593,24,Punk
The Way Of Love,1972,182000,4,0.865,0.414,5,-13.256,0,0.168,0.225,0.00159,0.0425,0.937,80.852,54,Pop
Children Of Sanchez,1978,198160,4,0.585,0.447,2,-14.739,1,0.0364,0.278,0.956,0.34,0.935,116.458,32,Jazz
Odyssey,1981,336000,4,0.425,0.547,1,-7.551,1,0.0257,0.155,0.000213,0.104,0.118,86.66,23,Rock
Dirty Ol' Man,1973,275746,4,0.677,0.72,9,-7.172,0,0.0317,0.491,0.00182,0.435,0.782,118.288,37,Disco
It's The Same Old Song,1965,166400,4,0.704,0.678,2,-9.121,0,0.0295,0.143,0.0,0.119,0.977,125.185,54,R&B
My Life,1979,135000,4,0.724,0.573,7,-4.113,1,0.0549,0.118,0.0,0.538,0.438,113.088,83,Pop
As I Am,2003,467826,4,0.514,0.95,7,-4.657,1,0.0725,1.09e-05,0.0135,0.19,0.149,130.027,52,Metal
Mental Revenge,1968,163973,4,0.667,0.529,0,-12.936,1,0.0339,0.436,0.00903,0.115,0.909,131.241,12,Country
Chant for Ezkaton 2000 E. V.,2000,310226,4,0.505,0.989,3,-6.861,1,0.0859,7.45e-05,0.345,0.698,0.0536,90.038,39,Metal
School Days - 1967 Version,1957,154826,4,0.534,0.8,7,-10.588,1,0.089,0.00251,0.226,0.176,0.807,137.989,12,R&B
Say Less,2018,204699,4,0.682,0.925,8,-5.436,1,0.208,0.102,1.7e-05,0.343,0.647,135.956,46,EDM
Jerusalem,1986,469640,4,0.717,0.445,8,-5.726,0,0.0665,0.403,6.8e-05,0.105,0.695,131.207,43,Reggae
This Is the End (For You My Friend),1999,192066,4,0.546,0.875,1,-3.631,1,0.0445,0.0205,0.0,0.0669,0.765,101.693,50,Punk
Raid,1983,416000,4,0.796,0.813,7,-10.829,1,0.04,0.00956,0.000136,0.0433,0.834,107.747,35,Funk
61 Highway,1964,191800,4,0.586,0.136,8,-13.399,1,0.0429,0.949,0.00274,0.138,0.525,95.261,12,Blues
Alright,1993,219000,4,0.796,0.766,7,-5.974,1,0.238,0.0742,0.0,0.0827,0.558,110.034,80,Pop
Use Ta Be My Girl,1978,198000,4,0.65,0.614,1,-7.367,1,0.0522,0.528,0.0,0.167,0.872,111.477,55,Pop
Vicarious,2006,426680,5,0.506,0.877,0,-5.73,1,0.032,5.16e-05,0.776,0.0712,0.302,114.589,63,Metal
Future Shock,1980,320533,4,0.942,0.566,1,-12.585,0,0.0556,0.489,0.00238,0.0563,0.94,109.698,27,Disco
Not Fade Away - Mono,1965,135000,4,0.567,0.566,7,-9.602,1,0.0492,0.499,0.262,0.554,0.764,98.307,23,Rock
If You Wanna Be Happy,1963,143000,4,0.673,0.866,10,-8.34,1,0.0391,0.695,0.000231,0.328,0.839,93.224,52,Pop
Spend It,2011,209659,4,0.809,0.667,6,-9.759,1,0.273,0.0421,0.0,0.372,0.657,138.52,36,Rap
Motorpsycho Nightmare,1964,273000,4,0.708,0.538,7,-7.252,1,0.0431,0.773,0.0,0.11,0.714,108.165,26,Rock
What Will My Mary Say,1963,189000,4,0.313,0.399,0,-9.552,1,0.031,0.776,2.31e-06,0.157,0.367,107.404,20,Pop
I Will Come To You,1998,251000,4,0.436,0.723,1,-7.013,1,0.047,0.0858,4.24e-05,0.113,0.344,139.764,50,Pop
Duel Of The Iron Mic,1995,246226,4,0.715,0.658,0,-5.232,1,0.288,0.0807,0.0,0.323,0.25,91.003,50,Rap
Fall Into Me,2018,231440,4,0.47,0.849,7,-3.554,0,0.0657,0.0621,0.0,0.114,0.25,139.943,49,EDM
Gainesville Rock City,1998,187600,4,0.452,0.968,9,-3.827,1,0.105,0.00436,0.000401,0.286,0.508,103.846,37,SKA
School Days,1978,470373,4,0.477,0.539,11,-12.448,0,0.05,0.0388,0.777,0.154,0.788,142.859,32,Jazz
Baby It's You,1961,161000,4,0.643,0.384,7,-11.864,0,0.0282,0.701,4.15e-05,0.178,0.741,113.458,45,R&B
Devil Woman,1962,170560,4,0.697,0.266,4,-12.459,1,0.0613,0.911,0.0,0.141,0.501,145.839,49,Country
Don’t Go Breaking My Heart,1976,251000,4,0.481,0.995,5,-5.174,1,0.0417,0.0247,0.000209,0.962,0.452,139.224,23,Pop
Hustlin',2006,254093,4,0.502,0.652,9,-7.224,1,0.3,0.0848,0.0,0.0675,0.648,136.08,66,Rap
Smooth,1999,258000,4,0.734,0.58,9,-6.619,0,0.0321,0.238,0.0006,0.0298,0.962,119.336,79,Pop
Los Angeles,1980,144821,4,0.608,0.791,7,-5.441,1,0.0306,0.0871,1.81e-06,0.0868,0.722,92.743,47,Punk
That Lady,1973,334000,4,0.344,0.769,5,-9.112,0,0.0606,0.261,0.000122,0.335,0.923,126.318,54,Pop
Time,1996,229000,4,0.721,0.802,1,-5.797,1,0.0583,0.0921,0.0,0.694,0.724,124.022,84,Pop
The Power of Your Love,1997,313386,4,0.428,0.493,7,-7.387,1,0.0287,0.17,0.0,0.254,0.22,76.854,51,Gospel
God Is Good All The Time,1997,317933,4,0.58,0.635,2,-15.811,1,0.079,0.118,5.54e-06,0.989,0.583,117.288,53,Gospel
I'm No Stranger to the Rain,1989,216266,4,0.658,0.337,4,-15.97,1,0.0238,0.343,0.128,0.107,0.564,88.106,58,Country
Good Girls Don’t,1979,215000,4,0.667,0.899,8,-4.221,1,0.0515,0.0183,0.000586,0.0811,0.708,150.065,58,Pop
Wake The Town,1974,242401,4,0.722,0.829,5,-3.178,1,0.0429,0.0864,0.15,0.208,0.786,104.776,15,Reggae
Are You Feeling It Too?,2016,270333,4,0.636,0.816,2,-6.101,0,0.0404,0.0116,0.345,0.104,0.0954,127.993,52,EDM
If Only You Knew,1983,285333,4,0.555,0.272,4,-14.986,1,0.0411,0.853,0.00156,0.0748,0.169,133.159,46,R&B
Summer Nights,1978,236000,4,0.835,0.609,9,-5.636,1,0.0336,0.0201,1.28e-06,0.107,0.781,130.154,61,Pop
For The Love Of Money,1974,439000,4,0.679,0.802,0,-7.739,1,0.0406,0.236,2.33e-06,0.132,0.894,97.375,54,Pop
I Was Such a Fool (To Fall in Love with You),1959,170266,3,0.36,0.391,10,-12.613,1,0.0313,0.835,0.0,0.0847,0.224,99.076,12,R&B
"But Not For Me - Live At The Pershing,Chicago,1958",1958,212600,4,0.591,0.554,8,-14.071,1,0.0944,0.392,0.666,0.97,0.561,126.251,37,Jazz
Matilda,1956,215837,4,0.605,0.434,1,-9.879,0,0.405,0.702,0.0,0.0793,0.96,86.938,42,Folk
C U When U Get There,1997,311040,4,0.76,0.585,3,-7.307,1,0.161,0.0102,0.000468,0.308,0.455,91.179,52,Rap
Skylark,1939,187786,4,0.431,0.184,1,-13.115,1,0.0377,0.986,8.15e-05,0.16,0.345,80.045,9,Jazz
Under Control,2003,187306,4,0.406,0.72,1,-4.647,1,0.0291,0.354,0.795,0.0541,0.641,91.336,55,Alt. Rock
A Different Corner,1986,243000,4,0.263,0.286,6,-10.34,1,0.0335,0.857,0.00898,0.105,0.151,99.001,52,Pop
Don’t Mean Nothing,1987,234000,4,0.382,0.375,2,-8.576,0,0.0356,0.477,0.0,0.249,0.236,112.412,34,Pop
"Help Me,Rhonda",1965,168000,4,0.545,0.749,1,-6.243,1,0.0297,0.311,0.000706,0.0633,0.83,139.769,56,Pop
Oliver's Army,1979,180840,4,0.527,0.725,4,-9.405,1,0.0287,0.336,0.0,0.221,0.94,143.162,49,Alt. Rock
Love Me Like A lover,1976,170000,4,0.83,0.678,7,-6.954,1,0.0437,0.0529,0.000159,0.0361,0.85,97.986,7,Disco
A Gunshot to the Head of Trepidation,2005,355320,4,0.254,0.952,2,-3.472,0,0.0497,2.68e-05,0.000391,0.209,0.481,145.024,46,Metal
North Of Alaska,1961,553000,4,0.551,0.483,7,-9.165,1,0.0534,0.492,0.00238,0.0643,0.555,102.79,17,Pop
Right Side of My Mind,1982,129893,4,0.396,0.832,6,-9.893,0,0.0518,0.0358,5.89e-05,0.104,0.48,101.511,24,Punk
You’re In Love,1991,276000,4,0.709,0.873,5,-4.139,1,0.0322,0.0151,0.0,0.189,0.878,118.936,15,Pop
O'Sanity - Remastered 2010,1984,66000,4,0.867,0.549,1,-7.188,1,0.0551,0.331,2.84e-06,0.0775,0.553,91.784,19,Rock
He Thinks I Still Care,1974,173200,4,0.259,0.299,2,-13.096,1,0.0372,0.724,0.0,0.105,0.424,202.543,32,Country
Shout It Out Loud - 2012 Remix,1976,168000,4,0.53,0.934,8,-4.315,1,0.0731,0.0751,0.0,0.456,0.731,135.654,32,Metal
Broken Down Angel,1973,224000,4,0.646,0.642,1,-7.48,0,0.0375,0.0545,0.0162,0.144,0.553,124.592,32,Metal
Hollywood Squares,1978,376493,4,0.703,0.623,8,-10.038,0,0.0809,0.257,0.000405,0.0498,0.797,89.185,19,Funk
I Can Love You Like That,1995,235000,4,0.655,0.336,11,-11.049,1,0.0264,0.302,0.0,0.343,0.203,88.554,56,Pop
STOP TRYING TO BE GOD,2018,338438,4,0.588,0.567,4,-3.738,0,0.0628,0.221,0.0,0.135,0.113,150.009,68,Rap
Games People Play,1983,207000,4,0.734,0.924,1,-3.335,0,0.165,0.0422,9.87e-06,0.224,0.907,170.58,60,Reggae
One Toke Over The Line,1971,199000,4,0.581,0.806,0,-8.158,1,0.0335,0.156,4.53e-06,0.215,0.87,77.496,46,Pop
Stand and Deliver,1981,215626,4,0.549,0.857,9,-10.156,1,0.0659,0.00542,8.05e-05,0.393,0.63,141.688,44,Punk
It's Gonna Happen,2017,273641,4,0.366,0.825,7,-5.074,1,0.18,0.163,0.0,0.261,0.457,159.77,10,Gospel
The Carnival Is Over,1965,192853,3,0.422,0.398,2,-10.291,1,0.0266,0.348,0.0,0.177,0.468,75.513,41,Folk
Chase The Sun,1998,171160,4,0.684,0.961,1,-5.056,0,0.201,0.125,0.000451,0.0732,0.788,194.41,19,SKA
Call Me,1978,445306,4,0.617,0.741,7,-11.497,1,0.029,0.000311,0.891,0.114,0.905,118.938,12,Disco
It Mek,1969,152251,4,0.599,0.564,8,-7.793,1,0.0766,0.0344,0.689,0.233,0.665,75.095,49,Reggae
I’ll Be There,1970,232000,4,0.527,0.852,2,-6.18,1,0.0456,0.0209,3.01e-06,0.187,0.254,112.491,61,Pop
Spiders,2001,215440,4,0.46,0.54,5,-5.132,1,0.0381,0.0324,0.0168,0.326,0.0506,137.855,68,Metal
Truly Madly Deeply,1998,277000,4,0.555,0.698,0,-8.874,1,0.0287,0.403,0.0,0.0851,0.816,168.12,68,Pop
Money Honey,1976,170000,4,0.775,0.754,1,-3.226,1,0.0469,0.0129,0.000301,0.0775,0.84,119.006,50,Pop
Queen Of The Reich - Remastered 2003,1983,265266,4,0.275,0.978,0,-5.442,1,0.0995,0.000105,0.00798,0.246,0.345,152.506,42,Metal
O.R.R.,1997,256000,4,0.613,0.799,7,-7.103,1,0.0259,0.0687,9.19e-05,0.09,0.525,99.469,8,Rock
Powersurge,1987,276466,4,0.464,0.886,4,-11.546,0,0.0615,6.52e-05,0.000277,0.0785,0.574,144.483,23,Metal
Mirror Mirror - Remastered 2007,1986,306013,4,0.314,0.964,0,-4.276,1,0.0939,0.00135,0.000247,0.289,0.238,177.931,49,Metal
Butterfly,1974,677333,4,0.511,0.529,5,-12.629,0,0.0439,0.438,0.839,0.0483,0.796,118.559,33,Jazz
I Need You,1987,202000,4,0.573,0.396,7,-15.182,0,0.0378,0.336,0.0,0.169,0.483,81.733,6,Rock
Convoy,1976,230000,4,0.68,0.543,5,-14.876,1,0.141,0.857,0.000116,0.0881,0.796,111.62,59,Pop
Cold Rock A Party,1997,247000,4,0.896,0.744,11,-5.239,0,0.246,0.192,1.19e-06,0.108,0.744,92.91,49,Pop
She’s So High,1999,224000,4,0.537,0.84,9,-4.626,1,0.0363,0.2,2.15e-06,0.0998,0.211,124.269,71,Pop
San Francisco Hustle,1975,288653,4,0.887,0.4,7,-16.178,0,0.0412,0.0206,0.172,0.213,0.897,104.952,32,Disco
Step Lightly,1966,439533,4,0.557,0.291,0,-14.014,1,0.035,0.626,0.259,0.128,0.335,114.9,7,Jazz
"A Little Bit Me,A Little Bit You",1967,168000,4,0.609,0.818,5,-4.62,1,0.0425,0.114,0.316,0.0999,0.922,78.955,47,Pop
Quicksand,1963,162773,4,0.651,0.632,2,-9.21,0,0.0622,0.101,0.0401,0.116,0.853,172.21,29,R&B
Can't Stop Groovin' Now (Wanna Do It Some More),1979,352506,4,0.732,0.889,6,-9.026,0,0.0968,0.0517,0.796,0.0584,0.668,116.796,5,Funk
Honey Come Back,1970,178000,4,0.303,0.349,5,-13.096,1,0.032,0.331,5.88e-05,0.308,0.422,101.091,34,Country
Am I Wrong (feat. ScHoolboy Q),2016,253520,4,0.729,0.799,11,-7.378,0,0.0779,0.0588,0.00218,0.0948,0.532,115.04,53,Funk
For Once In My Life,1969,169000,4,0.524,0.519,6,-11.903,1,0.043,0.195,0.0,0.523,0.847,110.121,73,Pop
Round And Round,1984,265000,4,0.628,0.934,11,-6.026,1,0.0527,0.00682,1.11e-05,0.0853,0.491,126.539,68,Pop
You’ll See,1996,196000,4,0.748,0.827,4,-5.242,1,0.0512,0.146,0.0,0.265,0.645,121.031,71,Pop
Mrs. Robinson,1968,244000,4,0.606,0.457,6,-14.035,0,0.0497,0.713,2.53e-05,0.0747,0.813,92.033,80,Pop
"Foggy,Foggy Dew",1960,153826,3,0.543,0.068,7,-17.254,1,0.0718,0.95,0.0,0.114,0.39,84.635,7,Folk
Cotton Fields,1939,126000,4,0.686,0.41,2,-10.369,1,0.114,0.909,0.000168,0.195,0.873,119.954,20,Folk
Substitute Lover,1982,218026,4,0.797,0.274,11,-14.849,1,0.157,0.011,0.0,0.118,0.661,166.572,48,Reggae
Scott Farcas Takes It On The Chin,2000,154440,4,0.372,0.97,1,-4.238,1,0.12,0.00711,5.46e-05,0.0562,0.635,131.54,34,SKA
The Night Has A Thousand Eyes,1963,155000,4,0.556,0.506,5,-10.771,0,0.0326,0.687,0.0,0.0905,0.888,98.574,45,Pop
Stone Crazy,1961,431853,3,0.447,0.464,2,-11.622,1,0.12,0.807,0.000118,0.249,0.62,175.465,46,Blues
Cold,2018,212793,4,0.478,0.785,6,-5.437,0,0.159,0.0157,0.0657,0.0695,0.532,140.977,25,EDM
Prove It On Me Blues,1928,165094,4,0.623,0.271,2,-11.719,1,0.1,0.995,0.0229,0.13,0.535,105.085,15,Blues
Everybody Needs Somebody to Love,1964,166066,4,0.629,0.543,8,-9.185,1,0.045,0.145,0.0,0.116,0.858,75.519,49,R&B
Rain,1991,236466,4,0.561,0.845,0,-6.981,1,0.0328,0.000648,0.823,0.347,0.605,122.731,56,Metal
She'll Drive The Big Car,2003,274000,4,0.691,0.758,4,-4.205,0,0.0359,0.0329,7.72e-06,0.131,0.587,119.874,23,Rock
Fortunate,1999,140000,4,0.64,0.663,0,-7.516,1,0.0374,0.201,0.00806,0.152,0.663,132.77,85,Pop
Dangerous Mood,1996,297666,3,0.627,0.538,5,-9.094,0,0.0344,0.0076,0.00279,0.132,0.352,106.691,25,Blues
Send in the Clowns,1975,240866,3,0.171,0.0487,3,-16.942,1,0.0365,0.97,0.00104,0.188,0.0926,173.557,44,Folk
Til the Season Comes 'Round Again,2011,201000,3,0.647,0.391,4,-8.406,1,0.0255,0.598,1.13e-05,0.102,0.191,112.102,0,Rock
Are You Lonesome Tonight?,1961,186000,3,0.433,0.0748,0,-19.351,1,0.049,0.92,0.00104,0.105,0.193,73.093,56,Pop
You Decorated My Life,1979,218133,4,0.264,0.307,7,-12.36,1,0.0341,0.662,0.0,0.101,0.153,172.546,63,Country
Something About You,1986,153000,4,0.648,0.781,9,-8.736,0,0.0271,0.0332,0.013,0.305,0.822,133.417,82,Pop
Count On Me,1978,197000,4,0.589,0.389,0,-5.972,1,0.028,0.851,0.0,0.0772,0.501,89.1,74,Pop
Live And Let Die,1973,182000,4,0.266,0.778,11,-8.671,1,0.0624,0.0106,0.113,0.12,0.262,151.244,71,Pop
Boom-Shack-A-Lack,1997,213533,4,0.756,0.44,6,-8.256,0,0.293,0.145,0.0,0.0781,0.565,78.729,22,Reggae
People Have the Power,1988,310400,4,0.622,0.737,2,-9.296,1,0.0289,0.0349,4.6e-06,0.318,0.742,130.255,47,Punk
Desire,1980,179000,4,0.587,0.924,11,-5.433,0,0.0457,0.0311,0.0171,0.23,0.509,140.009,79,Pop
Take Me to the River,1974,225373,4,0.786,0.418,9,-11.115,1,0.0432,0.218,0.000158,0.134,0.94,119.101,59,R&B
Last Train Home,1987,338186,3,0.377,0.488,10,-14.652,1,0.0301,0.677,0.92,0.0538,0.312,80.411,52,Jazz
Prince Charming,1981,198186,4,0.544,0.667,9,-9.526,1,0.0398,0.179,3.94e-06,0.142,0.665,149.944,45,Punk
"Paper Blood (LIVE - April 5,1993)",1977,200000,4,0.465,0.413,2,-9.659,1,0.0295,0.376,0.0,0.0551,0.572,114.525,25,Rock
Vibraphone Blues,1947,307813,4,0.699,0.19,8,-17.218,1,0.0439,0.801,0.000486,0.149,0.542,108.447,23,Jazz
Words Of Love,1967,226000,4,0.533,0.756,9,-5.754,1,0.0376,0.459,7.41e-06,0.126,0.684,130.996,46,Pop
The Mighty Quinn,1968,173000,4,0.599,0.703,11,-7.058,1,0.0502,0.442,0.0,0.232,0.887,92.828,39,Pop
Right Time Of The Night,1977,173000,4,0.563,0.478,10,-10.149,1,0.024,0.551,0.0,0.159,0.749,93.684,41,Pop
Sha La La,1965,235000,4,0.611,0.828,9,-7.723,1,0.05,0.0088,0.000119,0.115,0.815,145.003,43,Pop
Paranoid,1980,126400,4,0.313,0.824,4,-7.25,0,0.0473,0.0231,1.99e-05,0.387,0.496,101.988,34,Punk
Shake 'Em on Down,1964,246813,4,0.527,0.459,11,-16.839,1,0.109,0.94,0.419,0.811,0.325,104.535,30,Blues
(I Know) I’m Losing You,1970,236000,4,0.779,0.712,7,-7.246,0,0.0362,0.0359,0.00993,0.12,0.65,120.009,31,Pop
Disco Duck,1976,198000,4,0.81,0.448,4,-15.137,1,0.0693,0.132,0.000926,0.063,0.968,117.04,30,Pop
Love Rollercoaster,1975,290160,4,0.613,0.82,0,-10.175,1,0.0737,0.181,1.45e-06,0.049,0.465,115.125,57,Funk
Trippin' on a Hole in a Paper Heart,1996,175920,4,0.47,0.989,7,-3.857,1,0.0632,0.000386,0.00161,0.157,0.446,106.479,62,Alt. Rock
No Easy Street,1986,246640,4,0.529,0.677,7,-6.126,1,0.0313,0.00376,0.00813,0.31,0.674,116.078,22,Alt. Rock
On Top (feat. T-Shirt),2016,231106,4,0.517,0.757,6,-5.423,1,0.232,0.0097,5.53e-05,0.145,0.308,92.533,50,EDM
The Whisper,1980,180840,4,0.611,0.779,4,-6.703,1,0.0469,0.334,0.0,0.0736,0.972,145.758,12,SKA
Paris,2017,221506,4,0.653,0.658,2,-6.428,1,0.0304,0.0215,1.66e-06,0.0939,0.219,99.99,73,EDM
Pretender (feat. Lil Yachty & AJR),2022,188737,4,0.637,0.778,5,-3.642,0,0.0706,0.0248,0.0,0.228,0.286,103.093,47,EDM
Summer Of ’69,1985,216000,4,0.509,0.834,2,-6.205,1,0.0386,0.0183,0.0,0.0732,0.774,139.13,83,Pop
Bright Side of Life,2012,245666,4,0.863,0.656,2,-6.505,0,0.0381,0.0165,8.45e-06,0.0936,0.622,93.078,46,Reggae
One Of A Kind Pair Of Fools,1983,163707,4,0.691,0.317,10,-15.413,0,0.0413,0.66,0.0,0.126,0.658,86.825,28,Country
Nobody’s Supposed To Be Here,1998,262000,4,0.662,0.531,8,-5.3,1,0.0361,0.202,1.16e-05,0.595,0.399,119.957,55,Pop
Drivin' Thunder,1988,195000,4,0.518,0.745,2,-13.829,1,0.0338,0.014,0.000428,0.32,0.532,122.551,17,Rock
One Mint Julep,1961,185000,4,0.66,0.666,3,-11.056,1,0.0566,0.712,0.0708,0.317,0.865,128.255,31,Pop
One Hell Of A Woman,1974,128000,3,0.51,0.117,3,-12.909,1,0.0399,0.901,0.0,0.152,0.231,145.463,39,Pop
You Got It – I Want It,1976,250773,4,0.79,0.91,10,-5.511,0,0.0651,0.11,0.0212,0.0561,0.956,122.674,7,Disco
Eight Frames a Second,1969,204933,4,0.268,0.145,2,-17.5,1,0.0297,0.591,0.129,0.129,0.206,92.695,7,Folk
Golden Age of Leather,1977,352000,4,0.296,0.7,7,-10.38,1,0.049,0.0127,0.000101,0.0577,0.345,167.595,28,Rock
"How High The Moon - Live At Syria Mosque,Pittsburgh / 1947",1947,612293,4,0.69,0.529,0,-12.406,1,0.144,0.716,0.856,0.465,0.778,110.642,0,Jazz
Running,2001,240466,4,0.691,0.61,0,-7.023,1,0.0275,0.189,2.38e-05,0.0885,0.363,113.127,45,SKA
Come Go with Me,1957,205000,4,0.625,0.814,0,-5.181,1,0.0657,0.0172,0.0,0.158,0.535,144.991,75,Pop
The Way I Want To Touch You,1975,163000,4,0.664,0.585,0,-7.062,0,0.0248,0.624,0.000112,0.343,0.597,111.29,37,Pop
The Hellion,1982,41000,5,0.154,0.432,9,-7.517,1,0.0333,5.01e-06,0.901,0.254,0.335,134.744,37,Metal
Night Patrol,1990,283866,4,0.75,0.563,9,-11.679,1,0.0302,0.419,1.67e-05,0.0984,0.739,114.617,22,Blues
The Great Atomic Power,1954,162920,4,0.683,0.431,9,-9.502,1,0.0265,0.724,0.0,0.138,0.813,97.329,34,Country
Sword of Damocles,2014,294000,3,0.45,0.862,3,-5.287,0,0.0571,0.000508,0.000247,0.029,0.306,93.048,30,Rock
Lucille,1977,220866,3,0.646,0.362,5,-11.954,1,0.0312,0.724,0.0,0.134,0.387,142.46,60,Country
Big Empty,1994,293986,4,0.335,0.716,7,-7.023,1,0.0406,0.0346,0.0,0.107,0.3,121.791,42,Alt. Rock
Run the World (Girls),2011,236093,4,0.732,0.899,0,-4.237,1,0.143,0.00496,4.64e-05,0.372,0.759,127.091,70,R&B
Breathless,1980,138040,4,0.501,0.808,0,-6.104,1,0.0406,0.117,0.000118,0.302,0.847,99.25,30,Punk
Good Vibes (feat. Lutan Fyah),2012,211880,4,0.733,0.712,6,-6.914,1,0.132,0.163,0.0,0.128,0.814,151.569,49,Reggae
Supertones Strike Back,1999,161533,4,0.526,0.968,9,-2.655,1,0.0549,0.0301,0.0387,0.133,0.667,97.176,32,SKA
Hit The Road Jack,1961,119000,4,0.598,0.571,8,-12.616,0,0.139,0.704,0.0,0.513,0.962,173.141,73,Pop
Knock On Wood,1979,189000,4,0.864,0.346,4,-12.918,1,0.0365,0.277,0.00521,0.0514,0.964,105.164,58,Pop
Bible Black,2009,386706,4,0.34,0.783,1,-6.235,1,0.0394,0.00457,0.000153,0.0812,0.312,81.932,30,Metal
I Just Can't Stop,1983,156729,4,0.739,0.568,0,-7.368,1,0.0431,0.369,0.0,0.0585,0.818,74.685,44,Reggae
Green Eyes,2000,604973,3,0.373,0.288,5,-13.295,0,0.058,0.3,0.0267,0.0449,0.197,61.349,54,R&B
Wild One,1960,141000,4,0.662,0.55,0,-5.816,1,0.0366,0.00354,8.95e-06,0.406,0.308,136.184,80,Pop
Forward Jah Jah Children (original),1976,199666,4,0.784,0.279,8,-20.376,1,0.464,0.0397,9.68e-06,0.0464,0.873,136.73,21,Reggae
Jah Jah Know,2005,363866,4,0.737,0.493,8,-9.599,1,0.184,0.101,1.18e-05,0.305,0.533,80.933,41,Reggae
"The Gangster Is Back - Live In Hollywood,Florida/1971",1971,155000,4,0.509,0.838,5,-10.551,1,0.464,0.501,9.51e-06,0.835,0.607,82.581,9,Rock
Could It Be I’m Falling In Love,1973,249000,4,0.382,0.727,9,-6.677,0,0.0861,0.729,0.0,0.196,0.826,207.266,17,Pop
Ask Me,1975,243426,4,0.722,0.745,5,-8.516,1,0.0475,0.0912,0.00147,0.111,0.819,116.727,16,Disco
Don’t Mess With Bill,1966,169000,4,0.669,0.644,7,-7.261,1,0.037,0.268,0.0,0.142,0.471,116.171,1,Pop
It's Only Love,1986,285000,4,0.646,0.637,9,-11.433,0,0.0281,0.0923,0.00568,0.0676,0.463,123.019,8,Rock
I Need A Man,1980,203840,4,0.567,0.572,1,-15.538,1,0.0502,0.131,0.0,0.178,0.766,131.634,30,Disco
Blame the Machines,2011,249000,4,0.577,0.746,6,-4.403,0,0.0332,0.000386,0.000754,0.0728,0.433,144.987,7,Rock
Say It - Illenium Remix,2019,267200,4,0.487,0.768,6,-4.473,1,0.0545,0.0343,0.00496,0.0953,0.426,149.681,57,EDM
I Can't Get Next To You,1969,174933,4,0.693,0.687,5,-12.909,1,0.0973,0.575,0.0,0.398,0.699,108.854,50,R&B
Lovin' Machine,1951,145443,4,0.545,0.788,8,-7.902,1,0.0569,0.344,0.0,0.083,0.854,162.53,30,R&B
One Of These Nights,1975,291000,4,0.655,0.606,7,-10.385,1,0.0285,0.0603,0.0789,0.0757,0.765,110.061,73,Pop
Dreaming (Tell Me),1985,319906,4,0.331,0.474,1,-11.602,0,0.0324,0.363,0.000952,0.0434,0.338,118.001,38,Metal
Love of a Woman,1985,199493,4,0.793,0.246,6,-17.35,1,0.0689,0.44,0.0123,0.112,0.646,85.136,5,Reggae
Proud Mary,1971,187000,4,0.699,0.641,2,-7.564,1,0.0289,0.13,0.000218,0.0601,0.728,120.745,76,Pop
A Change of Seasons - The Crimson Sunrise,1995,1388720,3,0.306,0.806,4,-6.63,0,0.0562,0.000575,0.031,0.103,0.225,115.709,39,Metal
Here to Stay,2002,270960,4,0.564,0.947,2,-4.998,1,0.0448,7.81e-06,0.828,0.373,0.351,100.002,64,Alt. Rock
It’s A Mistake,1983,195000,4,0.177,0.904,4,-7.145,1,0.0586,0.000331,0.473,0.359,0.526,158.717,21,Pop
Spectrum (Say My Name) - Calvin Harris Remix,2012,218190,4,0.578,0.946,11,-3.85,0,0.0482,0.00225,0.00412,0.0966,0.588,126.092,57,Alt. Rock
Poison Ivy - 2007 Remaster; Remastered,1958,164253,4,0.749,0.708,1,-5.413,1,0.0902,0.402,0.0,0.0904,0.97,137.286,41,R&B
The Ballad Of Bonnie And Clyde,1968,457000,4,0.18,0.829,4,-8.414,0,0.0464,0.00403,0.835,0.294,0.11,67.477,20,Pop
Angel Of The Morning,1981,250000,4,0.452,0.313,8,-9.309,1,0.026,0.433,2.6e-05,0.0772,0.344,75.806,63,Pop
Overture - Live,1976,271000,4,0.202,0.92,11,-7.737,0,0.0914,0.00146,0.58,0.924,0.33,135.096,26,Rock
The Late Great Johnny Ace,1983,287000,4,0.372,0.124,2,-17.151,0,0.0381,0.872,0.0046,0.107,0.0591,68.324,20,Rock
Starlight,1984,230893,4,0.241,0.877,11,-9.384,0,0.078,0.000147,0.213,0.372,0.399,165.491,26,Metal
Whole Lotta Love / Living Loving Maid,1970,313000,4,0.297,0.934,1,-5.606,1,0.0943,0.000274,0.00374,0.78,0.384,79.781,0,Pop
Ex-Girlfriend,2000,212400,4,0.546,0.907,4,-4.117,0,0.09,0.0135,0.00232,0.169,0.654,173.178,52,SKA
More Than This,1992,245573,4,0.623,0.773,6,-8.8,1,0.0271,0.0155,0.00573,0.0917,0.807,124.644,46,Alt. Rock
Sweet Sticky Thing,1975,372733,4,0.532,0.582,1,-12.297,0,0.0631,0.201,0.0139,0.087,0.669,90.82,40,Funk
Tryin’ To Get The Feeling Again,1976,231000,4,0.274,0.553,3,-9.345,1,0.0505,0.612,0.000171,0.182,0.252,136.488,39,Pop
He's Working It Out for You,1971,331493,4,0.47,0.603,7,-10.4,1,0.15,0.448,0.0,0.661,0.295,78.388,32,Gospel
Georgy Girl,1967,140000,4,0.515,0.496,4,-7.446,1,0.0324,0.265,0.0,0.182,0.651,153.582,53,Pop
I’m The Only One,1994,223000,4,0.715,0.518,5,-7.108,1,0.0459,0.528,0.0,0.0732,0.556,82.076,48,Pop
The Irish Rover (feat. The Dubliners),1987,248279,4,0.55,0.788,7,-9.722,1,0.0401,0.0125,0.000686,0.337,0.962,140.311,40,Punk
All Night Long (ALL Night),1983,260000,4,0.744,0.583,1,-12.595,1,0.0429,0.153,7.81e-05,0.0248,0.852,108.792,59,Pop
Soulmate,1995,213506,4,0.397,0.978,8,-3.78,1,0.0986,0.00257,4.06e-05,0.354,0.382,101.275,17,Punk
I Was Country When Country Wasn't Cool,1981,223000,4,0.607,0.389,0,-17.901,1,0.0405,0.375,0.000193,0.953,0.509,105.01,47,Country
Those Were The Days,1968,81000,4,0.804,0.399,5,-8.444,0,0.0509,0.375,0.000592,0.101,0.391,92.942,61,Pop
My Funny Valentine,1956,361813,4,0.543,0.0849,0,-17.599,0,0.0407,0.912,0.00628,0.112,0.262,69.435,33,Jazz
Mountain of Love,1981,167933,4,0.682,0.666,4,-10.041,1,0.0379,0.538,3.06e-05,0.0554,0.932,125.066,42,Country
All We Got (feat. Kanye West & Chicago Children's Choir),2016,203794,4,0.531,0.544,0,-8.615,0,0.462,0.308,1.89e-06,0.0835,0.398,131.921,57,Rap
Revolution,2007,337893,4,0.816,0.781,2,-5.112,1,0.0752,0.0719,0.00401,0.0771,0.694,103.005,53,Gospel
We Shall Overcome - Live,1963,212226,4,0.348,0.188,11,-16.474,1,0.0345,0.914,0.00314,0.723,0.174,96.832,28,Folk
Rudi Got Married,1968,203800,4,0.825,0.649,6,-9.676,1,0.0724,0.627,6.4e-06,0.0428,0.967,119.451,26,SKA
Fly With The Wind,1976,510226,4,0.292,0.739,5,-12.43,0,0.0522,0.114,0.0394,0.073,0.539,141.004,25,Jazz
The Dream,1969,58000,3,0.209,0.592,9,-13.279,0,0.0661,0.912,0.212,0.171,0.445,88.439,22,Rock
Song to the Siren - 2006 Remaster,1969,206120,4,0.27,0.17,10,-14.815,1,0.0382,0.944,0.000284,0.109,0.121,85.735,7,Folk
The Beast,2016,219573,4,0.707,0.906,5,-4.314,0,0.445,0.338,0.0,0.435,0.746,204.129,31,Rap
School Days,1977,173226,4,0.45,0.871,9,-6.963,1,0.0657,0.076,0.0974,0.172,0.66,152.073,32,Punk
A Better Place to Be - Live; 1975,1975,599506,4,0.456,0.3,2,-15.094,1,0.0772,0.703,0.00104,0.669,0.241,143.809,29,Folk
Let My Love Open The Door,1980,164000,4,0.651,0.653,0,-9.731,1,0.0545,0.365,0.000117,0.0742,0.729,164.912,59,Pop
Running Bear,1959,165893,4,0.61,0.688,7,-9.308,1,0.0357,0.573,0.0,0.164,0.761,119.831,41,Country
Little Guitars (Intro) - Intro; 2015 Remaster,1982,42000,4,0.281,0.439,2,-12.906,1,0.0369,0.0638,0.58,0.125,0.425,113.225,37,Rock
Black and Blues,1981,292013,3,0.623,0.52,5,-11.815,1,0.0635,0.135,6.45e-06,0.0328,0.832,174.653,31,Jazz
Wildwood Weed,1974,160000,4,0.682,0.425,7,-13.178,1,0.0366,0.732,2.71e-06,0.128,0.681,90.056,39,Pop
Wow,1955,202400,4,0.411,0.273,7,-14.814,0,0.0506,0.97,0.448,0.349,0.678,174.876,8,Jazz
You Make Me,2013,233346,4,0.586,0.727,6,-4.799,1,0.039,0.00247,0.0107,0.152,0.496,124.99,65,EDM
Candle (Album Version),1992,298933,4,0.372,0.789,2,-10.753,0,0.039,0.000203,0.437,0.105,0.142,149.569,28,Alt. Rock
Urgent,1981,271000,4,0.855,0.803,4,-5.849,0,0.0316,0.342,0.00732,0.0841,0.962,114.867,61,Pop
Twist,1999,49213,4,0.558,0.989,1,-5.041,0,0.158,0.395,9.81e-05,0.375,0.635,83.071,65,Alt. Rock
Ghetto Gospel,2004,238053,4,0.794,0.614,5,-5.352,0,0.0467,0.0964,0.0,0.0788,0.663,80.569,66,Rap
Doin’ It,1996,265000,4,0.397,0.172,6,-15.698,0,0.0445,0.841,6.78e-05,0.108,0.123,101.275,67,Pop
Turbo Lover - Remastered,1986,334000,4,0.551,0.876,9,-7.02,1,0.037,0.174,9.04e-06,0.397,0.746,151.575,55,Metal
Who Am I (What’s My Name)?,1993,246200,4,0.734,0.735,7,-6.201,1,0.065,0.000813,3.25e-05,0.559,0.729,96.806,70,Rap
Mr. Big Stuff,1971,164000,4,0.886,0.491,8,-12.589,1,0.171,0.29,2.46e-06,0.229,0.971,93.236,62,Pop
Fast Times,1982,243000,4,0.31,0.87,2,-12.068,1,0.0642,0.0139,0.00514,0.466,0.638,169.412,7,Rock
"Take the ""A"" Train",1941,331800,4,0.479,0.318,0,-13.836,1,0.0395,0.278,0.0959,0.107,0.575,94.036,45,Jazz
To Worship You I Live - Live,2003,407713,4,0.282,0.258,0,-10.01,1,0.0344,0.595,0.0,0.613,0.192,121.813,40,Gospel
Lullaby,1999,249000,4,0.718,0.557,9,-10.679,1,0.0328,0.185,0.707,0.055,0.586,94.095,57,Pop
Close Your Eyes,1967,154000,3,0.143,0.000195,9,-39.978,1,0.0625,0.923,0.963,0.112,0.106,136.879,62,Pop
How Sweet It Is (TO Be Loved By You),1965,216000,4,0.764,0.628,0,-10.961,1,0.048,0.336,0.0,0.0977,0.823,109.008,64,Pop
Twisted,1996,188000,4,0.581,0.983,5,-3.291,0,0.0636,0.00043,0.00654,0.0806,0.417,110.038,69,Pop
Look Through My Window,1966,187480,4,0.363,0.434,10,-7.688,1,0.0273,0.608,0.0,0.334,0.372,105.264,32,Folk
The Letter,1970,91000,4,0.721,0.496,8,-6.296,1,0.0645,0.14,0.000101,0.102,0.18,81.499,72,Pop
Salvation,2003,173103,4,0.47,0.895,9,-8.083,1,0.0476,0.0039,5.45e-05,0.296,0.877,141.951,49,Punk
Say My Name,2018,262956,4,0.745,0.75,6,-7.357,0,0.0467,0.004,0.423,0.075,0.349,115.039,64,EDM
San Francisco,1999,107960,4,0.39,0.948,9,-3.755,1,0.0852,5.94e-05,0.000364,0.215,0.449,88.263,24,Punk
All Right Now,1970,334000,4,0.773,0.407,2,-15.039,1,0.0752,0.0768,1.77e-06,0.08,0.775,119.829,56,Pop
England Belongs to Me,1978,183613,4,0.414,0.915,9,-4.891,1,0.0805,0.0201,0.0,0.0752,0.735,180.838,43,Punk
Hook,1996,172000,4,0.547,0.82,8,-6.728,1,0.0805,0.261,0.0,0.3,0.933,118.208,68,Pop
Parklife,1994,187040,4,0.632,0.877,4,-6.905,1,0.0606,0.154,0.0,0.328,0.749,138.391,56,Alt. Rock
Fast as a Shark,1982,228666,4,0.431,0.95,2,-11.399,1,0.117,0.000109,0.248,0.232,0.162,140.044,44,Metal
My Conception,1961,284933,4,0.532,0.0575,3,-18.032,1,0.0389,0.977,0.717,0.107,0.372,63.332,37,Jazz
Wankers,1981,157946,4,0.472,0.921,4,-6.954,1,0.0538,0.000232,0.693,0.118,0.571,99.678,20,Punk
Misty,1954,171000,4,0.431,0.161,10,-17.707,0,0.0389,0.952,0.799,0.106,0.173,98.018,49,Jazz
Str8 Like Dat,2018,207899,5,0.783,0.768,1,-7.117,1,0.39,0.153,0.0,0.115,0.482,157.132,42,Rap
The Search,2019,248040,4,0.789,0.786,2,-4.788,1,0.297,0.596,0.0,0.0997,0.39,119.957,68,Rap
Everything About You,1992,231000,4,0.498,0.83,6,-5.157,0,0.0421,0.00461,0.0,0.139,0.453,89.342,77,Pop
Bo Diddley,1955,149013,4,0.809,0.701,0,-12.484,1,0.0574,0.176,0.0,0.184,0.563,105.696,48,R&B
"The Lord's Prayer - Live At The Church Of God,NY / 1959",1959,185880,1,0.297,0.349,0,-9.229,1,0.0444,0.791,9.65e-05,0.832,0.285,89.49,0,Gospel
E5150 / After All (The Dead) - Live from Radio City Music Hall,2007,510733,4,0.119,0.721,10,-9.333,1,0.0497,0.00285,0.0534,0.462,0.186,70.069,12,Metal
Malfunction,1986,222706,4,0.355,0.729,11,-13.107,0,0.0529,0.000339,0.312,0.108,0.461,161.443,26,Punk
Saving All My Love For You,1985,238000,3,0.636,0.264,6,-14.567,0,0.0263,0.593,4.22e-05,0.275,0.264,99.304,68,Pop
I Met Him On A Sunday (Ronde-Ronde),1958,136386,4,0.534,0.511,7,-8.56,1,0.0476,0.729,1.37e-06,0.0593,0.933,141.612,29,R&B
Cimarron,1941,136579,4,0.36,0.324,3,-15.291,1,0.045,0.673,0.00659,0.0912,0.853,205.792,6,Country
"A New Machine,Pt. 2",1987,39000,4,0.289,0.0676,1,-19.996,1,0.0436,0.641,1.57e-05,0.101,0.0728,55.4,35,Rock
The Letter,1967,91000,4,0.721,0.496,8,-6.296,1,0.0645,0.14,0.000101,0.102,0.18,81.499,72,Pop
Hey Joe - Live,1978,436413,4,0.373,0.659,11,-10.511,0,0.187,0.718,0.244,0.765,0.578,117.518,32,Blues
Please Mr. Please,1975,148000,4,0.785,0.776,2,-5.259,1,0.0312,0.729,0.0,0.181,0.967,121.505,63,Pop
I Know Why (And So Do You),1958,287613,4,0.528,0.0847,0,-16.575,0,0.0405,0.984,0.893,0.131,0.0431,111.49,50,Jazz
It's Not Enough,1978,248506,4,0.48,0.657,2,-9.918,1,0.0297,0.0145,0.0523,0.0726,0.599,117.446,16,Punk
Wonderful,1997,280813,4,0.514,0.817,7,-6.489,1,0.05,0.0118,8.25e-06,0.346,0.734,186.765,54,Alt. Rock
Leave My Kitten Alone,1958,153739,4,0.503,0.637,8,-9.673,1,0.0333,0.648,3.7e-05,0.304,0.933,104.095,17,R&B
Is This Love,1987,232000,4,0.776,0.561,6,-8.375,0,0.103,0.111,0.0,0.067,0.743,122.246,78,Pop
High Hopes,1988,144933,4,0.291,0.731,11,-11.84,1,0.0415,1.52e-05,0.254,0.0571,0.344,110.644,32,Punk
Full Metal Jackoff,2008,837173,4,0.269,0.813,4,-11.857,1,0.0429,0.000118,0.823,0.302,0.537,129.582,28,Punk
Is This Love,1988,232000,4,0.776,0.561,6,-8.375,0,0.103,0.111,0.0,0.067,0.743,122.246,78,Pop
America the Beautiful / This Land Is Your Land,1962,229426,4,0.303,0.259,5,-15.224,1,0.0431,0.56,0.0,0.7,0.568,180.271,4,Folk
Sweet Thing,1976,184000,4,0.524,0.641,0,-8.967,1,0.0497,0.0437,2.78e-05,0.159,0.482,141.65,67,Pop
Woman In Love,1980,231000,4,0.469,0.278,3,-16.311,0,0.028,0.248,0.000126,0.133,0.331,169.735,67,Pop
"Mother,Queen of My Heart",1932,200266,3,0.45,0.228,2,-10.78,1,0.0479,0.981,0.0,0.339,0.422,76.06,3,Country
Dead Man Blues,1926,193306,4,0.741,0.343,7,-10.186,0,0.0706,0.967,0.146,0.111,0.84,128.47,7,Jazz
I Hear You Knocking,1971,167000,4,0.75,0.615,4,-8.956,1,0.0386,0.0233,0.000165,0.0847,0.979,103.353,38,Pop
Love Touch,1986,312000,4,0.682,0.4,8,-15.692,1,0.0282,0.302,2.07e-05,0.0805,0.835,92.101,47,Pop
Magic,1975,137000,4,0.911,0.689,1,-6.176,1,0.265,0.00119,0.0,0.0704,0.546,140.034,80,Pop
My Heart Has A Mind Of Its Own,1960,152000,4,0.495,0.539,6,-6.088,1,0.0336,0.819,0.0,0.325,0.715,109.49,23,Pop
Burnin' for You,1981,271000,4,0.532,0.728,9,-9.079,0,0.0352,0.106,0.0108,0.0849,0.69,134.303,66,Rock
Back to School (Mini Maggit),2003,237360,4,0.3,0.986,8,-3.022,1,0.107,0.000386,0.000136,0.0924,0.256,85.117,61,Alt. Rock
Hail H.I.M - 2002 Remastered Version,2002,255800,4,0.775,0.652,4,-7.881,0,0.0583,0.149,0.18,0.0458,0.671,137.866,48,Reggae
Angel In Disguise,1984,235226,4,0.582,0.367,10,-13.755,1,0.0272,0.471,2.03e-05,0.221,0.38,111.705,33,Country
Shuffle Rag,1947,125440,4,0.391,0.225,0,-16.389,1,0.0494,0.851,0.743,0.215,0.894,173.085,9,Blues
Dance the Night Away,1979,188000,4,0.548,0.843,8,-7.32,1,0.0597,0.0373,1.26e-06,0.0536,0.719,129.661,64,Rock
In My Eyes,1981,169320,4,0.276,0.959,7,-5.86,1,0.143,0.0343,0.0094,0.0554,0.449,161.114,44,Punk
Savage,1987,250000,4,0.496,0.551,3,-12.53,1,0.0289,0.118,0.0185,0.39,0.501,96.72,5,Rock
Genius of Love - Long Version,1981,446773,4,0.914,0.471,2,-13.128,1,0.0734,0.042,0.0096,0.0398,0.715,102.793,32,Disco
Dare You (feat. Matthew Koma) - Radio Edit,2014,218440,4,0.456,0.89,9,-4.304,1,0.0463,0.0169,0.0,0.0901,0.165,127.894,31,EDM
"Night in Tunisia - Live at Ridgewood High School,New Jersey,1955",1955,882440,4,0.504,0.421,7,-17.125,0,0.046,0.929,0.712,0.209,0.654,147.088,0,Jazz
Wild Flower,1985,217466,4,0.532,0.699,4,-9.496,1,0.0618,0.00674,0.000269,0.0925,0.837,135.425,51,Metal
Bleed The Same,2015,244360,4,0.629,0.69,7,-4.894,1,0.0357,0.0424,0.0,0.363,0.307,102.036,50,Gospel
"Fight the Power,Pts. 1 & 2",1975,319920,4,0.793,0.786,11,-7.449,0,0.175,0.121,0.0187,0.0673,0.83,126.548,37,R&B
Black Sunshine,1992,289000,4,0.526,0.918,9,-10.879,1,0.0722,0.00213,0.0751,0.25,0.318,166.669,51,Metal
The Day That I Give In,1991,194432,4,0.697,0.646,0,-7.798,1,0.0262,0.65,0.543,0.251,0.57,115.994,25,Folk
"Love,Need and Want You",1980,300226,4,0.571,0.509,4,-8.649,1,0.0569,0.855,1.25e-06,0.477,0.483,150.718,42,R&B
I Like The Way (THE Kissing Game),1991,348000,4,0.723,0.498,1,-10.53,1,0.0319,0.102,0.0278,0.0305,0.712,104.085,50,Pop
Passacaglia,1990,771773,4,0.349,0.0194,5,-24.007,1,0.0385,0.893,0.884,0.0927,0.0367,93.406,0,Jazz
Sweet Home Chicago,1936,176626,4,0.691,0.0958,1,-13.9,0,0.143,0.98,1.61e-05,0.0931,0.519,101.574,37,Blues
Wang Dang Doodle,1961,147400,4,0.403,0.653,11,-13.305,0,0.037,0.717,0.0,0.203,0.739,93.421,33,Blues
Hey Baby,2001,207040,4,0.705,0.872,11,-3.557,0,0.126,0.0618,0.0,0.227,0.75,93.628,56,SKA
Burn Down The Mission,1970,381000,4,0.43,0.651,0,-10.184,1,0.0371,0.0838,0.0429,0.184,0.535,120.36,24,Rock
Light My Fire,1967,429000,4,0.413,0.725,3,-5.787,0,0.0324,0.369,2.16e-05,0.0905,0.44,124.618,69,Pop
Draggin’ The Line,1971,164000,4,0.669,0.583,1,-9.165,0,0.0689,0.0521,1.52e-05,0.177,0.647,114.543,50,Pop
I've Got 2 Wings,2016,275000,4,0.576,0.66,0,-6.799,1,0.0328,0.186,0.0534,0.128,0.584,86.407,16,Rock
It’s Over,1964,95000,4,0.643,0.659,5,-6.003,1,0.128,0.000396,0.0,0.233,0.447,142.846,67,Pop
If You Asked Me To,1992,234000,4,0.46,0.437,7,-10.587,1,0.0304,0.128,0.0,0.025,0.227,172.382,55,Pop
Black Lung,1976,201000,3,0.494,0.0411,7,-9.696,1,0.0667,0.965,0.0,0.106,0.426,168.333,6,Folk
Stengah,2008,336253,4,0.551,0.925,1,-5.246,1,0.147,9.08e-05,0.685,0.156,0.386,120.031,34,Metal
Holy Diver,2004,250253,4,0.361,0.995,0,-2.584,0,0.132,7.84e-05,0.00567,0.241,0.264,185.965,3,Metal
Riot Squad,1978,164946,4,0.318,0.958,7,-4.245,1,0.11,0.00571,0.000632,0.26,0.489,172.901,39,Punk
Doin' Time,1996,253840,4,0.708,0.757,7,-5.121,1,0.0791,0.0362,0.0,0.17,0.552,80.976,70,Alt. Rock
Istanbul,1977,271800,4,0.496,0.899,9,-7.705,0,0.192,0.0191,1.95e-05,0.106,0.671,121.242,9,Disco
Rollout (My Business),2001,296586,4,0.921,0.668,7,-8.73,1,0.235,0.0949,0.0,0.592,0.892,131.059,58,Rap
Deja Vu (UPTOWN Baby),1998,284000,4,0.577,0.622,1,-7.493,1,0.525,0.0816,0.0,0.123,0.671,193.285,42,Pop
Beth - 2012 Remix,1976,166000,4,0.399,0.371,0,-11.378,1,0.0319,0.505,0.000589,0.209,0.317,116.032,32,Metal
Big Chief Blues,1927,212426,4,0.447,0.0564,10,-20.645,1,0.0326,0.894,9e-06,0.0839,0.313,104.467,5,Blues
Saturday Night Style - Dub / Instrumental Reggae Music,1982,293346,4,0.73,0.847,10,-7.454,0,0.0528,0.249,0.143,0.9,0.643,123.878,32,Reggae
The Ballad of Accounting,1961,163333,4,0.634,0.146,1,-21.282,0,0.166,0.948,0.0,0.0938,0.555,125.565,12,Folk
To All The Girls I’ve Loved Before,1984,224000,4,0.533,0.304,5,-7.617,1,0.0364,0.856,7.38e-06,0.0994,0.196,134.962,19,Pop
Nobody Does It Better,1998,274000,4,0.736,0.561,0,-8.16,1,0.05,0.446,0.0,0.128,0.122,92.06,50,Pop
I Smile,2011,307973,4,0.745,0.753,1,-2.408,1,0.164,0.223,0.0,0.705,0.589,144.057,58,Gospel
What Love Is - Live at Max's Kansas City Halloween 1976,1976,152174,4,0.303,0.91,9,-6.115,1,0.0637,0.361,0.000286,0.809,0.293,85.735,8,Punk
All I Have to Offer You (Is Me),1969,182000,4,0.297,0.382,5,-10.576,1,0.0351,0.179,0.0,0.119,0.71,206.84,34,Country
Don't Take The Girl,1994,249360,4,0.439,0.454,0,-8.669,1,0.0308,0.279,0.0,0.123,0.354,204.263,61,Country
I Love You a Thousand Ways,1950,168373,4,0.679,0.259,4,-10.841,1,0.0298,0.813,0.0,0.134,0.673,126.179,25,Country
I Don’t Need You,1981,168000,4,0.68,0.589,0,-10.01,1,0.0247,0.152,0.0,0.378,0.696,93.865,58,Pop
I’d Like To Teach The World To Sing (IN Perfect Harmony),1972,150000,4,0.645,0.311,11,-12.264,1,0.0342,0.81,0.0,0.207,0.605,130.166,0,Pop
Spirit,1980,229800,4,0.768,0.636,1,-13.368,1,0.0571,0.0408,0.000268,0.311,0.952,120.321,6,Disco
EMI,1977,193653,4,0.197,0.954,10,-3.687,1,0.156,0.00502,0.0985,0.122,0.475,145.102,30,Alt. Rock
I Like It,1976,317333,4,0.682,0.385,5,-15.869,1,0.0338,0.0759,0.0785,0.123,0.769,105.344,16,Disco
How Will I Laugh Tomorrow,1988,403400,4,0.251,0.803,9,-12.197,0,0.0423,0.0131,5.29e-05,0.163,0.544,100.454,39,Punk
Bounce,2002,114226,4,0.46,0.977,0,-3.853,0,0.0394,0.000245,0.201,0.283,0.89,92.666,60,Alt. Rock
Thank You Mama - Piano Demo,1970,199000,3,0.549,0.314,0,-9.528,1,0.0359,0.898,4.01e-06,0.103,0.387,146.092,16,Rock
A' 200,1974,256000,4,0.36,0.598,0,-7.333,1,0.0327,0.00482,0.534,0.222,0.242,134.892,14,Rock
Pilot Of The Airwaves,1980,226000,4,0.625,0.408,0,-12.627,1,0.0385,0.478,0.0,0.164,0.604,119.259,28,Pop
Love's Train,1982,317266,4,0.726,0.334,6,-14.561,0,0.0339,0.207,2.02e-05,0.078,0.713,141.149,42,Funk
I Wanna Have Some Fun,1989,164000,4,0.64,0.88,2,-4.285,0,0.0401,0.165,2.06e-05,0.0512,0.962,130.209,42,Pop
Walk Of Life,1986,252000,4,0.461,0.936,4,-6.866,1,0.109,0.435,9.13e-05,0.124,0.804,172.404,62,Pop
Good Life,2007,207000,4,0.439,0.808,1,-6.881,1,0.346,0.00305,0.0,0.439,0.486,82.962,75,Rap
It Don’t Come Easy,1971,208000,4,0.632,0.591,10,-13.322,1,0.0502,0.395,0.0,0.0797,0.536,141.702,38,Pop
Break The Glass,1996,188640,4,0.317,0.989,4,-3.92,1,0.105,0.000146,2.3e-05,0.2,0.605,106.919,39,SKA
Ruby Don't Take Your Love To Town,1969,173933,4,0.672,0.5,0,-18.39,1,0.0445,0.011,0.012,0.287,0.962,105.357,53,Country
The Boll Weevil Song,1961,160000,4,0.716,0.34,0,-17.01,1,0.0585,0.248,2.89e-06,0.309,0.661,133.337,22,Pop
Mo Money Mo Problems,1997,257000,4,0.845,0.884,6,-4.506,0,0.0759,0.0128,2.1e-06,0.203,0.904,104.536,73,Pop
Miami,1998,197560,4,0.877,0.534,1,-6.178,1,0.15,0.0339,1.67e-05,0.0441,0.89,108.17,75,Rap
Right on for the Darkness,1973,449733,4,0.652,0.587,6,-15.418,0,0.0885,0.506,0.11,0.114,0.477,106.968,31,Funk
Will It Go Round In Circles,1973,267000,4,0.688,0.954,1,-3.767,1,0.0323,0.484,0.000688,0.259,0.89,98.111,43,Pop
I Think I'll Just Stay Here And Drink,1979,272160,4,0.626,0.594,9,-14.354,1,0.0405,0.216,0.0462,0.0412,0.945,172.411,12,Country
Zero - Remastered 2012,1995,160173,4,0.438,0.728,8,-7.105,1,0.0458,3.49e-05,0.57,0.0509,0.701,128.04,70,Alt. Rock
Jesus Just Left Chicago,1973,210000,3,0.34,0.598,0,-9.668,1,0.0742,0.0853,0.118,0.0969,0.698,215.923,54,Rock
Sheep Go To Heaven,2001,228093,4,0.639,0.679,4,-8.867,0,0.0401,0.0182,1.08e-05,0.117,0.784,102.592,48,Alt. Rock
The Love You Save,1970,179306,4,0.761,0.745,0,-8.509,1,0.0434,0.362,0.0,0.156,0.921,113.725,50,R&B
Nip Sip,1959,179906,4,0.851,0.162,11,-14.957,0,0.105,0.557,0.0,0.108,0.412,120.073,17,R&B
A-OK,1998,177360,4,0.378,0.959,0,-5.052,1,0.0796,3.33e-05,0.0,0.252,0.578,143.535,39,Punk
Sexy Bitch (feat. Akon),2009,195853,4,0.813,0.627,11,-5.018,0,0.0486,0.0771,0.000616,0.131,0.801,130.011,67,EDM
Pressing On,2012,288040,4,0.764,0.51,9,-13.157,0,0.0687,0.0201,3.43e-05,0.0659,0.831,107.493,15,Gospel
Bottle Of Wine,1968,132000,4,0.659,0.783,9,-9.824,1,0.0322,0.0981,0.0021,0.0517,0.963,135.477,28,Pop
But Not For Me - Vocal Version,1958,184466,4,0.626,0.152,5,-14.182,0,0.0405,0.934,6.05e-05,0.12,0.545,82.174,56,Jazz
Sanity - Chris Kimsey Mix,1980,255320,4,0.655,0.809,3,-9.211,1,0.0265,0.00601,0.000292,0.289,0.905,128.023,23,Punk
Metal Militia,1983,311000,4,0.166,0.956,9,-5.307,1,0.145,8.08e-05,0.00515,0.118,0.238,176.217,45,Rock
No More ?'s,1988,234360,4,0.935,0.805,7,-4.782,1,0.225,0.0143,1.53e-06,0.298,0.624,105.641,69,Rap
Say You’ll Be There,1997,233000,4,0.635,0.467,9,-7.047,1,0.0297,0.626,0.0,0.118,0.405,99.978,34,Pop
Sweat (A La La La La Long),1993,229000,4,0.786,0.803,0,-6.59,1,0.205,0.0294,0.0,0.224,0.949,173.029,74,Pop
Can Your Pussy Do the Dog?,1981,218493,4,0.17,0.975,0,-3.752,1,0.136,0.0137,2.86e-06,0.864,0.239,149.254,13,Punk
If You Need Me,1963,154613,3,0.462,0.29,9,-12.225,1,0.0468,0.799,0.0,0.123,0.481,175.956,38,R&B
How Long?,1975,200000,4,0.845,0.561,1,-5.253,0,0.0778,0.211,3.49e-06,0.0383,0.811,109.974,71,Pop
"One Bourbon,One Scotch,One Beer",1977,506720,4,0.552,0.643,9,-14.523,1,0.14,0.144,0.0027,0.0878,0.763,136.764,58,Blues
One Tear,1973,248666,4,0.665,0.653,1,-8.692,1,0.0415,0.0767,0.0045,0.172,0.674,100.148,1,Disco
Drop It (An Old Disguise),1979,192000,4,0.433,0.952,9,-9.427,1,0.0552,2.75e-05,0.000618,0.0361,0.509,147.354,14,Rock
Come Out and Play,1989,197800,4,0.519,0.77,7,-8.788,1,0.0809,0.0675,3.48e-06,0.0762,0.921,158.29,72,Alt. Rock
Live Your Life,2008,338853,4,0.375,0.862,11,-3.363,0,0.255,0.071,0.0,0.211,0.478,159.841,73,Rap
A Week In A Country Jail,1969,183600,4,0.653,0.469,9,-12.662,1,0.0454,0.208,0.0,0.275,0.879,114.052,42,Country
God Save the Queen,1977,200080,4,0.274,0.908,9,-5.419,1,0.0691,0.00103,0.00219,0.154,0.483,148.246,52,Alt. Rock
(I'm Not Your) Stepping Stone,1978,186360,4,0.426,0.938,2,-9.085,1,0.0877,0.0366,0.0,0.119,0.328,138.447,26,Alt. Rock
I'd Rather Love You,1971,168400,4,0.492,0.35,9,-11.091,1,0.0272,0.689,0.0,0.21,0.384,103.818,31,Country
Testify,1999,210133,4,0.47,0.978,7,-5.399,1,0.0727,0.0261,1.09e-05,0.356,0.503,117.906,62,Alt. Rock
Love (CAN Make You Happy),1969,208000,4,0.29,0.261,4,-14.348,0,0.0346,0.143,7.69e-05,0.166,0.231,86.489,31,Pop
Building A Mystery,1997,247000,4,0.505,0.518,2,-8.601,1,0.023,0.403,0.0,0.129,0.472,81.019,52,Pop
Apollo 9,1984,202866,4,0.58,0.942,0,-5.466,1,0.093,0.122,0.0,0.937,0.798,118.116,28,Punk
Go,2005,260696,4,0.751,0.897,1,-3.598,1,0.0468,0.00957,2.88e-05,0.329,0.482,119.97,46,EDM
The Harder They Come,1972,219906,4,0.679,0.575,1,-8.037,1,0.0715,0.634,0.0,0.165,0.79,102.588,56,SKA
Everything,1990,245000,4,0.704,0.225,6,-14.454,0,0.0994,0.902,0.657,0.106,0.243,120.006,82,Pop
Dance Floor,1982,642853,4,0.868,0.802,0,-7.831,1,0.053,0.151,0.0032,0.0667,0.905,110.536,42,Funk
Ironic,1996,230000,5,0.408,0.582,11,-8.305,1,0.0508,0.218,0.0,0.159,0.365,114.926,75,Pop
The Things That I Used To Do - Live,1981,480826,3,0.433,0.13,7,-16.439,1,0.0385,0.469,0.026,0.681,0.173,92.854,10,Blues
"Mama,I'm Coming Home",1991,251000,4,0.282,0.656,8,-6.557,1,0.0302,0.0105,0.0,0.0892,0.242,139.352,66,Metal
You Don't Know Like I Know,1966,156613,4,0.858,0.751,0,-5.134,0,0.0304,0.128,0.0408,0.101,0.907,121.148,7,R&B
Daddy Fat Sax,2010,156506,4,0.655,0.894,11,-3.376,0,0.327,0.015,0.0,0.115,0.625,94.566,23,Rap
Pick Up The Peace,2006,88000,4,0.566,0.933,4,-2.813,0,0.0345,0.0268,3.85e-06,0.165,0.42,131.84,7,Rock
Just To Be Close To You,1976,381000,3,0.46,0.315,0,-13.23,1,0.0503,0.466,0.0,0.0533,0.327,99.402,43,Pop
I've Got Feeling,1988,142200,4,0.366,0.928,0,-7.003,0,0.2,0.162,0.0,0.35,0.69,174.573,26,Gospel
Hey Na Na,2012,213283,4,0.696,0.889,11,-3.242,0,0.0306,0.0923,0.104,0.197,0.913,124.975,26,Funk
We're Blessed,1996,342466,4,0.325,0.974,8,-5.035,1,0.127,0.00445,1.55e-06,0.617,0.662,186.632,49,Gospel
Only One You,1981,206973,4,0.767,0.805,4,-9.25,0,0.0259,0.571,0.000442,0.0507,0.965,93.822,42,Country
Donna,1958,150000,3,0.472,0.225,5,-12.581,1,0.0263,0.864,0.0,0.111,0.29,100.299,60,Pop
Confusion,2016,224739,4,0.556,0.805,0,-7.76,1,0.0532,0.0285,0.0115,0.347,0.774,120.417,23,Funk
What About Me?,2014,402266,4,0.386,0.917,11,-8.089,0,0.103,0.0285,0.897,0.878,0.568,127.315,44,Funk
Erotica,1992,116000,4,0.705,0.729,8,-5.028,1,0.143,0.000271,0.0682,0.229,0.632,159.012,70,Pop
Bridge Over Troubled Water,1971,293000,4,0.149,0.206,3,-13.888,1,0.0323,0.822,0.000649,0.115,0.264,79.764,68,Pop
"Get Up,Stand Up",1976,215200,4,0.899,0.574,5,-9.946,1,0.0788,0.00118,0.000345,0.0567,0.913,138.956,49,Reggae
Lady Sings The Blues,1956,224040,3,0.316,0.152,0,-14.822,0,0.0392,0.952,0.0,0.129,0.257,181.79,28,Jazz
I Love You Dancer,1979,334983,4,0.753,0.921,10,-5.543,0,0.0626,0.423,0.495,0.37,0.841,115.509,20,Disco
Let Us Hear Your Voice,1995,224066,4,0.508,0.985,1,-3.721,1,0.0995,0.000112,0.204,0.0918,0.572,122.49,47,Punk
Get Closer,1976,271000,4,0.755,0.416,7,-14.941,1,0.031,0.18,1.81e-06,0.123,0.83,113.997,49,Pop
Prophecy,2014,278400,4,0.765,0.824,2,-1.957,1,0.0487,0.0052,0.775,0.0627,0.235,125.006,37,EDM
The Decline,1999,1101773,4,0.299,0.954,9,-5.788,1,0.122,0.0101,0.0222,0.685,0.262,104.196,40,Punk
Cocaine Blues,1963,255693,4,0.612,0.0983,1,-19.926,1,0.0405,0.892,0.000233,0.114,0.326,120.546,22,Folk
Royal Oil,1997,159159,4,0.726,0.435,9,-16.176,1,0.0422,0.123,1.53e-05,0.315,0.969,132.868,39,SKA
Take It Or Leave It,2001,196066,4,0.43,0.913,2,-6.203,0,0.0389,0.000959,0.369,0.137,0.481,154.06,46,Alt. Rock
You're Not the Only One,1976,242831,4,0.751,0.599,9,-6.543,0,0.308,0.155,0.0,0.0557,0.611,169.786,49,Reggae
Imaginations from the Other Side - Remastered 2007,1995,437506,4,0.483,0.979,5,-4.278,0,0.115,0.00249,0.651,0.259,0.174,134.032,36,Metal
Hands To Heaven,1988,259000,4,0.543,0.384,8,-15.018,1,0.0307,0.242,1.16e-06,0.266,0.407,128.768,53,Pop
I Owe You One,1981,309266,4,0.769,0.755,5,-12.088,1,0.0418,0.072,0.000143,0.0463,0.904,111.023,20,Disco
Check Yo Self,1994,236666,4,0.945,0.649,1,-9.315,1,0.289,0.0247,1.69e-06,0.11,0.726,101.49,54,Rap
Delia,1940,153208,3,0.532,0.221,5,-15.51,1,0.0556,0.995,0.000125,0.35,0.787,67.648,22,Blues
Too Much Time On My Hands,1981,271000,4,0.799,0.404,11,-13.597,0,0.0461,0.11,0.0,0.387,0.893,131.012,59,Pop
Talking In Your Sleep,1978,174520,4,0.443,0.216,8,-11.209,1,0.0345,0.834,0.0,0.116,0.181,67.387,48,Country
Trendy,1996,143466,4,0.513,0.921,7,-7.19,1,0.165,0.0288,7.14e-06,0.773,0.743,106.034,34,SKA
Dead End,2019,202600,4,0.247,0.982,1,-3.23,1,0.112,0.000139,0.0385,0.345,0.0822,178.199,32,Metal
Friends Like You,1989,68573,1,0.434,0.872,9,-9.044,1,0.036,0.000942,0.018,0.0894,0.883,186.934,18,Punk
What It Takes,1990,201000,4,0.672,0.655,10,-5.021,0,0.031,0.0362,0.0,0.117,0.555,134.948,82,Pop
P-Funk (Wants To Get Funked Up),1975,461160,4,0.637,0.421,9,-14.327,1,0.252,0.654,0.0,0.369,0.779,87.507,42,Funk
Rollercoasters,2019,302573,4,0.525,0.316,9,-12.157,1,0.0799,0.851,0.00929,0.1,0.427,79.06,31,Funk
(THERE’S) No Gettin’ Over Me,1981,190000,4,0.464,0.749,6,-5.724,0,0.0294,0.136,0.000539,0.312,0.942,201.977,21,Pop
The Dreamer - feat. Maya Angelou,2011,353893,4,0.366,0.776,1,-5.385,1,0.159,0.353,0.0,0.197,0.651,96.155,22,Rap
Rooster Blues,1959,164213,4,0.636,0.483,11,-13.629,0,0.0599,0.856,0.906,0.144,0.885,136.398,11,Blues
The Science of Myth,2000,143093,4,0.317,0.978,6,-3.462,0,0.114,0.0362,0.0,0.321,0.326,157.636,28,Punk
Midnight Mary,1964,395000,4,0.158,0.0128,10,-28.761,1,0.0353,0.99,0.722,0.105,0.0379,80.054,37,Pop
The Wanderer,1962,168000,4,0.59,0.546,7,-10.213,1,0.0436,0.301,0.0,0.0936,0.855,114.04,64,Pop
Indian Giver,1969,175000,4,0.807,0.776,6,-6.397,0,0.361,0.0107,1.74e-05,0.289,0.624,166.067,28,Pop
I Was Born A Winner,1979,217800,4,0.753,0.526,8,-9.654,1,0.0524,0.00469,0.000266,0.251,0.656,86.751,43,Reggae
Baby Please Don't Go,1947,173706,4,0.576,0.0931,9,-21.228,1,0.0441,0.991,0.583,0.109,0.834,84.023,28,Blues
The Wagon,1991,295360,4,0.251,0.976,7,-10.412,1,0.084,0.000291,0.000563,0.603,0.0892,172.294,43,Alt. Rock
You Know My Name,2017,480546,3,0.287,0.46,7,-6.992,1,0.0329,0.14,0.0,0.0779,0.194,96.368,54,Gospel
Say Say Say,1983,235000,4,0.822,0.686,10,-10.456,0,0.0472,0.115,0.000982,0.0463,0.828,117.743,64,Pop
The Lion Sleeps Tonight,1962,162000,4,0.321,0.474,5,-9.383,1,0.0348,0.743,0.0,0.204,0.804,121.199,61,Pop
Look Who's Dancing,1997,300373,4,0.764,0.758,10,-11.306,1,0.0442,0.12,0.00303,0.123,0.945,104.052,42,Reggae
Wouldn’t It Be Nice,1966,193000,4,0.352,0.597,9,-6.603,0,0.0361,0.522,4.66e-06,0.142,0.316,125.014,43,Pop
Elevation,2000,226133,4,0.581,0.804,9,-8.093,1,0.0361,0.00105,0.000289,0.05,0.418,110.022,45,Alt. Rock
This Ain’t A Love Song,1995,306000,3,0.348,0.635,4,-6.836,1,0.0386,0.0932,0.0,0.126,0.144,87.974,60,Pop
Goodbye Yellow Brick Road - Remastered 2014,1973,192000,4,0.559,0.473,5,-7.712,1,0.0279,0.446,0.00141,0.154,0.397,121.227,76,Rock
Devil's Work 2,2018,301445,4,0.588,0.663,11,-6.887,0,0.408,0.0706,0.0,0.37,0.194,90.187,46,Rap
Your Cheatin' Heart,1953,164373,4,0.662,0.236,0,-11.631,1,0.0285,0.766,2.39e-05,0.0798,0.653,127.85,50,Country
"My Generation / Land Of Hope And Glory - ""Ready Steady Go"" Live Version",1966,125000,4,0.23,0.628,1,-4.648,1,0.0383,0.112,9.16e-05,0.095,0.587,99.514,7,Rock
Free Jazz - Pts. 1 & 2,1961,2223760,4,0.442,0.379,2,-18.75,1,0.0719,0.616,1.32e-05,0.381,0.418,93.492,19,Jazz
Same Old Story - 2005 Remaster,2005,162946,4,0.442,0.978,0,-3.653,1,0.128,0.0258,0.0,0.212,0.45,95.585,43,Punk
Summer Night City,1978,214706,4,0.476,0.858,7,-5.66,0,0.0371,0.0138,0.0,0.177,0.765,130.703,54,Disco
"Hosanna - Live at Lakewood Church,Houston,TX - June 16,2000",2000,307733,4,0.689,0.969,0,-5.51,1,0.181,0.113,7.8e-06,0.757,0.274,122.057,48,Gospel
So Much In Love,1994,178000,4,0.522,0.953,2,-4.347,1,0.0833,0.0722,0.000633,0.211,0.0396,131.937,69,Pop
Condition Critical,1984,301000,4,0.4,0.52,7,-14.296,1,0.0446,0.0171,0.000707,0.131,0.505,138.622,29,Metal
Good Times,1979,495400,4,0.87,0.657,2,-7.32,1,0.0521,0.149,0.0102,0.053,0.893,110.596,39,R&B
Something on My Mind,1985,146706,4,0.864,0.427,2,-14.384,1,0.0695,0.0252,0.688,0.191,0.597,140.453,3,Reggae
"Different Colours,One People (2012 Remastered)",1989,247426,4,0.825,0.634,11,-5.985,1,0.0548,0.0321,0.0,0.558,0.538,102.852,47,Reggae
Amazing Grace (My Chains Are Gone),2006,266520,4,0.519,0.168,7,-10.785,1,0.032,0.828,0.0,0.104,0.172,125.699,47,Gospel
The Shark Fighter!,1997,176653,4,0.444,0.953,0,-4.464,1,0.114,0.0243,0.0,0.437,0.535,164.946,39,SKA
Your Mama Don’t Dance,1973,167000,4,0.545,0.816,0,-7.37,1,0.0343,0.0471,1.18e-05,0.163,0.962,146.211,53,Pop
Vulcan Princess,1978,240626,4,0.57,0.648,7,-8.662,0,0.0743,0.00527,0.727,0.139,0.845,100.853,19,Jazz
(HEY Won’t You Play) Another Somebody Done Somebody Wrong Song,1975,206000,4,0.637,0.528,4,-11.287,1,0.0328,0.744,0.0,0.114,0.702,124.806,47,Pop
Hood Go Crazy,2015,225040,4,0.912,0.644,11,-6.63,1,0.288,0.00714,0.0,0.107,0.492,95.999,58,Rap
Tell Me How Come,1994,216093,4,0.698,0.693,5,-4.923,1,0.251,0.225,0.0,0.0522,0.757,85.024,44,Reggae
Fattening Frogs For Snakes - Single Version,1955,143000,4,0.557,0.636,8,-12.29,0,0.0635,0.107,3.41e-06,0.436,0.687,112.843,10,Blues
Paris (feat. GASHI),2019,225000,4,0.621,0.623,10,-6.746,0,0.0373,0.228,0.0,0.11,0.226,128.04,38,EDM
You Give Love A Bad Name,1986,222000,4,0.541,0.959,0,-2.947,0,0.0505,0.0663,2.18e-06,0.344,0.812,122.805,83,Pop
There's Your Trouble,1998,193064,4,0.737,0.869,2,-5.433,1,0.0267,0.481,0.0,0.308,0.898,126.628,65,Country
Grazing In The Grass,1969,174000,4,0.595,0.857,1,-6.89,0,0.163,0.498,0.0,0.355,0.74,127.629,46,Pop
In Search of Little Sadie,1970,149000,4,0.614,0.324,2,-8.951,1,0.0701,0.805,0.0,0.206,0.526,85.233,20,Rock
Coconut,1972,204000,4,0.825,0.387,0,-10.36,1,0.0364,0.756,0.000171,0.0866,0.794,126.067,52,Pop
Creep,1993,332626,4,0.659,0.563,4,-6.32,0,0.0287,0.00431,0.0155,0.11,0.161,107.745,57,Alt. Rock
Can't You See (You Doin' Me Wrong),1974,174893,4,0.634,0.888,8,-7.375,1,0.081,0.286,8.15e-05,0.0742,0.866,106.222,26,Funk
Hands Up,1999,228693,4,0.767,0.567,2,-7.501,0,0.0351,0.274,0.0,0.192,0.727,101.915,32,R&B
Dreamin’,1989,314000,4,0.553,0.458,8,-10.796,1,0.0381,0.325,9.71e-05,0.0583,0.247,165.807,67,Pop
"Oh,Good Grief",1965,142680,4,0.733,0.205,10,-12.05,1,0.0485,0.725,0.0183,0.0917,0.0931,63.255,44,Jazz
Cruel To Be Kind,1979,210000,4,0.694,0.656,0,-10.598,1,0.026,0.0586,1.81e-06,0.0505,0.803,131.679,55,Pop
Got Each Other,2016,161613,4,0.334,0.992,0,-3.89,1,0.103,0.00067,9.91e-06,0.446,0.494,191.918,46,SKA
Everybody Dance,1978,247666,4,0.833,0.686,5,-8.735,1,0.119,0.00665,0.000771,0.0959,0.947,128.016,45,R&B
Firestarter,1996,279800,4,0.545,0.948,11,-5.098,1,0.0779,0.00335,0.364,0.226,0.355,141.507,51,EDM
Waves (Tomorrowland 2014 Anthem),2014,206250,4,0.481,0.932,4,-4.456,0,0.205,0.00831,0.725,0.208,0.189,127.915,27,EDM
Lifestylez Ov Da Poor & Dangerous,1995,201240,4,0.683,0.652,3,-8.765,0,0.316,0.262,2.13e-05,0.0892,0.397,85.412,45,Rap
All We Need - ODESZA VIP Remix,2017,210013,4,0.572,0.854,6,-3.879,0,0.0603,0.0126,1.32e-06,0.119,0.222,99.958,44,EDM
The Rhythm Ranch,2001,289000,4,0.515,0.891,0,-4.888,1,0.0539,0.233,0.000161,0.611,0.843,172.171,12,Rock
To Hell and Back,2014,206546,4,0.536,0.849,0,-4.702,1,0.0616,0.00318,0.00197,0.104,0.305,127.002,67,Metal
Sellouts,2019,288853,4,0.47,0.753,11,-5.504,0,0.0667,0.0047,0.0,0.0708,0.372,159.98,46,EDM
Go Away Little Girl,1971,150000,4,0.302,0.521,7,-5.391,1,0.0354,0.72,4.74e-06,0.123,0.364,101.814,36,Pop
Sadeness (PART I),1991,260000,4,0.607,0.478,7,-13.677,1,0.0354,0.0866,0.106,0.0983,0.51,95.721,59,Pop
Blame It On The Bossa Nova,1963,154000,4,0.658,0.394,1,-15.838,1,0.0422,0.529,0.0,0.197,0.968,79.707,31,Pop
A Message to You Rudy - 2015 Remaster,2015,172920,4,0.903,0.452,0,-8.491,1,0.0505,0.105,5.18e-05,0.27,0.969,102.742,64,Punk
We Walk By Faith,1994,262106,4,0.63,0.873,1,-6.413,1,0.0713,0.343,0.0,0.424,0.636,111.712,24,Gospel
Girl You Know It’s True,1989,198000,4,0.772,0.822,10,-5.649,0,0.123,0.00797,0.00148,0.457,0.526,97.718,58,Pop
Suzie Q.,1968,517000,4,0.435,0.618,4,-11.391,0,0.0324,0.0601,0.00282,0.167,0.695,129.911,53,Pop
"Green,Green Rocky Road",1963,222720,4,0.465,0.242,6,-18.087,1,0.0396,0.885,0.337,0.688,0.1,156.672,29,Folk
Girl Watcher,1968,157000,4,0.655,0.595,9,-9.191,1,0.0398,0.697,0.000111,0.129,0.936,92.179,26,Pop
Linus And Lucy,1965,184440,4,0.381,0.37,1,-15.948,1,0.0391,0.804,0.247,0.14,0.814,81.06,45,Jazz
Some Chords,2010,443120,4,0.79,0.422,1,-8.014,1,0.0684,5.3e-05,0.602,0.074,0.406,128.025,45,EDM
Mandocello,1977,286000,4,0.642,0.576,5,-9.378,1,0.0352,0.0534,0.0393,0.11,0.55,100.408,26,Rock
Chitlins Con Carne,1965,330440,4,0.803,0.335,8,-13.331,1,0.0451,0.579,0.0128,0.0849,0.786,132.682,48,Jazz
Kind Of A Drag,1967,126000,4,0.271,0.783,7,-7.996,1,0.0457,0.857,0.00965,0.285,0.533,138.836,41,Pop
Uneasy Rider,1973,264000,4,0.771,0.632,0,-14.352,1,0.0655,0.0898,9.17e-06,0.178,0.823,107.308,47,Pop
Walk Away From Love,1976,250000,4,0.703,0.376,11,-5.968,1,0.0703,0.182,2.88e-05,0.195,0.494,165.438,48,Pop
Stratus,1973,589786,4,0.376,0.804,6,-8.591,0,0.076,0.0274,0.784,0.282,0.607,163.231,35,Funk
I’d Do Anything For Love (BUT I Wont Do That),1994,316000,4,0.419,0.672,2,-6.353,1,0.092,0.623,0.0,0.412,0.304,105.212,59,Pop
Amazing Grace,1970,248693,4,0.192,0.263,3,-11.83,1,0.0332,0.945,0.0,0.203,0.196,87.747,43,Folk
In the Sanctuary - Live,1997,369120,4,0.759,0.951,5,-4.659,0,0.0811,0.106,1.05e-05,0.954,0.743,110.881,38,Gospel
I Say a Little Prayer,1972,480600,4,0.299,0.756,2,-7.316,0,0.0398,0.0779,0.519,0.238,0.355,90.127,9,Jazz
Friction,1978,283626,4,0.576,0.781,4,-8.6,1,0.0479,0.00237,0.194,0.468,0.723,121.197,39,Punk
HURTS SO GOOD,1982,218000,4,0.785,0.737,9,-5.306,1,0.0363,0.042,0.000107,0.108,0.971,125.447,70,Pop
You Ain't Woman Enough,1966,135160,4,0.744,0.455,8,-7.543,1,0.0366,0.634,0.0,0.0526,0.905,75.279,51,Country
Nonstop,2018,238614,4,0.912,0.412,7,-8.074,1,0.123,0.0165,0.0126,0.104,0.423,154.983,75,Rap
Wonderful! Wonderful!,1963,264000,4,0.647,0.491,6,-8.972,0,0.0466,0.247,0.00329,0.227,0.484,89.013,68,Pop
Alive,2013,290760,4,0.663,0.822,9,-2.909,1,0.0557,0.00413,0.00318,0.234,0.567,128.002,52,EDM
Got A Hold On Me,1984,169000,4,0.469,0.584,1,-6.104,1,0.0832,0.785,0.0,0.811,0.649,151.394,66,Pop
Cry For You,1994,300000,4,0.65,0.496,5,-12.349,0,0.0331,0.305,0.0,0.33,0.576,115.775,57,Pop
Back Like That,2000,242000,4,0.718,0.663,8,-5.154,1,0.195,0.013,0.0,0.0631,0.486,95.728,40,Rap
All Night Long,1999,210000,4,0.532,0.767,7,-5.509,1,0.0574,0.00287,0.000513,0.39,0.755,127.361,86,Pop
Here And Now,1990,171000,4,0.506,0.813,9,-3.575,1,0.0532,0.0505,0.0,0.12,0.706,147.996,53,Pop
Please Mr. Postman,1975,148000,4,0.785,0.776,2,-5.259,1,0.0312,0.729,0.0,0.181,0.967,121.505,63,Pop
Color Him Father,1969,190000,4,0.531,0.674,5,-7.312,0,0.0383,0.53,9.46e-05,0.0368,0.869,115.087,35,Pop
Say It's Not You,1968,179333,3,0.562,0.251,7,-14.326,1,0.0279,0.444,1.5e-06,0.0951,0.407,78.661,20,Country
Let Old Mother Nature Have Her Way,1951,169880,4,0.631,0.353,4,-12.198,1,0.0308,0.854,0.0,0.139,0.785,144.596,12,Country
The Entertainer,1902,228590,4,0.4,0.414,0,-11.714,1,0.0384,0.906,0.919,0.216,0.693,165.846,31,Jazz
Going Out Of My Head,1998,222840,4,0.583,0.958,0,-6.089,1,0.0546,0.000108,0.28,0.138,0.551,132.621,22,EDM
In The Highways (I'll Be Working Somewhere For My Lord),1960,173733,4,0.636,0.345,0,-8.455,1,0.0409,0.793,0.0,0.093,0.71,165.278,3,Folk
Guilty,1981,254000,3,0.626,0.428,2,-8.374,1,0.0261,0.607,0.0,0.0921,0.487,94.95,82,Pop
Venus In Blue Jeans,1962,143000,4,0.497,0.762,1,-4.462,1,0.038,0.354,5.89e-05,0.278,0.727,111.534,54,Pop
Jamming,1977,211000,4,0.935,0.479,11,-10.981,0,0.306,0.107,5.16e-05,0.118,0.773,123.643,77,Reggae
Tiger Tiger,1983,210000,4,0.585,0.753,2,-7.928,1,0.0422,0.115,0.736,0.34,0.611,171.14,15,Rock
Ruin,2009,234266,3,0.195,0.958,7,-4.391,1,0.194,5.19e-05,0.128,0.371,0.11,198.151,52,Metal
Break Up To Make Up,1973,239840,3,0.583,0.301,4,-10.598,1,0.0243,0.883,0.0,0.334,0.337,79.364,49,Disco
Ain't That Dandy,1964,173000,4,0.536,0.328,5,-13.52,1,0.0413,0.816,0.65,0.0803,0.785,116.105,24,Blues
Big Time,1989,214173,4,0.811,0.655,11,-10.898,0,0.0927,0.147,0.0,0.0434,0.965,116.646,23,R&B
Love In Ruins (feat. Sinead Harnett),2019,258558,4,0.531,0.771,11,-4.618,0,0.0513,0.0727,1.5e-05,0.181,0.396,122.035,40,EDM
It's Too Soon to Know,1951,149933,4,0.342,0.272,1,-12.463,1,0.124,0.972,0.177,0.0941,0.15,70.574,1,R&B
Island In The Sun,1957,201453,5,0.322,0.383,2,-12.023,1,0.0514,0.868,0.0,0.36,0.575,65.939,41,Folk
California,1971,230226,3,0.464,0.327,4,-9.005,1,0.0403,0.905,0.0,0.135,0.792,70.862,55,Folk
Heart Of Gold,1972,187000,4,0.537,0.399,4,-13.547,0,0.0269,0.202,0.0546,0.109,0.832,171.402,70,Pop
Rockin' With The Rhythm Of The Rain,1986,160333,4,0.766,0.588,0,-6.204,1,0.0296,0.121,0.0,0.0769,0.782,143.16,52,Country
Battle Dancing Unicorns with Glitter,2000,223811,4,0.593,0.83,10,-4.615,1,0.0727,0.0151,0.0,0.396,0.427,110.98,27,SKA
"Abraham,Martin And John",1969,200000,4,0.336,0.374,4,-14.75,1,0.0374,0.393,6.83e-05,0.235,0.387,146.945,45,Pop
Heartlight,1982,265000,4,0.57,0.339,3,-17.679,1,0.031,0.539,7.55e-05,0.152,0.556,119.605,35,Pop
Witchy Woman,1972,250000,4,0.555,0.568,2,-12.205,0,0.0341,0.364,0.00167,0.116,0.583,98.507,60,Pop
Cinema (feat. Gary Go) - Skrillex Remix,2011,307986,4,0.636,0.983,6,-3.807,0,0.173,0.00901,0.00783,0.0683,0.434,145.077,61,EDM
Etude of Adolescence,2020,273766,4,0.378,0.931,6,-2.649,1,0.127,0.454,4.46e-05,0.26,0.453,77.821,22,SKA
Some Guys Have All The Luck,1984,274000,4,0.751,0.617,2,-15.103,1,0.039,0.136,2.21e-05,0.0504,0.907,126.3,53,Pop
Don't Let Me Be Lonely Tonight,2001,287000,3,0.54,0.487,11,-6.739,0,0.031,0.65,0.000266,0.108,0.341,138.585,25,Rock
She’s Not There,1965,146000,4,0.533,0.729,4,-6.976,0,0.046,0.593,0.0,0.0981,0.905,132.286,65,Pop
Who Would True Valour See (John Bunyan),1996,189026,4,0.68,0.192,0,-12.231,1,0.0282,0.42,3.08e-06,0.124,0.429,84.411,18,Folk
The Horse,1968,234000,4,0.489,0.745,0,-4.625,0,0.107,0.301,0.0,0.101,0.268,122.462,64,Pop
On The One For Fun,1983,271173,4,0.848,0.785,0,-7.478,1,0.0357,0.0335,0.073,0.0689,0.979,130.371,14,Funk
Step Down,1997,189026,4,0.371,0.839,4,-8.257,0,0.0613,2.32e-05,0.311,0.44,0.544,88.979,42,Punk
Rescue,2018,215613,4,0.293,0.237,6,-8.17,1,0.0284,0.78,0.0,0.11,0.108,92.935,71,Gospel
The Wild And The Young,1986,216000,4,0.517,0.678,7,-11.496,1,0.0508,0.00768,0.00014,0.0598,0.655,109.267,42,Metal
Lost Mi Love,1985,310733,4,0.83,0.669,10,-7.536,0,0.214,0.0511,0.0,0.163,0.92,74.003,48,Reggae
Nobody Knows You When You're Down and Out,1929,176800,3,0.603,0.0443,4,-12.054,1,0.0665,0.996,0.00368,0.177,0.233,66.082,28,Blues
Camarillo,1982,69075,4,0.491,0.922,7,-7.315,1,0.0794,0.0121,0.0,0.319,0.373,101.092,23,Punk
Room Full of Roses,1949,153373,4,0.556,0.244,10,-15.502,1,0.0311,0.841,0.000114,0.0795,0.43,89.926,24,Country
New York Groove,1979,183000,4,0.826,0.608,4,-8.442,1,0.162,0.61,0.000164,0.116,0.846,95.085,57,Pop
Perfect Strangers,1984,328000,4,0.521,0.721,2,-7.699,1,0.0254,0.00348,0.0113,0.391,0.611,97.578,62,Metal
We Rock,1984,275666,4,0.306,0.968,9,-5.597,0,0.0863,4.72e-05,0.00172,0.373,0.368,154.138,43,Metal
I Can't Get Over You,1996,176586,4,0.455,0.829,7,-4.863,1,0.0307,0.0407,0.737,0.454,0.801,142.6,18,Punk
Stranger In My House,1983,253360,4,0.654,0.621,7,-8.608,1,0.027,0.0038,0.000435,0.167,0.626,111.901,46,Country
X,2004,255640,4,0.936,0.678,4,-3.012,0,0.21,0.0795,0.0,0.0838,0.822,96.911,59,Rap
Rockport Sunday - 2008 Remaster,1968,277000,3,0.433,0.0456,11,-23.02,1,0.0562,0.942,0.899,0.0994,0.0537,79.681,15,Folk
Seven Nation Army,2003,232106,4,0.743,0.446,4,-7.807,0,0.0683,0.0039,0.118,0.337,0.278,123.596,84,Alt. Rock
Deep And Dark,2004,217000,4,0.519,0.902,8,-5.019,1,0.053,4.99e-05,0.07,0.224,0.293,125.054,17,Rock
Angel Of Mine,1999,250000,4,0.592,0.562,10,-6.869,0,0.0239,0.00373,3.23e-05,0.223,0.208,90.16,62,Pop
Town Called Malice,1982,173320,4,0.542,0.91,7,-8.924,1,0.0873,0.00228,0.00524,0.0686,0.775,101.774,68,Punk
Freedom,2015,162466,4,0.428,0.559,1,-6.374,0,0.067,0.395,3.56e-05,0.136,0.607,86.459,65,Rap
Gloria,1982,289000,4,0.776,0.743,9,-6.807,1,0.0289,0.107,0.293,0.149,0.84,131.343,68,Pop
Get It Right,1983,377093,4,0.758,0.829,1,-6.622,1,0.174,0.0486,1.6e-06,0.0317,0.824,122.298,39,Disco
Abolish Government/Silent Majority,1981,119306,4,0.436,0.924,4,-6.015,1,0.0797,0.00603,0.0,0.278,0.448,117.426,46,Punk
C'Mon Everybody - Remastered 2012,2012,115000,4,0.465,0.708,3,-6.212,1,0.0323,0.233,0.0289,0.0893,0.786,85.239,10,Punk
I Heard It Through The Grapevine,1981,238720,4,0.714,0.665,11,-8.213,0,0.198,0.000486,0.539,0.0728,0.885,129.924,48,Punk
Holding Her and Loving You,1983,190653,4,0.64,0.317,7,-14.229,1,0.0307,0.605,5.14e-06,0.118,0.3,125.935,50,Country
Distant,1978,260053,4,0.468,0.512,2,-10.187,1,0.138,0.782,2.01e-05,0.202,0.714,163.4,13,Disco
Romeo,1990,208000,4,0.513,0.37,9,-13.933,0,0.0887,0.664,0.086,0.328,0.351,119.761,59,Pop
20th Century Promised Land,1981,295000,4,0.531,0.899,5,-7.76,1,0.0802,0.0109,0.000148,0.162,0.718,114.495,4,Rock
I Can’t Tell You Why,1980,295000,4,0.707,0.346,11,-12.397,0,0.0251,0.69,0.145,0.1,0.49,85.094,65,Pop
Innocent 'Til Proven Guilty,1972,210360,4,0.393,0.713,4,-7.607,1,0.0625,0.156,0.000927,0.0831,0.905,174.427,18,Disco
Here In Your Bedroom,1996,190800,4,0.489,0.767,5,-8.99,1,0.0398,0.00187,0.00572,0.0786,0.945,171.655,49,SKA
New Millennium Cyanide Christ,1998,335666,4,0.269,0.964,10,-5.182,0,0.143,0.000241,0.00211,0.131,0.159,149.86,43,Metal
Da Rockwilder,1999,136093,4,0.612,0.659,6,-6.995,0,0.406,0.0137,0.0,0.417,0.392,99.139,66,Rap
In My House,1985,168000,4,0.687,0.571,11,-9.671,0,0.0619,0.0129,0.0,0.0816,0.0395,115.911,58,Pop
Solid,1984,312000,4,0.814,0.474,0,-12.017,1,0.0309,0.27,8.16e-06,0.599,0.956,101.241,52,Disco
I Am (I'm Me),1983,215000,3,0.375,0.639,11,-11.314,1,0.0331,0.00148,0.0,0.0718,0.587,138.208,33,Metal
Drop The Game,2013,221894,4,0.558,0.671,7,-4.984,1,0.0574,0.59,0.00018,0.171,0.432,78.93,65,EDM
Melting Pot,1971,494800,4,0.599,0.508,9,-15.301,0,0.0489,0.00205,0.725,0.0967,0.843,115.773,37,Blues
The Circle Game - 2008 Remaster,1968,317133,4,0.618,0.177,11,-20.312,1,0.0341,0.759,0.372,0.101,0.283,104.516,27,Folk
Flava In Ya Ear,1994,302000,4,0.52,0.847,9,-5.3,1,0.427,0.272,0.0,0.325,0.799,177.371,55,Pop
Life And Limb,1990,189693,4,0.535,0.57,1,-12.264,1,0.0292,0.0383,0.786,0.15,0.836,142.332,45,Punk
Behind the Tear,1966,121094,4,0.535,0.181,0,-17.627,1,0.0319,0.822,0.0,0.374,0.553,107.548,40,Country
Here Comes The Judge,1968,157000,4,0.699,0.458,1,-16.067,1,0.0876,0.118,4.74e-05,0.133,0.608,116.145,24,Pop
I Don’t Like To Sleep Alone,1975,198000,4,0.48,0.557,10,-9.696,1,0.0276,0.413,7.71e-06,0.267,0.26,127.237,49,Pop
We Don't Need Another Hero (Thunderdome),1985,255186,4,0.69,0.674,8,-5.866,0,0.0471,0.201,0.00612,0.114,0.713,98.851,64,R&B
Wah Wah Blues,1969,276333,3,0.528,0.319,2,-14.176,1,0.0367,0.582,0.03,0.233,0.432,102.597,28,Blues
Greetings,1982,219960,4,0.686,0.641,5,-14.832,0,0.0525,0.000907,0.0,0.157,0.841,144.448,36,Reggae
Tuxedo Junction,1940,205160,4,0.714,0.108,10,-15.872,1,0.06,0.933,0.717,0.178,0.412,113.581,36,Jazz
Don't Cross the River,1972,149000,4,0.571,0.726,2,-10.379,1,0.0346,0.0427,2.85e-05,0.175,0.704,97.434,56,Rock
Day After Day,1972,191000,4,0.399,0.686,5,-7.112,1,0.0311,0.109,0.000874,0.112,0.377,101.806,52,Pop
Shame On The Moon,1983,295000,4,0.615,0.563,9,-7.585,1,0.0254,0.283,0.00118,0.117,0.547,105.772,53,Pop
Straight Out Of Line,2003,259133,4,0.377,0.96,7,-4.719,1,0.146,0.000184,0.00274,0.0718,0.386,183.633,53,Metal
The Nitty Gritty,1964,201000,4,0.745,0.347,2,-13.145,1,0.0418,0.246,0.0,0.0861,0.899,155.539,76,Pop
I'm Not Racist,2018,408063,3,0.605,0.613,11,-10.479,0,0.869,0.779,0.0,0.0981,0.336,63.764,48,Rap
Everyday,2018,204746,4,0.667,0.741,1,-4.099,1,0.0378,0.0425,0.0,0.0761,0.422,149.908,63,Rap
War Eternal,2014,256053,4,0.445,0.98,5,-4.369,0,0.0731,2.45e-05,0.163,0.129,0.285,155.045,57,Metal
Mammoth,2013,332289,4,0.645,0.85,11,-5.952,0,0.256,0.00105,0.302,0.364,0.471,127.997,61,EDM
Do Me Right,1990,263266,4,0.765,0.738,11,-11.011,1,0.0825,0.00137,3.5e-05,0.216,0.625,105.963,32,R&B
Fooled Around And Fell In Love,1975,276000,3,0.633,0.621,10,-11.494,1,0.0313,0.042,0.0172,0.186,0.593,113.325,60,Blues
New Sensation,1988,219000,4,0.68,0.967,4,-2.771,1,0.0664,0.0661,1.75e-06,0.0808,0.895,115.748,59,Pop
My Funny Valentine,1954,141133,4,0.438,0.00756,0,-26.44,0,0.0382,0.941,0.00643,0.109,0.277,133.32,64,Jazz
C’mon And Get My Love,1990,251000,4,0.517,0.999,9,-6.013,1,0.292,0.00141,0.0162,0.197,0.2,133.399,1,Pop
Easy,1977,256426,4,0.591,0.387,10,-15.077,0,0.0334,0.111,3.23e-05,0.0596,0.358,132.921,75,Disco
Happier,2018,214289,4,0.687,0.792,5,-2.749,1,0.0452,0.191,0.0,0.167,0.671,100.011,83,EDM
Mess Around,1953,160226,4,0.565,0.962,8,-2.981,1,0.064,0.437,0.0,0.056,0.906,148.808,57,Jazz
Living in Color,2016,172500,3,0.506,0.63,11,-4.325,1,0.034,0.0598,0.0,0.225,0.339,127.914,51,EDM
I Want You,1997,176000,4,0.469,0.538,8,-13.559,1,0.0575,0.305,0.000114,0.37,0.885,196.606,78,Pop
Heaven Must Have Sent You,1979,152000,4,0.656,0.523,2,-9.341,0,0.0287,0.305,1.42e-06,0.102,0.68,139.0,43,Pop
Back Pocket,2015,181259,4,0.839,0.585,2,-7.737,1,0.153,0.478,0.00278,0.0435,0.89,89.821,65,Funk
Betrayer,2012,239200,4,0.341,0.894,8,-12.604,0,0.0552,0.00553,0.0438,0.124,0.375,106.461,31,Metal
You Are So Beautiful,1975,159000,3,0.297,0.182,1,-10.944,1,0.0298,0.846,0.00267,0.134,0.092,83.391,65,Pop
Theme From Shaft - Remastered 2009,1971,279200,4,0.487,0.716,9,-17.689,0,0.0463,0.233,0.00445,0.113,0.819,120.795,56,R&B
Shake Your Body (DOWN To The Ground),1979,227000,4,0.796,0.72,0,-7.203,1,0.0763,0.0528,0.0,0.337,0.851,117.401,49,Pop
"Hey Mama (feat. Nicki Minaj,Bebe Rexha & Afrojack)",2015,192560,4,0.596,0.73,9,-4.091,1,0.151,0.24,0.0,0.325,0.525,85.979,62,EDM
3 Libras,2000,219640,3,0.518,0.744,9,-8.248,1,0.0374,0.00383,0.007,0.078,0.211,144.019,58,Metal
Decontrol,1980,154613,4,0.28,0.918,3,-3.611,0,0.087,2.03e-06,0.289,0.136,0.192,113.504,19,Punk
Rastas Never Dies,1994,233626,4,0.634,0.87,7,-4.873,1,0.0578,0.497,0.0248,0.061,0.97,177.903,42,Reggae
"What’s The Frequency,Kenneth?",1994,240000,4,0.369,0.948,2,-3.923,1,0.0376,0.141,0.253,0.169,0.696,94.459,57,Pop
"Raise Your Love - Version Of ""Slang""",1996,181000,4,0.595,0.888,4,-8.253,1,0.0411,0.000385,0.00873,0.0431,0.556,99.63,12,Rock
Is It Still Over?,1987,190826,4,0.733,0.769,7,-7.219,1,0.0258,0.12,0.0,0.32,0.817,107.159,35,Country
One Day,2004,207573,4,0.346,0.61,0,-5.818,1,0.15,0.198,0.0,0.117,0.235,68.552,56,Reggae
Head Over Heels,1984,257000,4,0.623,0.739,7,-8.116,1,0.0244,0.338,1.88e-05,0.109,0.642,95.007,70,Pop
U Got The Look,1987,226000,4,0.822,0.583,9,-11.12,1,0.0596,0.108,5.76e-05,0.0553,0.693,122.337,45,Pop
Feels Like Rain (feat. Bonnie Raitt),1993,275266,4,0.572,0.348,0,-13.454,1,0.0294,0.44,0.000721,0.235,0.34,73.304,54,Blues
Sally Go ‘ROUND The Roses,1963,195000,4,0.694,0.453,2,-12.583,1,0.0327,0.234,0.546,0.0703,0.457,146.6,28,Pop
Selassie Children,2013,337912,4,0.743,0.688,8,-5.505,0,0.0643,0.587,7.32e-06,0.111,0.537,88.028,34,Reggae
Freedom of Choice,1980,208560,4,0.835,0.871,0,-13.353,1,0.0359,0.457,0.00852,0.0557,0.963,140.386,39,Alt. Rock
I’ve Got To Use My Imagination,1974,254000,4,0.56,0.397,9,-14.496,0,0.0276,0.457,0.0183,0.112,0.894,97.01,26,Pop
I Want You To Know,2015,240000,4,0.579,0.846,9,-2.876,0,0.0574,0.00537,6.88e-06,0.145,0.367,129.999,64,EDM
Streets of London,1969,248586,4,0.396,0.295,4,-15.126,1,0.0343,0.625,7.6e-05,0.0989,0.187,155.531,55,Folk
Rock Steady - Radio Edit,1987,243706,4,0.888,0.711,5,-11.477,0,0.0577,0.00808,2.48e-06,0.0432,0.96,116.343,50,Disco
Words Get In The Way,1986,205000,4,0.674,0.31,5,-17.352,1,0.0329,0.293,1.64e-05,0.108,0.56,155.656,48,Pop
Love So Right,1976,215000,4,0.575,0.405,4,-13.346,1,0.0279,0.345,6.73e-05,0.645,0.558,80.983,58,Pop
The Happening,1967,185000,4,0.654,0.696,6,-6.146,1,0.0612,0.372,0.0187,0.118,0.923,159.033,58,Pop
You Know - Radio Edit,2015,197429,4,0.672,0.843,4,-6.513,0,0.0365,0.0327,0.736,0.132,0.473,123.994,38,EDM
I'm Running Right Through The World,1990,230226,4,0.487,0.905,7,-6.906,1,0.222,0.159,6.78e-05,0.19,0.731,170.679,25,SKA
Little Bit O’ Soul,1967,141000,4,0.539,0.694,7,-8.627,1,0.0697,0.384,0.0,0.202,0.877,131.901,35,Pop
Are You My Woman? (Tell Me So),1970,182066,4,0.723,0.873,9,-6.749,0,0.0524,0.215,2.13e-06,0.0792,0.934,111.793,39,R&B
Black Metal,1982,224160,4,0.265,0.756,1,-12.136,1,0.0571,0.000939,1.32e-05,0.201,0.444,80.076,44,Metal
Black Pearl,1969,342000,4,0.36,0.684,4,-6.457,0,0.0308,0.323,0.0,0.34,0.2,77.15,73,Pop
Dammit,1997,165373,4,0.429,0.972,0,-5.122,1,0.0953,0.0017,0.0,0.171,0.34,111.282,68,Punk
Kentucky Waltz,1946,166160,3,0.568,0.196,2,-13.042,1,0.0325,0.866,0.129,0.229,0.565,123.302,28,Country
"Never Recover (Lil Baby & Gunna,Drake)",2018,194732,4,0.753,0.686,1,-5.414,0,0.284,0.0677,0.0,0.193,0.886,132.055,68,Rap
You Didn’t Have To Be So Nice,1966,146000,4,0.638,0.622,1,-10.035,0,0.0265,0.809,0.00385,0.0416,0.871,130.354,43,Pop
Boys Don't Cry,1980,157053,4,0.463,0.853,11,-6.24,0,0.0706,0.0101,0.0,0.107,0.69,169.574,57,Alt. Rock
Can’t Stop,1990,237000,4,0.669,0.832,0,-5.721,1,0.0682,0.0106,0.0,0.0968,0.7,113.035,73,Pop
Only the Good Die Young,1977,235000,4,0.579,0.872,0,-6.126,1,0.159,0.159,0.0,0.0935,0.761,76.214,51,Rock
In My Feelings,2018,217925,4,0.835,0.626,1,-5.833,1,0.125,0.0589,6e-05,0.396,0.35,91.03,72,Rap
Big Yellow Taxi,1970,134800,4,0.611,0.47,4,-9.135,1,0.0356,0.585,0.0,0.58,0.97,85.527,62,Folk
I Wanna Love You,1992,247000,4,0.866,0.454,0,-9.383,1,0.0414,0.0373,1.49e-06,0.275,0.368,99.982,73,Pop
Lost In Your Eyes,1989,215000,4,0.512,0.588,7,-8.591,1,0.0276,0.335,0.000806,0.0963,0.242,144.521,67,Pop
Boogie Woogie Country Girl,1951,177439,4,0.773,0.733,7,-6.535,0,0.0353,0.559,0.00374,0.023,0.951,89.846,28,R&B
March Of The Pigs,1994,178493,1,0.503,0.903,2,-7.427,1,0.0527,0.0218,0.197,0.0861,0.0586,134.462,57,Alt. Rock
Down with the Sickness,2000,279213,4,0.695,0.876,3,-4.262,0,0.0553,0.000996,6.89e-06,0.106,0.941,89.954,75,Metal
Can You Handle It,1981,386173,4,0.733,0.833,10,-11.118,0,0.0456,0.357,0.0179,0.0517,0.962,108.782,39,Disco
One Monkey Don't Stop No Show - Pt. 1,1971,211373,4,0.765,0.698,6,-8.162,1,0.0365,0.107,5.59e-05,0.0791,0.962,116.76,17,Disco
Desmond Blue,1961,216493,4,0.471,0.141,10,-14.648,0,0.0346,0.986,0.273,0.118,0.448,117.355,36,Jazz
Heaven Tonight,1984,246066,4,0.433,0.888,5,-9.37,0,0.102,0.358,0.0,0.313,0.358,126.919,39,Metal
Machine Gun Blues,2011,213173,4,0.207,0.961,2,-3.913,1,0.0919,0.132,0.000104,0.335,0.118,173.971,46,Alt. Rock
Moonlight Serenade,1939,202760,3,0.342,0.126,3,-11.857,1,0.0265,0.862,0.0998,0.146,0.147,77.873,53,Jazz
Chicken Crazy,1976,208826,4,0.556,0.896,8,-8.158,1,0.328,0.449,0.0,0.209,0.668,139.826,2,Funk
My Chick Bad,2010,216933,4,0.624,0.723,1,-6.782,1,0.378,0.172,0.0,0.484,0.757,84.789,64,Rap
Crowd Control - Radio Edit,2017,159428,4,0.54,0.953,11,-2.237,0,0.0809,0.0622,0.658,0.132,0.124,139.902,47,EDM
Ain't Nothing Like The Real Thing,1968,138533,4,0.606,0.52,8,-11.312,1,0.036,0.0356,0.000628,0.354,0.765,93.449,55,R&B
Wiggle Wiggle,1990,129000,4,0.602,0.854,11,-8.857,1,0.0573,0.206,1.27e-05,0.0445,0.808,78.23,19,Rock
"The Girl I Love,She Got Long Curly Hair",1935,176840,4,0.464,0.285,7,-11.417,1,0.0407,0.975,0.0061,0.353,0.615,181.874,9,Blues
The River Of Dreams,1993,247000,4,0.631,0.749,7,-8.15,1,0.0576,0.205,5.21e-06,0.0667,0.437,89.646,64,Pop
Your Betrayal,2010,291426,4,0.569,0.883,2,-4.41,0,0.0748,8.07e-05,7.74e-05,0.0883,0.373,134.001,66,Metal
Rock the Casbah - Remastered,1982,222426,4,0.797,0.872,9,-6.727,0,0.0575,0.291,0.0,0.284,0.866,129.885,73,Alt. Rock
"Dance,Dance,Dance (Yowsah,Yowsah,Yowsah)",1978,501466,4,0.85,0.665,10,-9.404,0,0.0887,0.00964,0.486,0.0886,0.718,123.166,41,Disco
Red Red Wine,1988,192000,4,0.657,0.82,9,-4.448,1,0.0441,0.0176,0.0,0.0847,0.709,124.041,88,Pop
Ain't Messin 'Round,2012,249413,4,0.346,0.952,9,-2.52,1,0.0732,0.000751,0.0198,0.369,0.615,140.468,29,Blues
Jamboree,1999,213000,4,0.849,0.635,0,-9.425,1,0.266,0.0344,0.0,0.082,0.856,92.003,46,Pop
Let’s Go,1987,241000,4,0.592,0.342,0,-8.93,1,0.0339,0.193,0.00245,0.11,0.155,130.953,70,Pop
East Coast Fuck You,1999,60960,4,0.384,0.996,4,-3.684,0,0.123,0.00299,8.27e-06,0.334,0.304,82.367,23,Punk
Black Mountain Rag,1964,92000,4,0.421,0.689,3,-19.068,1,0.0332,0.816,0.879,0.105,0.952,123.568,36,Folk
Speak to My Heart,1996,322973,4,0.591,0.397,5,-11.571,1,0.051,0.695,8.79e-06,0.121,0.548,164.025,46,Gospel
Waiting In Vain,1977,256239,4,0.767,0.46,8,-11.489,1,0.332,0.028,2.09e-05,0.0633,0.803,78.802,71,Reggae
If You Love Me (LET Me Know),1974,196000,4,0.595,0.495,5,-12.924,1,0.0346,0.587,0.0,0.125,0.819,128.817,41,Pop
Love Machine,1975,413466,4,0.781,0.881,7,-10.343,0,0.055,0.0228,0.00134,0.0284,0.82,145.051,18,R&B
The Night the Lights Went Out,1975,427160,4,0.644,0.703,0,-10.865,0,0.0587,0.173,0.000439,0.0609,0.631,121.187,31,Disco
Hero,2015,330400,4,0.436,0.922,11,-3.279,0,0.0627,0.00374,0.000413,0.253,0.0928,150.151,45,EDM
Daahoud,1956,245400,4,0.498,0.644,1,-12.071,1,0.0333,0.528,0.0609,0.0352,0.712,120.719,33,Jazz
Django - Copenhagen 29/05/1965 Restauración 2023,1965,440656,4,0.491,0.243,5,-15.716,0,0.0568,0.955,0.443,0.726,0.101,90.784,10,Jazz
What I'd Say,1988,232773,4,0.67,0.265,6,-12.741,1,0.0289,0.717,1.06e-06,0.102,0.255,117.799,43,Country
He’s The Greatest Dancer,1979,375000,4,0.7,0.815,7,-9.711,0,0.044,0.00115,0.00124,0.0901,0.837,113.245,14,Pop
Once in a Lifetime - 2005 Remaster,1980,259906,4,0.644,0.919,2,-6.289,1,0.0561,0.181,0.134,0.622,0.871,117.459,66,Alt. Rock
The Blood Will Never Lose Its Power - Live,2007,118533,4,0.396,0.336,0,-12.839,1,0.0319,0.689,1.04e-06,0.409,0.233,95.718,40,Gospel
Sure Shot,1980,447240,4,0.779,0.891,11,-6.215,0,0.0506,0.0177,0.000476,0.294,0.812,122.703,14,Disco
Devil Inside,1988,314000,4,0.501,0.784,0,-5.254,1,0.0699,0.0028,0.536,0.12,0.61,75.5,49,Pop
Let’s Twist Again,1961,156000,4,0.63,0.814,5,-6.793,1,0.0651,0.311,0.0,0.0189,0.955,175.948,32,Pop
How Can We Be Lovers,1990,235000,4,0.399,0.708,0,-10.541,0,0.0387,0.118,0.0,0.179,0.688,207.424,53,Pop
Battle Hymn,1982,416693,3,0.315,0.822,4,-10.437,0,0.103,0.047,0.0077,0.274,0.164,150.499,49,Metal
Is Anybody Goin' to San Antone,1970,133880,4,0.718,0.399,2,-11.592,1,0.034,0.724,0.0,0.156,0.856,116.477,54,Country
Happy Now,2019,207029,3,0.503,0.741,4,-5.128,1,0.047,0.579,1.49e-06,0.0712,0.458,88.335,63,EDM
She's Every Woman - Live,1995,243266,4,0.3,0.553,4,-16.241,1,0.698,0.55,0.00131,0.975,0.662,71.179,42,Country
Tubthumping,1998,278000,4,0.348,0.88,2,-7.366,1,0.0978,0.128,0.0,0.357,0.606,101.185,66,Pop
Second Fiddle (To An Old Guitar),1964,132893,4,0.773,0.514,0,-9.367,1,0.0344,0.511,0.0,0.158,0.931,118.686,35,Country
Mockin' Bird Hill (Tra La La Twittle Dee Dee Dee),1951,140133,3,0.604,0.408,1,-9.207,1,0.0337,0.762,0.0,0.185,0.762,164.241,17,Jazz
1880 Or So,1978,221840,4,0.67,0.594,6,-12.591,1,0.0277,0.209,0.171,0.0713,0.205,134.93,39,Punk
Simple Man - Rock Version,2008,265800,4,0.532,0.625,7,-4.95,1,0.0293,0.064,0.0,0.223,0.225,120.853,60,Metal
Let's Get Lost (feat. Devon Baldwin),2018,240680,4,0.671,0.672,4,-9.188,0,0.12,0.103,3.98e-05,0.074,0.186,117.96,55,Rap
Black Night,1970,207466,4,0.498,0.787,9,-11.039,1,0.0731,0.165,0.523,0.17,0.811,134.595,41,Metal
Mo Money Mo Problems (feat. Puff Daddy & Mase) - 2014 Remaster,2014,257399,4,0.845,0.884,6,-4.506,0,0.0759,0.0128,2.1e-06,0.203,0.904,104.536,73,Rap
You Got The Silver,2019,171600,4,0.422,0.462,4,-7.406,1,0.0509,0.677,0.00139,0.175,0.54,93.81,43,Blues
Rolling With The Punches,1981,394333,4,0.73,0.799,8,-8.254,1,0.0258,0.0742,0.01,0.176,0.884,99.785,29,Blues
Inside Out,1980,314573,4,0.74,0.691,7,-10.04,1,0.069,0.406,2.51e-05,0.126,0.866,112.021,34,Disco
"Wild Rover (Live at New York,1984)",1984,254200,4,0.421,0.612,5,-15.344,1,0.0602,0.806,0.0,0.84,0.37,78.92,9,Folk
Hit 'Em Up - Single Version,1996,312626,4,0.916,0.844,7,-3.967,1,0.236,0.0394,0.0,0.0778,0.586,95.19,78,Rap
Sign of the Times - Re-Recorded,1999,292000,4,0.44,0.939,4,-5.005,1,0.108,0.0149,2.72e-05,0.343,0.366,137.047,5,Metal
Shebeen,1981,245160,4,0.748,0.812,4,-8.956,1,0.0287,0.113,0.0823,0.092,0.966,133.141,9,SKA
Joshua Fit The Battle Of Jericho,1963,140106,4,0.596,0.32,9,-11.839,0,0.0759,0.763,0.024,0.809,0.81,121.197,2,Folk
Make It All Work Out,1980,185133,4,0.691,0.467,1,-7.378,1,0.0501,0.221,0.0478,0.111,0.244,92.078,42,Folk
Ocean Breathes Salty,2004,224333,4,0.646,0.964,7,-3.177,1,0.0369,0.0407,3.65e-06,0.293,0.747,95.479,54,Alt. Rock
Love Walked out Before She Did,1970,141666,4,0.534,0.484,2,-12.679,1,0.0382,0.662,0.0,0.0953,0.653,76.116,0,Country
From East to West,1979,431333,4,0.685,0.85,9,-9.605,0,0.0311,0.000216,0.754,0.144,0.863,128.193,28,Disco
One Nation Under a Groove,1978,449640,4,0.788,0.852,4,-8.157,0,0.0419,0.416,0.00116,0.288,0.869,122.375,40,R&B
Get Back,1969,211000,4,0.553,0.847,5,-5.736,1,0.187,0.0143,0.0,0.561,0.733,162.024,78,Pop
Delta Dawn,1973,175000,4,0.619,0.507,5,-7.677,1,0.0335,0.71,0.0,0.258,0.694,77.995,62,Pop
Take Good Care Of My Baby,1961,149000,4,0.487,0.441,1,-11.297,1,0.0722,0.761,0.0,0.15,0.604,82.707,57,Pop
L$D,2015,238306,4,0.598,0.252,2,-15.086,1,0.0644,0.194,0.133,0.0992,0.0352,120.064,71,Rap
Bring The Noise,1991,211786,4,0.601,0.831,2,-8.582,1,0.17,0.00086,0.0,0.102,0.296,120.962,53,Metal
Stardust,1990,381066,4,0.487,0.176,1,-19.981,1,0.148,0.994,0.828,0.688,0.582,100.118,9,Jazz
Key West (Philosopher Pirate),2020,574000,4,0.434,0.188,9,-18.628,0,0.0433,0.843,0.000174,0.0919,0.115,138.77,34,Rock
Way Down Deep,1983,155440,4,0.742,0.32,9,-16.675,1,0.0318,0.3,1.01e-05,0.0838,0.66,98.102,33,Country
Beach In Hawaii,1997,224413,4,0.81,0.476,9,-8.933,0,0.0372,0.206,9.16e-06,0.0837,0.88,98.981,57,Reggae
Wear It On Our Face,1972,205640,4,0.372,0.636,9,-14.092,0,0.0393,0.266,0.0,0.104,0.743,84.737,22,R&B
Tom Cat,1963,129000,4,0.675,0.559,8,-10.136,1,0.0434,0.759,0.00227,0.0721,0.924,142.763,13,Folk
Sixteen Tons,1955,155901,4,0.667,0.25,11,-18.533,1,0.217,0.757,0.0,0.25,0.412,144.145,59,Country
B.Y.O.B.,2005,255466,4,0.538,0.981,1,-2.688,0,0.14,0.00662,0.0,0.219,0.711,101.414,76,Alt. Rock
Southern Rag,1927,170307,4,0.506,0.562,6,-7.029,1,0.0442,0.963,0.199,0.163,0.928,125.517,18,Blues
Dancing with Myself,1981,228080,4,0.387,0.947,4,-3.141,1,0.0697,4.65e-05,0.612,0.662,0.834,176.371,63,Punk
The Middle,2001,165853,4,0.643,0.849,2,-5.428,1,0.0526,0.0371,0.0,0.058,0.903,162.152,83,Alt. Rock
New World Order,1990,183899,4,0.19,0.991,0,-3.462,1,0.177,1.47e-05,0.0873,0.317,0.441,172.523,35,Punk
Misty Blue,1976,222000,3,0.394,0.243,3,-14.664,1,0.0302,0.658,0.00603,0.085,0.504,173.365,52,Pop
Love To Love You Baby,1975,1008533,4,0.622,0.425,10,-16.256,1,0.052,0.292,5.73e-05,0.0498,0.417,96.168,50,Disco
One Minute Man (feat. Ludacris),2001,252986,4,0.622,0.669,9,-8.419,1,0.329,0.0266,2.97e-06,0.152,0.57,93.839,54,Rap
Alice's Restaurant Massacree,1967,1116933,4,0.561,0.366,9,-14.14,1,0.327,0.851,0.0,0.813,0.646,78.659,41,Folk
I Just Want To Be,1981,318600,4,0.947,0.382,10,-16.013,0,0.143,0.0186,0.0,0.191,0.885,120.028,30,R&B
Someone To Watch Over Me,1956,196666,1,0.354,0.0851,7,-13.738,1,0.0345,0.99,4.49e-06,0.123,0.197,97.684,51,Jazz
Tin Man,1974,209000,4,0.646,0.531,7,-10.785,1,0.0671,0.528,0.0133,0.0836,0.655,172.02,63,Pop
No Pigeons,1999,206000,4,0.79,0.656,8,-11.13,0,0.301,0.00913,0.0,0.131,0.498,95.583,30,Pop
Once You Get Started,1974,268200,4,0.621,0.769,5,-8.696,0,0.0547,0.0845,0.000317,0.0369,0.856,121.17,29,Disco
Man Free,1978,361952,4,0.801,0.538,4,-15.453,0,0.13,0.0787,0.00993,0.117,0.762,83.712,13,Reggae
Girlfriend,1988,216000,4,0.56,0.959,7,-2.433,1,0.102,0.000722,0.000221,0.209,0.669,163.983,75,Pop
Welcome to My World,1964,142893,4,0.655,0.0968,5,-19.129,1,0.0297,0.918,0.000111,0.103,0.408,75.992,50,Country
Prologue (Apprehension),2007,191720,4,0.291,0.902,7,-6.417,1,0.0478,2.97e-05,0.743,0.359,0.5,99.152,22,Metal
Now You're Talkin',2024,245000,4,0.299,0.992,4,-1.479,0,0.195,0.0044,0.0053,0.148,0.265,164.173,25,Rock
Panopticom - Bright Side Mix,2023,316000,4,0.677,0.805,1,-6.753,0,0.0326,0.343,0.000706,0.262,0.46,140.004,29,Rock
Theme from Island Weirdos,1983,215000,4,0.264,0.313,1,-23.274,1,0.0449,0.437,0.856,0.381,0.106,82.673,8,Rock
Shout,1985,393000,4,0.511,0.942,0,-10.407,1,0.0429,0.174,1.87e-05,0.139,0.498,97.909,73,Pop
Heartbreaker,1983,222000,3,0.489,0.608,5,-5.329,1,0.0274,0.0143,0.0,0.193,0.352,148.117,74,Pop
No One Is To Blame,1986,258000,4,0.743,0.354,9,-13.619,1,0.0285,0.683,4.55e-05,0.0621,0.8,95.123,49,Pop
I Wouldn't Have Missed It For The World,1981,217826,4,0.663,0.511,7,-10.843,1,0.0259,0.0637,1.09e-06,0.101,0.579,114.003,54,Country
Drop It Like It's Hot,2004,266066,4,0.888,0.632,1,-3.872,1,0.219,0.19,0.0,0.101,0.662,91.979,76,Rap
Disco Stomp,1975,315013,4,0.874,0.789,5,-8.732,1,0.0538,0.432,0.349,0.0815,0.941,104.881,23,Disco
"Bright Lights,Big City",1961,169253,4,0.741,0.437,2,-9.17,1,0.0428,0.849,1.79e-05,0.229,0.689,91.969,37,Blues
If I Could Reach You,1972,190000,4,0.233,0.216,10,-15.737,1,0.0333,0.922,0.0408,0.118,0.155,153.566,34,Pop
Call Di Doctor,1997,190000,5,0.729,0.817,4,-4.33,0,0.231,0.208,0.0,0.0919,0.702,128.056,4,Reggae
Johnny B. Goode - 2002 Remaster,1976,244253,4,0.749,0.849,4,-5.761,0,0.0544,0.0299,0.000168,0.115,0.959,145.169,62,Reggae
Fire,1974,276333,4,0.639,0.75,5,-11.794,1,0.0557,0.324,0.0335,0.282,0.851,107.174,51,R&B
OneTwoThree - Make Your Body Wanna,2015,248748,4,0.67,0.797,5,-4.661,1,0.0436,7.91e-05,0.217,0.084,0.175,140.081,21,EDM
Bam Bam,1966,258079,4,0.472,0.414,3,-10.104,1,0.0957,0.742,2.3e-05,0.142,0.88,205.103,27,SKA
Takin' It Back,1984,247000,4,0.664,0.555,11,-13.666,0,0.05,0.136,0.000398,0.0575,0.949,149.703,13,Rock
A Taste Of Honey,1961,164373,4,0.473,0.0203,4,-28.519,0,0.0611,0.976,0.597,0.117,0.336,73.561,51,Jazz
"Mo Ghile Mear (""Our Hero"") (with Sting)",2002,199653,3,0.189,0.431,9,-10.469,1,0.0388,0.697,0.0,0.11,0.52,73.136,32,Folk
Takin' Care Of Business,1973,289000,4,0.724,0.703,5,-14.007,1,0.0498,0.0488,2.69e-06,0.146,0.965,129.985,64,Rock
Sweet Soul Music,1967,141000,4,0.59,0.659,5,-9.669,1,0.0697,0.104,6.56e-06,0.356,0.965,80.201,59,Pop
Two Sparrows In A Hurricane,1992,250533,4,0.471,0.246,10,-13.678,1,0.0311,0.568,4.7e-06,0.109,0.226,97.101,53,Country
Drifter's Escape,1967,166000,4,0.637,0.535,9,-12.668,1,0.0342,0.493,3.17e-05,0.262,0.842,132.458,27,Rock
"Oh My Goodness,Look At This Mess!",1988,199906,4,0.527,0.471,2,-9.728,1,0.271,0.901,0.0,0.497,0.892,79.257,40,Folk
Coma,1989,322266,4,0.29,0.917,8,-12.687,1,0.101,0.000188,0.659,0.0814,0.148,93.009,34,Metal
Consider Me Gone,1984,220106,4,0.58,0.726,8,-4.343,1,0.0291,0.0895,0.0,0.0786,0.507,97.04,54,Country
This Is It,1980,238000,4,0.799,0.623,0,-9.374,1,0.0812,0.0141,0.0,0.43,0.773,103.642,67,Pop
"What’s The Frequency,Kenneth? - Remastered 2013",1994,240306,4,0.369,0.948,2,-3.923,1,0.0376,0.141,0.253,0.169,0.696,94.459,44,Alt. Rock
Truly,1982,200506,4,0.366,0.238,1,-13.853,1,0.038,0.646,1e-05,0.0876,0.131,68.377,61,R&B
The Tracks Of My Tears,1965,174360,4,0.502,0.333,7,-10.914,1,0.0264,0.699,0.0,0.222,0.729,96.982,62,R&B
The End Has No End,2003,185560,4,0.531,0.66,1,-3.725,1,0.0335,0.000833,0.855,0.226,0.533,136.027,52,Alt. Rock
Weak And Powerless,2003,195133,3,0.483,0.841,1,-7.494,0,0.0523,0.000172,0.861,0.108,0.13,159.747,60,Metal
Pressure Drop - Single Version,1969,173493,4,0.649,0.581,8,-12.161,1,0.0432,0.106,0.0,0.0321,0.984,148.887,58,SKA
Playboy,1961,164840,4,0.863,0.691,0,-5.611,1,0.0535,0.371,0.0,0.0597,0.916,123.757,38,R&B
Moar Ghosts 'n' Stuff - Extended Mix,2010,297186,4,0.905,0.648,8,-5.582,1,0.103,0.000106,0.864,0.106,0.348,127.995,38,EDM
You Are Not Alone,1995,345000,4,0.651,0.402,11,-9.303,1,0.028,0.639,7.73e-05,0.0765,0.258,119.873,67,Pop
Unity - 2007 Remaster,2007,133826,4,0.583,0.863,9,-4.083,1,0.0692,0.193,0.0102,0.0717,0.842,92.688,46,Punk
Kill The Noise,2004,188127,4,0.533,0.865,0,-5.469,0,0.0601,0.000428,8.83e-05,0.283,0.605,94.969,64,Alt. Rock
Walk Like Me - Remastered 2001,1980,224000,4,0.614,0.664,4,-6.128,0,0.0505,0.0752,0.000126,0.581,0.369,158.974,18,Rock
I Ain't Got No Home In This World Anymore,1940,163800,4,0.583,0.261,7,-11.811,1,0.0363,0.972,0.00069,0.13,0.615,120.18,31,Folk
Back to My Roots,1987,254890,4,0.707,0.399,11,-10.25,1,0.0586,0.473,0.0102,0.0761,0.964,81.861,28,Reggae
Short Dick Man,1995,201000,4,0.91,0.818,4,-7.438,0,0.0638,0.00439,0.0292,0.0378,0.809,127.051,47,Pop
Daydream,1966,208000,4,0.636,0.676,2,-3.442,1,0.0263,0.0807,0.0,0.0831,0.273,113.98,81,Pop
You Should Be Dancing,1976,256453,4,0.703,0.855,0,-6.478,1,0.0315,0.0246,0.517,0.611,0.953,122.929,60,Disco
Peppermint Patty,1965,96440,4,0.513,0.374,10,-19.692,1,0.0576,0.952,0.944,0.108,0.223,154.796,26,Jazz
Love Is My Religion,1997,228506,4,0.826,0.717,9,-6.212,1,0.0481,0.202,0.0,0.394,0.78,93.505,48,Reggae
Enemy of God,2005,343920,4,0.319,0.99,0,-5.133,0,0.124,3.5e-05,0.0357,0.254,0.206,105.551,44,Metal
Red Roses For A Blue Lady,1965,139000,4,0.612,0.306,7,-12.595,1,0.0302,0.86,0.705,0.137,0.376,117.711,49,Pop
Woodyn' You,1944,383800,4,0.464,0.402,1,-14.504,1,0.0352,0.389,0.00287,0.0577,0.607,132.758,9,Jazz
One Man Woman/One Woman Man,1975,272000,4,0.627,0.645,11,-6.82,1,0.0293,0.0457,0.0,0.0655,0.509,91.015,44,Pop
Killing In The Name,1992,313573,4,0.466,0.833,7,-4.215,1,0.304,0.0266,0.0,0.0327,0.661,88.785,79,Alt. Rock
Say Yes,1983,317800,4,0.559,0.386,7,-14.001,1,0.0335,0.523,0.0,0.19,0.756,128.505,37,Funk
Blueberry Hill,1949,200066,4,0.613,0.2,2,-12.759,1,0.0378,0.912,5.42e-05,0.0754,0.404,87.808,40,Jazz
Got To Be Real,1979,307000,4,0.836,0.626,9,-10.143,0,0.0335,0.0943,0.742,0.153,0.898,114.657,66,Pop
Go Home,1986,227000,4,0.712,0.815,7,-5.313,1,0.0332,0.2,0.000149,0.141,0.764,90.997,60,Pop
Morning Side Of The Mountain,1975,158000,4,0.319,0.436,0,-8.967,1,0.0373,0.538,0.0,0.157,0.654,79.314,40,Pop
Up The Ladder To The Roof,1970,191000,4,0.533,0.567,10,-13.743,1,0.0539,0.549,2.61e-06,0.177,0.658,120.157,37,Pop
Age of Consent - 2015 Remaster,1983,315333,4,0.372,0.91,2,-5.559,1,0.0392,0.00101,0.0944,0.13,0.756,161.964,63,Alt. Rock
Wolves and Leopards,1978,169040,4,0.644,0.36,7,-9.042,1,0.21,0.17,0.0,0.135,0.63,67.686,1,Reggae
Got Me Waiting,1994,230000,4,0.879,0.396,1,-9.925,1,0.189,0.265,0.0,0.198,0.604,119.947,43,Pop
Jump in the Line,1961,221704,4,0.594,0.889,5,-7.775,1,0.246,0.768,0.0,0.124,0.8,116.187,64,Folk
Boogie Down (Get Funky Now),1984,250078,4,0.681,0.92,11,-6.132,0,0.0266,0.0253,1.07e-05,0.276,0.949,114.997,0,Disco
Dancin' To The Truth,2013,249973,4,0.736,0.604,9,-5.584,0,0.0383,0.135,0.0393,0.11,0.783,88.305,21,Funk
Reflections Of My Life,1970,251000,4,0.387,0.406,7,-10.666,1,0.0269,0.572,0.0354,0.295,0.509,92.683,45,Pop
Say a Prayer for Two (12 Inch Mix),1979,390400,4,0.617,0.742,1,-10.743,1,0.0528,0.00964,0.673,0.145,0.559,113.903,21,Disco
Amoeba,1981,186626,4,0.231,0.962,4,-7.341,1,0.0753,7.97e-05,0.00175,0.803,0.534,189.29,53,Punk
Ov Fire And The Void,2009,267320,4,0.465,0.978,1,-4.34,1,0.084,2.98e-05,0.646,0.0268,0.13,129.994,43,Metal
If,1971,172000,4,0.457,0.499,1,-6.67,1,0.0334,0.247,6.34e-05,0.171,0.0348,127.95,84,Pop
Smoky Mountain Rain,1980,223293,4,0.554,0.577,7,-8.62,1,0.0282,0.0165,2.91e-05,0.0719,0.479,140.277,55,Country
Dear God,2009,393480,4,0.472,0.772,5,-5.928,1,0.0316,0.00658,5.65e-05,0.132,0.6,139.993,72,Metal
Acid Rain,1982,115333,4,0.328,0.936,11,-4.915,1,0.0699,0.000862,6.8e-06,0.278,0.292,149.574,22,Punk
Miss Sun,1981,331000,4,0.735,0.665,9,-8.426,1,0.028,0.215,0.0596,0.0793,0.729,103.549,43,Pop
Dust In The Wind,1978,206000,4,0.475,0.322,7,-10.687,1,0.0283,0.367,0.00056,0.11,0.387,93.503,81,Pop
Scorpio,1972,165000,4,0.736,0.532,1,-7.151,1,0.265,0.0292,8.86e-06,0.0806,0.273,84.983,58,Pop
"Knockin' On Heaven's Door - Live At The Marquee Club,London / 1987",1987,299426,4,0.338,0.772,11,-8.499,1,0.0716,0.0533,0.219,0.658,0.347,144.328,30,Metal
Father Figure,1988,336000,4,0.689,0.333,3,-13.288,1,0.0262,0.163,3.36e-05,0.0853,0.284,101.988,62,Pop
"Sucker for Pain (with Wiz Khalifa,Imagine Dragons,Logic & Ty Dolla $ign feat. X Ambassadors)",2016,243490,4,0.502,0.786,9,-4.378,0,0.317,0.255,0.0,0.65,0.739,169.021,75,Rap
Fame,1975,261000,4,0.786,0.555,10,-10.276,1,0.0471,0.454,0.0173,0.0826,0.673,95.1,61,Pop
Just Another Dream,1991,279000,4,0.905,0.47,7,-9.598,0,0.0508,0.359,0.00291,0.0852,0.689,132.041,50,Pop
Crying in the Chapel,1953,143000,4,0.271,0.246,11,-13.812,1,0.0548,0.939,3.19e-05,0.297,0.276,71.663,51,Pop
Empire Song - 2005 Digital Remaster,1982,198253,4,0.379,0.809,5,-8.411,0,0.0534,1.19e-05,0.828,0.531,0.364,146.4,20,Punk
Everybody Wants To Rule The World,1985,251000,4,0.645,0.795,7,-12.095,1,0.0527,0.347,0.00389,0.104,0.535,112.067,87,Pop
I'm Every Woman,1978,249600,4,0.603,0.886,0,-7.301,0,0.0465,0.0418,0.000171,0.295,0.727,114.045,65,R&B
Jumper - 1998 Edit,1997,272973,4,0.599,0.543,0,-9.226,1,0.0302,0.0129,0.00204,0.291,0.624,91.105,66,Alt. Rock
Boulevard of Broken Dreams,2004,262333,4,0.496,0.682,8,-4.095,1,0.0294,0.00552,2.94e-05,0.0589,0.474,167.06,72,Alt. Rock
Dang! (feat. Anderson .Paak),2018,305350,4,0.836,0.67,5,-6.907,0,0.23,0.00826,0.000355,0.0837,0.556,107.018,71,Rap
R.I.P. SCREW,2018,185610,4,0.607,0.609,0,-5.978,0,0.291,0.389,1.6e-05,0.111,0.556,74.946,66,Rap
Ooh Boy,1978,256506,4,0.53,0.415,0,-11.866,1,0.0883,0.646,0.0,0.0893,0.526,97.861,38,Disco
Unholy Confessions,2003,283826,4,0.447,0.876,2,-5.446,0,0.066,0.000359,0.00103,0.255,0.532,92.535,67,Metal
Isis (feat. Logic),2018,236501,4,0.884,0.936,1,-3.931,1,0.167,0.206,0.0,0.262,0.758,120.004,66,Rap
It's a Sin,1947,146080,4,0.692,0.373,10,-12.201,1,0.027,0.909,4.43e-06,0.116,0.782,144.586,48,Country
Tainted Love,1982,153000,4,0.5,0.501,0,-8.284,0,0.0376,0.462,0.0,0.26,0.623,144.438,81,Pop
Show & Tell,2019,185600,4,0.667,0.86,1,-3.74,1,0.0531,0.235,0.0,0.135,0.463,150.111,49,EDM
Jah Love You Always,1997,208866,4,0.551,0.745,2,-5.305,0,0.0509,0.0754,0.0,0.199,0.213,175.918,0,Reggae
How We Do,2004,235533,4,0.862,0.648,4,-7.401,0,0.251,0.0455,0.0,0.0332,0.637,98.012,74,Rap
Nervous,1981,345000,4,0.293,0.556,2,-9.215,1,0.0316,0.555,0.0136,0.12,0.363,128.54,22,Rock
Little Sister,1973,232466,4,0.756,0.383,10,-18.302,1,0.0362,0.163,0.0,0.0651,0.966,128.956,39,Blues
Gypsy Man,1973,323626,4,0.523,0.688,9,-8.442,0,0.0557,0.00511,0.195,0.259,0.778,126.921,25,Funk
Beautiful Now,2015,218293,4,0.628,0.832,11,-4.126,0,0.0282,0.0079,1.46e-05,0.074,0.56,128.003,67,EDM
SOS,1975,202000,4,0.415,0.713,5,-5.55,1,0.0278,0.251,0.00197,0.289,0.579,125.056,66,Rock
(THE Man Who Shot) Liberty Valance,1962,178000,4,0.602,0.591,1,-8.684,0,0.053,0.739,0.0,0.175,0.837,88.392,42,Pop
(We Are) The Road Crew (Live at Hammersmith),2005,194853,4,0.233,0.996,3,-4.836,0,0.363,0.0327,0.211,0.706,0.04,146.359,7,Metal
One Beer,2004,258586,4,0.376,0.718,7,-6.7,1,0.246,0.0996,0.00332,0.633,0.615,91.115,73,Rap
Turn to Stone,1986,209000,4,0.387,0.959,8,-7.557,1,0.108,0.00358,0.162,0.165,0.284,122.643,17,Rock
Last Cigarette,2005,218000,4,0.33,0.826,7,-5.54,1,0.0544,0.00717,0.0,0.343,0.388,144.216,32,Rock
Working Class Hero,2005,202000,3,0.542,0.317,9,-7.85,1,0.0285,0.82,0.0,0.0991,0.271,151.943,32,Rock
Rebellious (feat. Yuna),2016,230341,4,0.367,0.536,3,-6.151,1,0.0317,0.222,0.0,0.129,0.199,79.004,25,EDM
Down Home Blues,1980,383933,4,0.677,0.503,7,-13.637,1,0.0335,0.612,0.000272,0.288,0.844,111.147,29,Blues
If This Is It,1984,233000,3,0.349,0.667,7,-7.407,1,0.0329,0.208,1.5e-06,0.317,0.84,147.414,56,Pop
Betray,1981,184586,4,0.28,0.964,9,-6.235,1,0.0562,0.000138,0.373,0.077,0.564,162.632,44,Punk
One More Last Chance,1993,191200,4,0.525,0.878,2,-8.677,1,0.0404,0.411,0.0,0.291,0.963,176.249,60,Country
Drive-In Saturday,2006,247000,4,0.478,0.734,6,-4.359,1,0.0282,0.000953,0.0,0.0557,0.508,68.014,14,Rock
Town Of Plenty,1988,220000,4,0.719,0.915,3,-7.589,1,0.0355,0.103,0.000404,0.233,0.971,127.88,16,Rock
Burn This Disco Out,1979,221026,4,0.847,0.709,1,-11.343,1,0.0335,0.213,0.000252,0.0473,0.961,116.458,48,Disco
Wave Of Mutilation,1989,123906,4,0.587,0.811,5,-10.824,1,0.0328,0.000135,0.472,0.0901,0.75,132.727,58,Alt. Rock
No Control,1989,106693,4,0.459,0.966,11,-3.678,0,0.0924,0.0207,0.0,0.215,0.729,147.624,50,Punk
Stray Cat Strut,1983,198000,4,0.679,0.609,0,-9.482,0,0.0347,0.0957,0.00113,0.0474,0.695,132.467,50,Pop
"Oh Lord,Search My Heart",1957,191077,4,0.583,0.0884,7,-19.708,1,0.0427,0.927,0.465,0.195,0.495,120.188,3,Blues
The Sweetest Gift,1986,233160,4,0.579,0.168,9,-9.748,1,0.0327,0.865,0.0,0.0998,0.247,150.738,24,Country
Revolution,1977,262000,4,0.754,0.458,9,-10.558,0,0.163,0.157,5.86e-06,0.106,0.744,84.603,55,Reggae
You Are the One,1956,130919,4,0.751,0.489,7,-11.615,1,0.0371,0.122,0.0,0.197,0.865,125.651,6,Country
Here Comes a Regular,1985,286573,4,0.455,0.363,6,-11.368,1,0.0292,0.322,0.0,0.108,0.138,131.783,27,Punk
Have I Told You Lately,1993,260000,4,0.329,0.477,4,-10.266,1,0.034,0.276,0.0139,0.136,0.182,143.532,61,Pop
I’m On Fire,1985,179000,4,0.551,0.873,0,-5.157,0,0.218,0.0347,6.45e-06,0.0997,0.583,119.988,76,Pop
Beautiful Life (feat. Sandro Cavazza),2016,161906,4,0.725,0.523,2,-6.494,0,0.0373,0.141,0.034,0.162,0.326,120.0,48,EDM
Recorda Me,1963,361773,4,0.654,0.444,0,-10.178,1,0.0631,0.954,0.864,0.126,0.624,90.575,36,Jazz
"Guitars,Cadillacs",1986,185239,3,0.581,0.917,9,-3.519,1,0.0746,0.262,0.178,0.141,0.86,171.661,60,Country
Festival 10,1960,179706,4,0.935,0.438,9,-7.56,1,0.0895,0.0863,8.75e-06,0.042,0.441,131.863,2,SKA
On My Knees,1974,299173,4,0.672,0.477,2,-11.737,1,0.0379,0.377,0.187,0.0935,0.907,104.22,16,Blues
Shoot 'Em Down,1982,234000,4,0.514,0.934,9,-5.03,1,0.0839,0.0212,0.0,0.672,0.551,140.963,13,Metal
Human Cannonball,1986,231946,4,0.444,0.702,7,-8.473,1,0.0569,0.00315,0.00107,0.0291,0.473,93.197,36,Punk
Stormy Monday,1969,353760,4,0.676,0.463,5,-5.587,0,0.033,0.000568,0.00232,0.0407,0.208,65.006,2,Blues
Venus,1986,229000,4,0.722,0.961,9,-4.812,1,0.0514,0.0883,0.61,0.278,0.911,126.113,69,Pop
Lucky One,1994,240000,4,0.686,0.571,4,-7.138,1,0.05,0.066,0.0,0.0608,0.538,117.889,63,Pop
"Too Gone,Too Long",1992,282693,4,0.621,0.683,5,-7.488,0,0.0396,0.149,2.87e-06,0.0964,0.684,148.026,26,R&B
Over The Rainbow - Live,1976,362360,3,0.427,0.0649,5,-25.729,1,0.0683,0.993,0.921,0.661,0.331,65.404,24,Jazz
"Working My Way Back to You / Forgive Me,Girl",1979,245479,4,0.837,0.703,9,-9.385,0,0.0415,0.415,2.73e-05,0.153,0.914,121.556,42,R&B
Dueling Banjos,1973,194000,4,0.417,0.484,9,-8.781,1,0.0791,0.409,0.959,0.0663,0.501,149.79,48,Pop
Blaze Of Glory,1990,335000,4,0.55,0.618,7,-9.822,1,0.0307,0.0564,2.62e-05,0.0937,0.429,78.61,62,Pop
I'm Still Missing Your Love,1981,268826,4,0.713,0.928,8,-5.859,0,0.0801,0.0303,0.00131,0.115,0.724,105.955,19,Disco
Don't Let The Man Get You Down,2004,198106,4,0.587,0.747,9,-3.822,1,0.069,0.238,0.0,0.188,0.626,84.772,30,EDM
Go Pato,1995,275400,4,0.793,0.821,4,-7.5,0,0.0454,0.0176,4.59e-06,0.317,0.798,92.836,57,Reggae
Black SpiderMan,2017,331266,4,0.611,0.867,1,-5.298,1,0.0896,0.11,0.000105,0.346,0.336,140.031,48,Rap
The Whole Town's Laughing at Me,1977,289518,3,0.384,0.754,8,-8.389,1,0.0427,0.0174,0.0,0.234,0.52,99.251,9,Disco
Ruby Soho,1995,157586,4,0.502,0.933,7,-6.024,1,0.0499,0.0119,0.00191,0.0835,0.939,161.875,60,SKA
Spectrum,1973,309517,4,0.416,0.809,1,-12.99,1,0.0583,0.056,0.581,0.157,0.849,124.856,29,Funk
Iron Bars,2001,255040,4,0.828,0.709,1,-4.55,1,0.178,0.0338,1.68e-06,0.321,0.817,99.789,34,Reggae
Rescue Me - Remastered,1978,203000,4,0.806,0.741,5,-7.351,0,0.0494,0.225,5.24e-05,0.0568,0.881,106.817,35,Disco
What's Going On,1971,233000,4,0.283,0.716,1,-9.632,0,0.0986,0.447,0.0,0.399,0.828,201.96,69,R&B
All Night Long,1995,384840,4,0.4,0.579,1,-9.356,1,0.0299,0.164,0.898,0.316,0.727,168.428,19,Blues
Don't You Worry Child - Radio Edit,2012,212862,4,0.612,0.84,11,-3.145,0,0.0509,0.112,0.0,0.116,0.438,129.042,81,EDM
Razor Boy,1973,190000,4,0.626,0.434,2,-12.835,1,0.0573,0.801,2.58e-05,0.112,0.544,121.943,41,Rock
Domination,1992,305293,4,0.372,0.888,2,-5.88,1,0.0943,0.000211,0.00442,0.115,0.555,141.374,65,Metal
Miami 2 Ibiza - Swedish House Mafia vs. Tinie Tempah,2010,206460,4,0.736,0.929,7,-5.89,0,0.0674,0.00237,1.11e-05,0.402,0.658,125.03,46,EDM
Pledging My Love,1975,181226,3,0.275,0.317,1,-12.719,1,0.0297,0.257,8.08e-05,0.104,0.356,173.483,35,Folk
When I Come Around,1994,178000,4,0.531,0.909,11,-4.236,1,0.034,0.0175,0.0,0.231,0.814,97.546,80,Alt. Rock
(Poor Mi) Israelites,1969,156786,4,0.801,0.435,10,-9.33,1,0.0448,0.184,0.0,0.0904,0.953,146.459,57,SKA
You Don't Know Me,1962,196426,5,0.237,0.286,0,-12.529,0,0.0313,0.901,0.0,0.103,0.416,83.58,34,R&B
Ascension - Edition I / Pt. 1,1965,1140356,4,0.255,0.829,5,-9.672,0,0.108,0.233,0.00144,0.118,0.346,110.364,25,Jazz
Town Without Pity,1962,174000,3,0.428,0.535,7,-6.423,1,0.0316,0.599,5.08e-05,0.0623,0.68,120.495,40,Pop
Think Of Laura,1984,203000,4,0.505,0.0357,1,-27.683,0,0.0305,0.823,1.12e-06,0.134,0.184,172.064,50,Pop
Runaway Train,1993,266000,4,0.605,0.764,0,-5.833,1,0.0395,0.00588,1.24e-06,0.109,0.487,117.293,69,Pop
Rise,1986,378360,4,0.526,0.873,0,-5.28,1,0.0754,0.00795,7.36e-06,0.339,0.629,86.313,40,Punk
Sweetness,2001,220026,4,0.487,0.898,5,-4.436,1,0.038,0.00305,0.0,0.26,0.597,135.331,68,Alt. Rock
The Chant,1926,195391,4,0.726,0.415,8,-12.995,1,0.0559,0.914,0.875,0.43,0.775,123.925,6,Jazz
(Fuck the) U.S.A.,1981,200240,4,0.282,0.943,0,-9.966,1,0.127,0.000407,0.0,0.106,0.153,137.806,40,Punk
Sam's Place,1967,122373,4,0.643,0.565,9,-8.679,1,0.0288,0.285,0.0,0.059,0.901,90.604,29,Country
Dead Souls - 2007 Remaster,1980,293693,4,0.484,0.962,5,-5.317,1,0.0585,0.0496,0.668,0.116,0.633,116.795,39,Alt. Rock
Everlasting Love,1978,288373,4,0.618,0.368,8,-16.462,0,0.0363,0.769,0.0113,0.122,0.769,164.871,40,Disco
The Prince,1981,199040,4,0.632,0.852,7,-6.134,1,0.0424,0.00386,0.00195,0.0707,0.862,98.346,24,SKA
The New Pollution,1996,219986,4,0.671,0.769,1,-6.529,1,0.0268,0.0287,0.00988,0.32,0.89,131.788,43,Alt. Rock
Mack The Knife,1960,184000,4,0.549,0.529,3,-12.291,0,0.108,0.76,0.0,0.206,0.464,82.755,59,Pop
Young Lover,1990,217693,4,0.832,0.617,6,-7.039,0,0.12,0.0112,3.81e-05,0.0857,0.505,166.361,49,Reggae
Born in Winter,2016,231000,4,0.59,0.654,5,-7.85,0,0.0265,0.0199,0.721,0.107,0.223,127.996,57,Metal
We Care a Lot,1985,243600,4,0.799,0.887,2,-5.775,1,0.0411,0.08,9.58e-05,0.0975,0.9,108.919,55,Metal
She’s Out Of My Life,1980,218000,4,0.293,0.0348,4,-23.92,1,0.0414,0.962,0.000212,0.105,0.101,130.959,57,Pop
On Top Of Old Smoky,1951,163266,3,0.421,0.464,11,-9.033,1,0.0367,0.869,0.0,0.225,0.657,167.947,11,Folk
"Right Here,Right Now",1991,189000,4,0.657,0.608,2,-13.565,1,0.0287,0.0088,3.45e-06,0.103,0.723,106.862,56,Pop
Our Day Will Come,1970,200040,4,0.721,0.601,7,-10.293,1,0.095,0.364,0.204,0.0558,0.803,146.638,13,Reggae
Scream Aim Fire,2008,266440,4,0.359,0.994,2,-4.232,1,0.084,0.000116,5.89e-06,0.0816,0.16,100.146,47,Metal
Need U (100%) (feat. A*M*E) - Radio Edit,2013,174121,4,0.67,0.848,0,-5.103,0,0.0538,0.00172,0.00168,0.385,0.457,124.031,56,EDM
Lochness,2005,809000,4,0.405,0.721,10,-6.619,0,0.0403,0.000781,0.00382,0.214,0.146,129.998,29,Rock
Colors Of The Wind,1995,214000,3,0.307,0.164,1,-17.04,1,0.0457,0.929,0.00111,0.109,0.229,79.101,62,Pop
This Flight Tonight - 1991 Version,1991,216000,4,0.626,0.892,7,-6.908,1,0.0452,0.000863,3.91e-05,0.0855,0.38,127.21,13,Metal
Have You Ever Needed Someone So Bad,1992,324000,4,0.497,0.726,4,-8.335,1,0.0272,0.0489,8.99e-06,0.049,0.735,136.792,52,Pop
I Wanna Be Your Dog,1969,188560,4,0.527,0.871,4,-8.708,1,0.0354,0.0229,0.155,0.419,0.107,120.722,55,Punk
Grimly Fiendish,1985,229600,4,0.694,0.514,2,-12.33,1,0.0264,0.38,7.13e-05,0.131,0.581,135.949,32,Punk
She Thinks I Still Care,1962,154800,4,0.591,0.424,11,-8.512,1,0.0301,0.283,0.0,0.134,0.613,115.01,51,Country
Street Dance,1973,193400,4,0.699,0.769,9,-8.583,1,0.0894,0.0041,0.000237,0.29,0.708,117.171,8,Funk
Southern Rains,1981,153986,4,0.667,0.523,7,-12.147,1,0.0294,0.221,0.0,0.104,0.82,96.967,26,Country
You Can Get Over,1980,300946,4,0.735,0.759,5,-6.823,0,0.138,0.0204,0.0198,0.056,0.856,136.991,14,Disco
Be (Intro),2005,144200,4,0.62,0.755,7,-8.439,0,0.0917,0.225,0.0,0.468,0.191,93.703,53,Rap
Let The Church Say Amen,1978,468280,4,0.334,0.483,1,-8.109,1,0.0844,0.338,1.85e-06,0.152,0.147,147.92,37,Gospel
Laura,1955,163573,4,0.358,0.121,7,-22.752,1,0.0381,0.986,0.927,0.106,0.0636,58.759,39,Jazz
Gee Whiz (LOOK At His Eyes),1961,141000,3,0.228,0.358,5,-7.161,1,0.0306,0.582,2.84e-06,0.129,0.324,179.652,32,Pop
I Miss You,2004,227240,4,0.655,0.781,11,-6.547,1,0.034,0.00103,5.33e-06,0.0867,0.584,110.024,76,Alt. Rock
Mother Earth,1951,159520,4,0.689,0.0693,7,-15.361,1,0.0354,0.962,0.105,0.144,0.324,73.012,31,Blues
Ballerina Girl,1987,217000,4,0.388,0.286,0,-13.287,1,0.0347,0.781,0.0,0.0647,0.26,200.733,53,Pop
Boomer's Story,1972,255360,4,0.58,0.457,7,-10.386,1,0.0422,0.602,0.000272,0.0397,0.621,136.076,23,Blues
The Pill,1975,154800,4,0.7,0.47,5,-6.0,1,0.031,0.687,1.58e-06,0.0616,0.767,78.083,30,Country
Southbound Train,1999,217000,4,0.476,0.831,4,-9.43,1,0.0362,0.0066,0.00048,0.0566,0.746,91.429,3,Rock
Do You Realize??,2002,213173,4,0.464,0.797,0,-5.244,1,0.0333,0.006,0.000304,0.392,0.547,129.964,61,Alt. Rock
NEVER,2018,241682,4,0.594,0.645,1,-7.45,1,0.315,0.0286,1.65e-05,0.0668,0.205,103.973,60,Rap
Rock Me Right,2019,267160,4,0.581,0.723,4,-6.734,1,0.0337,0.00145,0.0104,0.276,0.821,142.572,32,Blues
Rush Over Me (feat. HALIENE),2018,259555,4,0.439,0.749,0,-4.079,1,0.0453,0.0691,0.0,0.027,0.249,135.027,53,EDM
Love and Happiness,1973,199640,4,0.763,0.5,10,-14.389,0,0.15,0.184,0.00235,0.0476,0.614,105.794,39,Disco
War Is My Shepherd,2004,267200,4,0.548,0.972,10,-3.271,0,0.0491,1.38e-05,0.34,0.325,0.429,103.996,46,Metal
Blue Clear Sky,1996,174866,4,0.638,0.819,4,-6.647,1,0.0291,0.202,4.1e-05,0.3,0.706,124.063,66,Country
Youth Gone Wild,1989,198906,4,0.535,0.718,7,-11.276,0,0.044,0.00203,0.000119,0.356,0.628,117.369,68,Metal
Jesus Will Fix It,1988,171826,4,0.7,0.712,1,-6.967,1,0.0978,0.604,0.0,0.156,0.767,123.943,26,Gospel
Mandy,1975,213000,4,0.308,0.464,10,-9.032,1,0.0279,0.418,2.49e-06,0.143,0.318,103.734,67,Pop
Fallin' in Love with a Boy Like You,1977,199000,4,0.76,0.441,1,-14.317,0,0.0689,0.25,0.0149,0.0181,0.96,173.939,15,Disco
Kids on the Street,1981,142200,4,0.393,0.824,2,-7.654,1,0.0598,0.00225,2.05e-05,0.111,0.541,175.872,17,Punk
LUV U NEED U,2018,146709,4,0.774,0.81,1,-2.984,0,0.0734,0.186,0.00949,0.0261,0.975,146.95,49,EDM
I Know What You Want (feat. Flipmode Squad),2003,324306,4,0.648,0.759,6,-4.315,1,0.306,0.0142,0.0,0.648,0.518,85.996,70,Rap
Fantastic Voyage,1980,370893,4,0.816,0.602,7,-11.924,1,0.0755,0.134,4.23e-05,0.152,0.963,114.768,55,Funk
Whiskey River,1973,247239,4,0.581,0.574,7,-9.298,1,0.0405,0.363,0.000902,0.107,0.853,76.915,59,Country
Crazy,1983,228493,4,0.89,0.384,7,-17.147,0,0.0501,0.312,0.00394,0.0825,0.971,125.718,4,Folk
Just A Little,1965,162000,4,0.636,0.788,5,-9.177,0,0.0432,0.0897,0.0,0.286,0.701,125.0,65,Pop
Let’s Hear It For The Boy,1984,262000,4,0.808,0.485,0,-8.829,1,0.056,0.0761,0.00414,0.0477,0.714,122.659,63,Pop
Good Woman Blues,1976,90600,3,0.606,0.674,5,-9.222,1,0.0354,0.548,4.66e-06,0.657,0.822,122.2,21,Country
No More Lies,2003,441000,4,0.23,0.845,5,-5.732,1,0.0547,0.00546,0.00297,0.123,0.214,94.36,27,Rock
I Want To Come Over,1996,324000,4,0.537,0.488,9,-9.874,1,0.0316,0.0631,0.00295,0.108,0.538,113.796,45,Pop
Hold On,1995,227000,4,0.777,0.414,6,-7.44,0,0.0946,0.00421,2.73e-05,0.0724,0.287,100.002,71,Pop
One Finger Snap - Remastered,1963,441386,4,0.472,0.8,5,-8.427,0,0.0694,0.624,0.00153,0.321,0.731,136.898,28,Jazz
Rat Race,1980,189333,4,0.521,0.796,1,-9.309,0,0.0592,0.396,0.000257,0.343,0.876,149.487,47,Punk
Art-I-Ficial,1978,204893,4,0.454,0.947,2,-3.711,0,0.127,0.0693,0.00165,0.0972,0.743,158.93,26,Punk
A Song For Mama,1997,303373,4,0.569,0.44,7,-8.948,1,0.0349,0.467,0.0,0.143,0.148,75.001,49,R&B
We Can’t Be Friends,1999,222000,4,0.582,0.285,5,-8.632,1,0.0352,0.855,0.0,0.0797,0.362,115.857,56,Pop
9 To 5,1981,162000,4,0.554,0.783,6,-5.852,1,0.0457,0.416,1.54e-06,0.631,0.813,105.39,80,Pop
Goodbye Pork Pie Hat (Live at the Royal Festival Hall 1968 with Intro),1969,228666,3,0.446,0.153,2,-23.719,1,0.038,0.757,0.827,0.639,0.16,99.643,22,Folk
Crucible (Remastered),2002,278240,4,0.478,0.878,0,-5.475,1,0.0398,8.64e-06,0.0936,0.0778,0.173,89.988,8,Metal
Amazing Grace,2001,266173,3,0.326,0.508,4,-9.494,0,0.0351,0.402,0.0104,0.118,0.277,170.281,28,Gospel
Chop Suey!,2001,210240,4,0.417,0.934,7,-3.908,0,0.119,0.000278,0.0015,0.132,0.287,127.066,84,Metal
Ray Of Light,1998,322000,4,0.57,0.907,3,-7.822,1,0.0302,0.00111,0.618,0.0642,0.7,127.183,59,Pop
Your House,1980,222600,4,0.707,0.716,10,-8.962,0,0.0879,0.057,4.25e-06,0.36,0.966,154.118,50,Reggae
I'm Gonna Be Ready,2005,338493,3,0.577,0.369,10,-6.459,1,0.0401,0.57,0.0,0.0978,0.1,121.897,49,Gospel
Is You Is Or Is You Ain't (My Baby),1944,163733,4,0.804,0.128,8,-16.452,1,0.0733,0.877,7.53e-06,0.173,0.61,139.059,27,R&B
Mambo No. 5,1999,220000,4,0.622,0.807,5,-6.752,0,0.408,0.103,0.0,0.306,0.892,174.06,77,Pop
She’s Gone,1976,226000,4,0.534,0.943,1,-4.812,0,0.0496,0.000215,0.794,0.0929,0.375,134.004,78,Pop
Good Lovin’,1966,150000,4,0.252,0.507,2,-13.337,1,0.0442,0.00206,0.00057,0.325,0.816,196.494,52,Pop
I'm Broken,1994,264800,4,0.419,0.878,7,-6.352,1,0.0553,0.000594,0.559,0.139,0.666,147.385,67,Metal
Numb,2003,187520,4,0.488,0.87,6,-4.185,0,0.0421,0.00353,0.0,0.484,0.211,110.072,84,Alt. Rock
Two Hearts,1989,194000,4,0.2,0.964,0,-3.691,1,0.116,0.000504,2.47e-06,0.936,0.231,147.324,31,Pop
Sweet Home Chicago,1967,256533,4,0.578,0.504,9,-14.441,1,0.0408,0.457,0.0041,0.0942,0.741,117.375,34,Blues
Bony Moronie - Remastered 2010,1975,230000,4,0.644,0.902,2,-8.375,1,0.0285,0.428,0.474,0.135,0.963,104.7,23,Rock
Dance Crasher,1970,161106,4,0.733,0.652,7,-7.585,1,0.0325,0.106,0.000781,0.218,0.968,121.912,30,SKA
Start Today,1988,123706,4,0.53,0.944,11,-6.321,1,0.0611,0.000178,0.00156,0.0529,0.431,106.908,41,Punk
Jumpin' At The Woodside,1938,190026,4,0.763,0.565,2,-12.107,1,0.0679,0.885,0.583,0.0912,0.696,118.274,35,Jazz
Home Sweet Home,1985,239000,4,0.397,0.776,5,-6.339,1,0.0381,0.0983,4.09e-06,0.189,0.127,76.301,68,Metal
Love Theme From “ROMEO And Juliet”,1969,224000,3,0.236,0.224,7,-13.578,0,0.0378,0.835,0.843,0.232,0.0767,75.826,38,Pop
Do You Wanna Make Love,1977,310000,4,0.626,0.746,7,-8.832,1,0.0282,0.16,0.0,0.0618,0.8,102.896,66,Pop
Eli’s Coming,1970,161000,4,0.33,0.771,9,-7.059,0,0.102,0.398,0.00283,0.198,0.44,167.128,27,Pop
I've Got a Woman,1954,171466,4,0.556,0.61,9,-4.729,1,0.213,0.833,2.22e-06,0.258,0.665,199.373,67,R&B
Homicide (feat. Eminem),2019,245386,4,0.695,0.758,10,-5.667,0,0.398,0.137,0.0,0.167,0.769,140.056,68,Rap
Spiders,1998,215440,4,0.46,0.54,5,-5.132,1,0.0381,0.0324,0.0168,0.326,0.0506,137.855,68,Alt. Rock
Tell Me Something Good,1974,220106,4,0.54,0.724,6,-6.438,0,0.0972,0.0499,9.99e-06,0.394,0.726,154.823,30,Funk
goosebumps,2016,243836,4,0.841,0.728,7,-3.37,1,0.0484,0.0847,0.0,0.149,0.43,130.049,86,Rap
No Depression In Heaven,1936,173706,4,0.505,0.276,3,-11.506,1,0.0434,0.978,1.91e-06,0.171,0.29,162.687,9,Country
Come Together,2017,193714,4,0.447,0.788,2,-4.994,0,0.0464,0.00257,1.68e-05,0.0744,0.505,80.04,60,Blues
Rudie Can't Fail,1979,209133,4,0.642,0.706,6,-8.302,0,0.0476,0.00183,1.05e-06,0.156,0.702,96.989,31,Alt. Rock
Pretty Mama Blues,1956,158573,4,0.358,0.41,3,-12.98,1,0.0736,0.724,0.173,0.0856,0.59,64.947,1,R&B
Things,1962,203000,4,0.659,0.683,3,-5.623,1,0.0312,0.513,4.93e-06,0.133,0.397,139.931,71,Pop
Liar,1995,156030,4,0.46,0.918,0,-5.787,1,0.0374,0.00236,0.186,0.065,0.559,136.481,29,Punk
I Don’t Ever Want To See You Again,1998,345000,3,0.607,0.497,11,-7.017,1,0.0374,0.38,0.0,0.0681,0.407,125.951,49,Pop
Santy Anno,1963,115960,4,0.533,0.335,10,-6.605,0,0.0296,0.806,0.00226,0.104,0.878,127.243,13,Folk
Best Day Ever,2011,159119,4,0.224,0.572,9,-4.531,1,0.0461,0.0401,0.0,0.216,0.0681,174.926,59,Rap
Saints An' Sinners,1982,262000,4,0.285,0.775,9,-12.371,1,0.0393,0.0167,0.00116,0.227,0.722,188.214,14,Rock
Scratch the Surface,1994,165720,4,0.348,0.988,7,-3.108,0,0.0962,3.29e-06,0.13,0.134,0.573,170.835,40,Punk
What Can I Do For You?,1978,242760,4,0.683,0.652,4,-11.093,0,0.0484,0.456,0.0,0.0908,0.883,114.375,18,Disco
The Hunter,1985,248173,4,0.542,0.896,7,-8.978,1,0.0488,0.0173,2.24e-05,0.317,0.457,105.787,42,Metal
St. Elmo’s Fire (MAN In Motion),1985,251000,4,0.612,0.6,9,-10.945,1,0.0327,0.15,3.04e-06,0.222,0.471,111.203,65,Pop
She’s A Woman,1965,201000,3,0.292,0.324,3,-11.996,1,0.0346,0.797,0.000473,0.12,0.384,176.631,75,Pop
Brown Sugar,1971,228000,4,0.633,0.934,0,-3.594,1,0.0344,0.219,0.00021,0.0592,0.963,128.602,67,Pop
Lady,1995,346266,4,0.815,0.365,8,-11.835,0,0.0875,0.14,0.0258,0.121,0.721,84.9,58,R&B
Sober,2014,252013,4,0.701,0.591,0,-6.646,1,0.0301,0.0979,2.53e-05,0.551,0.423,98.056,69,Rap
Highway 61 Revisited - Live in California - September 1975,1975,303520,4,0.35,0.617,2,-7.556,1,0.0305,0.000311,0.00384,0.283,0.429,148.977,30,Blues
Rock Island Line,1950,141992,4,0.569,0.529,7,-11.907,1,0.226,0.966,7.39e-05,0.699,0.75,161.441,4,Folk
Everybody's Blues,1962,256106,4,0.5,0.202,8,-15.274,1,0.0398,0.853,0.154,0.109,0.244,77.577,0,Jazz
Casanova,1987,262000,4,0.711,0.844,4,-3.927,0,0.0891,0.0447,1.18e-05,0.0672,0.802,92.956,55,Pop
She Works Hard For The Money,1983,320840,4,0.758,0.638,8,-13.01,0,0.0378,0.00486,0.0141,0.0938,0.984,136.503,58,R&B
Cirice,2015,362093,4,0.555,0.798,3,-5.658,1,0.0279,0.00254,1.59e-05,0.171,0.284,89.99,58,Metal
Tear It Down,1974,330906,4,0.461,0.353,1,-12.686,1,0.0366,0.464,0.0013,0.253,0.26,135.879,25,Disco
How Soon Is Now? - 2011 Remaster,1985,408173,4,0.398,0.93,11,-6.76,1,0.0615,0.000854,0.121,0.0874,0.725,190.818,71,Alt. Rock
Jungle Lion,1977,205373,4,0.769,0.922,8,-5.572,0,0.263,0.473,0.719,0.173,0.848,93.73,30,Reggae
Three Little Birds,1977,180266,4,0.826,0.49,9,-10.477,1,0.0676,0.00916,4.41e-06,0.0415,0.627,74.128,80,Reggae
Keep Ya Head Up,1994,262000,4,0.598,0.732,4,-7.013,1,0.425,0.144,0.0,0.508,0.595,172.329,68,Pop
Live Like You Were Dying,2004,300333,4,0.416,0.546,7,-7.728,1,0.0297,0.492,0.0,0.0845,0.418,159.929,67,Country
We Must Bleed,1979,185266,4,0.295,0.968,11,-7.587,0,0.0731,2.27e-05,0.502,0.371,0.256,108.991,34,Punk
Core,2017,236800,3,0.533,0.949,0,-3.902,1,0.0563,0.00167,0.923,0.309,0.616,149.966,46,EDM
Meet In the Middle,1991,198333,4,0.746,0.443,4,-11.305,1,0.0359,0.663,0.0,0.223,0.554,91.11,66,Country
Rhythm Of The Night,1985,264000,4,0.688,0.782,5,-12.291,0,0.034,0.000235,0.666,0.0955,0.77,127.822,58,Pop
Couch Slouch,1983,82120,4,0.179,0.979,10,-7.735,1,0.155,7.67e-05,0.416,0.155,0.0491,136.812,29,Punk
Right Here (HUMAN Nature Remix),1993,298000,4,0.686,0.63,7,-9.459,1,0.0577,0.00192,0.559,0.0947,0.53,94.061,30,Pop
Walking By Myself,1990,175866,4,0.531,0.51,4,-13.928,1,0.0481,0.178,8.7e-05,0.282,0.8,128.427,47,Blues
Man Next Door (feat. Santigold),2010,271618,4,0.599,0.895,9,-4.598,0,0.102,0.0052,0.0,0.495,0.7,141.512,28,Reggae
Dragula,1998,222826,4,0.59,0.963,0,-6.489,0,0.0676,8.75e-05,0.000105,0.0781,0.586,125.033,78,Metal
This One’s For The Children,1990,189000,4,0.815,0.105,0,-20.005,1,0.257,0.99,0.934,0.113,0.543,96.86,11,Pop
I Got The Feelin’,1968,289000,4,0.744,0.766,0,-6.375,1,0.0265,0.0873,0.0,0.509,0.61,127.966,76,Pop
Touch Me (ALL Night Long),1991,209000,4,0.655,0.776,10,-10.298,0,0.0326,0.00326,0.081,0.307,0.454,118.01,40,Pop
"Shake,Rattle and Roll",1954,179626,4,0.612,0.584,8,-6.296,1,0.0623,0.788,3.13e-06,0.193,0.845,154.704,43,R&B
I Want To (Do Everything For You),1965,127822,4,0.477,0.551,2,-11.344,1,0.0914,0.71,0.0,0.509,0.945,131.938,8,Funk
Easy's Gettin' Harder Every Day,1994,301826,4,0.431,0.0437,0,-14.377,1,0.0355,0.902,1.88e-05,0.103,0.375,79.742,22,Folk
If I Were a Carpenter,1972,182360,4,0.755,0.748,0,-6.138,1,0.0559,0.181,3.2e-05,0.216,0.728,75.698,22,Reggae
Bad Luck (feat. Teddy Pendergrass),1975,386426,4,0.611,0.634,9,-12.988,1,0.1,0.0226,0.0,0.145,0.577,118.986,40,R&B
Slide,1998,212066,4,0.395,0.843,8,-4.476,1,0.0374,0.00483,0.0,0.0404,0.481,112.423,74,Alt. Rock
Where Is My Mind?,1988,229226,4,0.513,0.442,4,-13.529,1,0.0343,0.00731,0.000838,0.0878,0.243,81.201,73,Alt. Rock
House Cat,2017,154687,4,0.772,0.523,11,-7.041,0,0.0945,0.14,0.725,0.0849,0.613,99.041,35,Funk
Stupify,2000,274000,4,0.597,0.939,1,-3.001,1,0.0446,0.00108,9.77e-05,0.201,0.422,98.0,52,Metal
Bubbles,1980,223146,4,0.341,0.845,2,-5.314,1,0.0762,0.00437,0.0,0.617,0.269,159.736,6,Punk
That's Why I Dream,1956,164306,4,0.35,0.265,1,-8.838,1,0.0295,0.95,0.0,0.165,0.392,69.271,11,R&B
"Don’t Call Us,We’ll Call You",1975,230000,4,0.221,0.954,8,-5.457,1,0.143,0.00263,9.57e-05,0.341,0.19,150.978,0,Pop
Family Affair (feat. Leon Huff),1973,261533,4,0.749,0.723,2,-8.447,0,0.037,0.192,0.897,0.0734,0.935,120.908,21,Disco
You're Still a Young Man,1972,337040,3,0.447,0.449,3,-9.206,1,0.0333,0.234,0.0,0.229,0.527,114.36,46,Funk
Impulsive,1991,116000,4,0.612,0.885,11,-5.776,1,0.0396,0.0502,0.386,0.121,0.319,115.01,57,Pop
Never Would Have Made It,2007,415133,4,0.338,0.559,0,-7.053,1,0.118,0.252,0.0,0.38,0.276,168.489,55,Gospel
Back 2 Good,1999,340000,4,0.559,0.504,7,-9.455,1,0.0246,0.106,0.0,0.13,0.479,89.051,54,Pop
She Don't Love Poor Me,1986,357053,4,0.385,0.717,8,-8.539,1,0.075,0.156,0.00322,0.062,0.711,99.703,0,Blues
Body And Soul,1957,195360,4,0.327,0.0352,8,-21.129,1,0.0356,0.965,5.14e-06,0.102,0.0721,99.383,32,Jazz
Old-Fangled Thing,2024,248000,4,0.274,0.979,0,-1.4,1,0.0674,0.00791,2.63e-05,0.318,0.437,177.734,27,Rock
My Lonesome Only Friend,2009,243333,4,0.332,0.858,9,-7.569,0,0.115,0.00168,0.00109,0.108,0.215,92.183,22,SKA
Mr. Lonely,1965,180000,4,0.589,0.878,4,-4.493,1,0.0359,0.0247,1.07e-05,0.285,0.836,149.987,54,Pop
Day by Day (Live),1994,244933,4,0.351,0.338,10,-15.032,1,0.0553,0.196,0.0,0.672,0.413,73.313,33,Gospel
Ain't That A Lot Of Love - Remastered 2018,2018,229640,4,0.584,0.852,9,-6.749,1,0.107,0.116,2.52e-05,0.719,0.706,138.604,30,Blues
Crazy Horse,2003,243664,4,0.498,0.989,2,-3.62,1,0.138,0.0116,0.0024,0.276,0.0583,94.542,35,Metal
Didn't I (Blow Your Mind This Time),1969,201066,4,0.484,0.59,9,-6.663,1,0.0283,0.795,0.00306,0.155,0.324,140.588,52,R&B
Window Seat,2010,289720,4,0.643,0.535,0,-6.795,0,0.0941,0.648,0.00213,0.0766,0.564,82.193,57,R&B
Going Bad (feat. Drake),2018,180522,4,0.889,0.496,4,-6.365,0,0.0905,0.259,0.0,0.252,0.544,86.003,76,Rap
Almost Easy,2007,234093,4,0.378,0.959,6,-4.615,1,0.062,3.56e-05,0.000138,0.102,0.338,174.932,66,Metal
Jambi,2006,448613,3,0.475,0.831,9,-7.419,0,0.0505,0.000145,0.854,0.346,0.521,110.42,62,Metal
Call On Me - Radio Edit,2004,169426,4,0.606,0.847,10,-5.96,1,0.403,0.00553,0.00169,0.819,0.483,126.257,60,EDM
Vasoline,1994,174760,4,0.296,0.989,10,-4.945,1,0.111,0.00141,0.000167,0.0911,0.324,168.894,43,Alt. Rock
Just One Of Those Days,2005,233266,4,0.708,0.604,0,-5.78,1,0.157,0.0379,0.0,0.0487,0.523,148.008,49,Reggae
The Way Up: Opening & Part One,2005,1904453,4,0.407,0.41,0,-13.163,1,0.0332,0.653,0.512,0.102,0.156,124.867,27,Jazz
Decision At Midnight,1987,219533,4,0.571,0.647,0,-12.768,1,0.0797,0.238,0.000299,0.186,0.834,175.492,11,SKA
Do You Want To Know A Secret,1964,117000,4,0.673,0.349,4,-12.414,1,0.0368,0.608,0.0,0.38,0.609,124.451,62,Pop
No Rewind!,1999,157880,4,0.799,0.874,0,-6.553,1,0.0313,0.0345,0.00017,0.0981,0.969,135.054,29,SKA
White Noise,2012,277520,4,0.682,0.845,10,-6.17,0,0.0509,0.0102,0.000108,0.345,0.874,119.966,53,EDM
Softly As In A Morning Sunrise,1962,209400,4,0.634,0.327,0,-9.703,0,0.0551,0.709,0.0131,0.158,0.498,80.825,44,Jazz
Waiting For Love,2015,230613,4,0.579,0.736,6,-3.863,0,0.0527,0.31,0.0,0.198,0.613,127.999,80,EDM
Mr. Music Man,1975,249840,4,0.545,0.839,7,-9.837,1,0.0416,0.416,0.446,0.311,0.829,91.478,1,Disco
Time After Time,1983,235000,4,0.567,0.773,9,-9.787,1,0.0301,0.529,0.0014,0.234,0.912,126.395,22,Rock
Overkill,1979,313520,4,0.27,0.886,11,-6.9,1,0.117,7.62e-06,0.0258,0.0899,0.19,119.283,57,Metal
Rapper's Ball (feat. Too $hort & K-Ci),1996,327266,4,0.854,0.448,1,-4.254,1,0.249,0.0156,0.0,0.0911,0.498,89.079,41,Rap
Here I Am To Worship,2012,221733,4,0.275,0.366,10,-10.305,1,0.0361,0.757,0.0,0.121,0.12,122.16,50,Gospel
Give Me One Reason,1995,268333,4,0.608,0.419,11,-10.016,1,0.0331,0.602,7.58e-06,0.108,0.602,100.22,73,Folk
Don't Stop Me Now,1982,171680,4,0.556,0.986,5,-3.667,1,0.205,0.147,0.0,0.0905,0.301,97.592,38,Punk
All By Myself,1997,312000,4,0.344,0.325,11,-10.005,0,0.0287,0.35,0.0223,0.0686,0.0775,118.515,69,Pop
Say It Loud – I’m Black And I’m Proud,1968,167000,4,0.851,0.66,3,-6.323,1,0.193,0.386,0.00235,0.0449,0.926,115.086,38,Pop
Lock Me Up,1987,203000,4,0.438,0.945,6,-8.351,0,0.107,0.016,8.13e-06,0.0881,0.233,143.404,28,Rock
Kingston Be Wise,2013,251204,4,0.782,0.744,7,-6.164,1,0.0806,0.0552,1.42e-05,0.701,0.7,81.067,47,Reggae
I'm Still Here,1988,278693,3,0.617,0.515,10,-10.205,1,0.0381,0.702,0.0,0.109,0.517,119.283,26,Gospel
Again,1993,193000,4,0.664,0.738,9,-4.095,0,0.0338,0.188,5.75e-05,0.135,0.203,119.973,76,Pop
Straight From The Heart,1981,277320,4,0.536,0.303,2,-11.002,1,0.0251,0.743,1.09e-06,0.159,0.533,141.128,43,Funk
I Had Too Much To Dream (LAST Night),1967,179000,4,0.358,0.554,2,-12.927,0,0.0381,0.354,1.3e-06,0.218,0.419,147.743,46,Pop
Little Bitch,1980,151933,4,0.683,0.89,7,-9.187,0,0.0468,0.118,0.000973,0.0474,0.96,80.599,22,Punk
Open My Heart,2005,340040,4,0.414,0.402,10,-8.911,0,0.0427,0.7,0.0,0.363,0.171,105.368,49,Gospel
Her Black Wings,1990,287240,4,0.585,0.671,4,-10.897,1,0.0466,0.0118,8.12e-05,0.104,0.49,146.287,45,Metal
Master and Servant,1984,252866,4,0.62,0.916,10,-8.306,0,0.0515,0.0151,0.00228,0.0633,0.799,127.778,48,Alt. Rock
Keep A Lid On Things,1992,165600,4,0.568,0.726,9,-9.01,1,0.185,0.0614,0.000174,0.151,0.744,166.409,29,Alt. Rock
Lady,1980,301720,4,0.508,0.383,5,-8.346,1,0.0596,0.36,7.97e-05,0.0684,0.745,68.188,42,Disco
Pac-Man Fever,1982,229000,4,0.802,0.831,10,-6.743,1,0.0627,0.485,0.000121,0.302,0.888,141.553,34,Pop
Baby Let Me Take You (In My Arms),1973,230368,4,0.683,0.482,6,-9.147,0,0.034,0.233,0.000249,0.0639,0.552,81.473,41,Disco
I Got My Mojo Working,1966,212813,4,0.636,0.84,2,-8.965,1,0.0415,0.816,0.00286,0.425,0.887,141.878,32,Blues
Take Good Care Of Her,1969,149560,3,0.378,0.253,8,-12.243,1,0.036,0.912,0.0,0.109,0.423,100.053,34,Country
We Vibrate,1979,128653,4,0.447,0.948,6,-4.995,0,0.05,0.176,0.00145,0.554,0.966,158.308,23,Punk
Clap For The Wolfman,1974,256000,4,0.462,0.693,4,-11.758,1,0.0555,0.377,2.98e-06,0.575,0.851,180.671,37,Pop
Take Hold Of The Flame,1986,297000,4,0.338,0.627,9,-11.378,0,0.0351,0.0271,5.82e-06,0.127,0.179,110.692,25,Metal
I Wanna Love Him So Bad,1964,167000,4,0.512,0.604,1,-6.008,1,0.113,0.433,1.86e-06,0.0757,0.564,121.899,15,Pop
Massachusetts,1940,195333,4,0.641,0.443,10,-9.846,1,0.042,0.974,0.275,0.233,0.825,157.443,31,Jazz
Hey Joe,1953,150040,4,0.73,0.712,2,-6.718,1,0.0352,0.329,1.09e-05,0.12,0.474,110.153,27,Country
Rainy Day Women,1966,274000,4,0.556,0.592,5,-7.378,1,0.0337,0.458,0.0,0.0637,0.587,94.887,43,Pop
Change,1980,246853,4,0.427,0.873,5,-7.569,1,0.0595,0.00061,0.481,0.757,0.569,141.398,8,Punk
All I Have To Give,1999,276000,4,0.731,0.574,1,-7.114,1,0.029,0.0648,0.0,0.0675,0.393,95.995,48,Pop
Lately,1993,77000,4,0.751,0.503,1,-10.419,0,0.0962,0.218,0.00486,0.136,0.17,100.016,53,Pop
Good Life (with G-Eazy & Kehlani),2018,225525,4,0.565,0.771,1,-5.22,1,0.213,0.00464,0.0,0.0568,0.573,168.385,55,Rap
The World (Is Going Up in Flames),2011,202492,4,0.715,0.6,5,-7.728,0,0.0264,0.0714,0.00165,0.0876,0.77,86.998,59,Funk
Give Me One Reason,1996,268000,4,0.608,0.419,11,-10.016,1,0.0331,0.602,7.58e-06,0.108,0.602,100.22,74,Pop
All I Need,1985,228000,4,0.67,0.478,4,-8.689,0,0.0355,0.531,0.428,0.138,0.0997,88.014,71,Pop
Tennessee Waltz,1971,188746,3,0.465,0.286,9,-15.019,1,0.0349,0.707,0.00327,0.778,0.501,136.492,15,Folk
Love I Can Feel,1972,204560,4,0.869,0.615,3,-8.59,0,0.0479,0.169,2.8e-06,0.0707,0.922,139.206,21,Reggae
Take Warning - 2007 Remaster,2007,164200,4,0.64,0.725,1,-4.821,0,0.0445,0.221,4.51e-05,0.106,0.682,85.151,43,SKA
Heartbreak Beat,1987,309360,4,0.542,0.691,7,-11.094,1,0.0366,0.162,0.000133,0.085,0.678,122.719,37,Alt. Rock
Stuff Like That,1978,378173,4,0.823,0.84,2,-7.438,1,0.0349,0.21,0.0022,0.0614,0.949,120.955,33,Jazz
Stand Up,1979,242000,4,0.685,0.69,2,-12.161,0,0.0334,0.0546,0.00438,0.0813,0.922,131.148,17,Rock
Fading Like A Flower (EVERY Time You Leave),1991,230000,4,0.609,0.668,0,-5.738,1,0.026,0.195,0.0,0.219,0.319,105.419,45,Pop
The Language Of Love,1984,168000,4,0.674,0.914,6,-4.923,1,0.0353,0.187,0.839,0.283,0.446,120.041,31,Pop
Could It Be I’m Falling in Love,1972,249733,4,0.382,0.727,9,-6.677,0,0.0861,0.729,0.0,0.196,0.826,207.266,19,R&B
Poison,1995,402466,4,0.56,0.95,11,-5.99,0,0.129,0.0498,0.0864,0.124,0.228,103.993,29,EDM
Spotlight,2018,177600,4,0.546,0.822,7,-4.483,1,0.151,0.0145,0.0,0.742,0.615,150.06,70,EDM
I’m Your Boogie Man,1977,242000,4,0.753,0.753,5,-13.023,0,0.0436,0.0144,4.43e-05,0.0711,0.913,113.068,52,Pop
Sands Of Time - Radio Mix - Bonus Track,2019,380000,4,0.419,0.956,2,-2.797,1,0.0459,0.00122,0.00276,0.234,0.552,93.015,9,Rock
Minor Threat,1981,89160,4,0.272,0.909,2,-7.476,1,0.0529,0.00145,0.00221,0.207,0.947,166.453,58,Punk
Yes We Can Can,1973,361600,4,0.782,0.506,5,-13.282,1,0.267,0.0267,0.00268,0.0899,0.784,88.87,31,Disco
I Like Girls,1983,227946,5,0.716,0.928,5,-7.757,0,0.0923,0.0308,0.115,0.168,0.869,104.129,22,Disco
Take Me There,1999,243000,3,0.401,0.872,0,-4.91,1,0.117,0.215,0.00104,0.292,0.642,78.443,43,Pop
Pale Blue Eyes,1969,339533,4,0.637,0.107,5,-18.759,1,0.0349,0.911,0.00146,0.103,0.296,82.879,64,Alt. Rock
Bouquet of Roses,1948,152733,4,0.565,0.236,2,-11.829,1,0.0313,0.937,0.0,0.127,0.68,68.014,27,Country
Don’t Bring Me Down,1979,196000,4,0.53,0.789,10,-5.662,1,0.046,0.357,0.0836,0.121,0.784,116.82,40,Pop
Detroit City,1968,197973,4,0.488,0.574,9,-7.728,1,0.0355,0.912,0.0678,0.232,0.599,113.635,4,Country
Hallelujah Anyway - Larse VIP,1979,231167,4,0.758,0.64,9,-7.338,1,0.0445,0.0196,0.0459,0.0915,0.241,121.994,40,Disco
What Have You Done For Me Lately,1986,299000,4,0.846,0.396,1,-12.408,1,0.0677,0.0157,0.0116,0.0656,0.841,114.045,48,Pop
Love & War - Yellow Claw G-Funk Remix,2014,115546,4,0.725,0.74,8,-5.08,1,0.0323,0.00156,0.000464,0.338,0.827,92.978,58,EDM
Angels Don't Kill - Live in London,2007,351400,4,0.258,0.903,5,-4.125,1,0.044,0.000597,0.0373,0.655,0.259,92.581,3,Metal
Out Of Touch,1985,249000,4,0.806,0.649,9,-9.004,0,0.0347,0.0391,5.55e-05,0.0557,0.897,114.834,65,Pop
Stranger Than Fiction,1994,140306,4,0.349,0.972,11,-7.298,1,0.0469,0.0726,7.26e-05,0.336,0.791,165.604,42,Punk
I Found U - Radio Edit,2013,171680,4,0.67,0.962,4,-6.972,0,0.0716,0.0683,0.00919,0.595,0.227,129.978,25,EDM
I Was A Teenage Werewolf - Remastered,2006,183866,4,0.412,0.601,2,-10.493,1,0.0536,0.000866,0.0466,0.321,0.49,114.537,50,Punk
Feeling Alright,2012,266400,4,0.836,0.584,7,-8.219,1,0.0793,0.0387,0.0,0.102,0.68,134.204,63,Reggae
Suicide Solution,1980,258078,4,0.435,0.869,2,-4.545,1,0.0421,0.141,1.58e-05,0.231,0.534,107.649,48,Metal
You Were On My Mind,1962,167000,4,0.519,0.535,5,-13.214,1,0.0318,0.763,0.0,0.135,0.888,140.402,26,Folk
Celebrate the Bullet,1981,274987,4,0.734,0.359,11,-16.294,1,0.0322,0.0114,2.16e-06,0.0778,0.833,101.77,28,SKA
See Saw,1958,145466,4,0.791,0.487,4,-8.184,0,0.0335,0.411,0.0,0.0834,0.688,102.82,10,R&B
"Gypsys,Tramps & Thieves",1971,158000,4,0.476,0.677,0,-11.175,1,0.0365,0.211,0.0,0.0601,0.691,170.879,56,Pop
Demigod,2004,213293,4,0.271,0.981,1,-6.071,1,0.455,8.7e-05,0.768,0.0613,0.0697,128.077,38,Metal
Anyone Who Had A Heart,1964,346000,3,0.404,0.204,1,-15.244,1,0.0384,0.676,2.41e-05,0.109,0.191,113.797,40,Pop
Turn It Out,1988,294200,4,0.747,0.868,0,-9.911,1,0.057,0.00754,0.00228,0.077,0.853,128.028,17,R&B
Songbird,1998,224573,4,0.384,0.225,7,-12.159,1,0.0281,0.851,0.00547,0.13,0.154,153.488,56,Folk
When I Say,1997,327000,4,0.536,0.372,2,-9.254,1,0.0273,0.598,0.000155,0.331,0.217,83.167,6,Rock
Broken Wings,1986,343000,4,0.286,0.5,1,-14.281,0,0.0357,0.134,4.57e-05,0.108,0.443,99.162,70,Pop
Flip Flop and Fly,1955,375213,4,0.568,0.631,5,-10.63,1,0.0545,0.934,0.021,0.778,0.869,102.248,2,R&B
The Year That Clayton Delaney Died,1971,164720,1,0.628,0.433,1,-10.876,1,0.029,0.686,4.93e-06,0.0932,0.858,133.088,52,Country
Ain't it a crying shame ?,1937,186986,4,0.591,0.245,9,-13.787,1,0.0817,0.992,0.00423,0.0921,0.484,96.996,0,Blues
Are You In?,2001,264200,4,0.526,0.587,2,-8.733,1,0.039,0.24,0.243,0.886,0.364,93.986,58,Alt. Rock
Animal,1987,244000,4,0.583,0.921,11,-5.215,1,0.0468,0.00153,0.0178,0.188,0.613,119.526,67,Metal
Tossin’ And Turnin’,1961,254000,4,0.434,0.902,3,-2.435,1,0.0787,0.266,0.0,0.175,0.657,71.814,38,Pop
Expressway To Your Heart,1967,138000,4,0.507,0.401,11,-10.962,1,0.045,0.177,2.38e-05,0.252,0.558,105.067,36,Pop
The Greatest Man That Ever Lived (Variations On A Shaker Hymn),2008,352200,4,0.321,0.682,8,-8.347,1,0.0609,0.0541,0.0,0.461,0.356,151.692,36,Alt. Rock
All I Need,1967,228000,4,0.67,0.478,4,-8.689,0,0.0355,0.531,0.428,0.138,0.0997,88.014,71,Pop
Silhouettes,1965,211000,4,0.605,0.8,5,-6.235,0,0.0545,0.155,0.0562,0.121,0.836,128.074,65,Pop
Stronger,2008,311866,4,0.617,0.716,1,-7.858,1,0.136,0.0056,0.0,0.408,0.496,104.014,80,Rap
"Beer,Beer,Beer",1960,120000,4,0.7,0.633,2,-11.718,1,0.325,0.77,0.0,0.0943,0.842,128.115,40,Folk
See No Evil,1977,232960,4,0.398,0.782,7,-7.944,1,0.0322,0.0224,0.0684,0.0912,0.806,144.965,47,Punk
Gitarzan,1969,187000,3,0.401,0.8,7,-8.424,1,0.14,0.484,0.0,0.943,0.696,93.627,30,Pop
I Saw Her Again,1966,193000,4,0.476,0.86,1,-5.976,0,0.0331,0.171,0.0309,0.235,0.894,121.715,47,Pop
Shop Around,1961,170000,4,0.552,0.7,7,-4.533,1,0.0295,0.809,0.0,0.805,0.901,132.005,47,Pop
Equal Rights,1970,142000,4,0.808,0.63,9,-6.707,1,0.0461,0.449,0.251,0.149,0.96,77.165,6,Reggae
More Than A Feeling,1977,285000,4,0.377,0.681,7,-8.039,1,0.0298,0.00088,0.0023,0.0504,0.285,108.789,80,Pop
"Easy Come,Easy Go",1970,184000,4,0.811,0.371,2,-14.992,1,0.0328,0.584,0.0019,0.062,0.745,106.682,52,Pop
Forty Six & 2,2001,363066,4,0.375,0.682,0,-6.898,0,0.0364,0.00152,0.598,0.0897,0.396,159.23,68,Metal
Hersham Boys (1979 Version),1979,203813,4,0.401,0.925,11,-5.763,1,0.0667,0.11,0.0,0.917,0.647,148.827,17,Punk
Brothers Of Metal (Part 1),1982,234640,3,0.566,0.917,4,-6.385,0,0.0615,5.54e-05,0.0725,0.206,0.554,164.297,45,Metal
Why Have I Lost You,1978,314466,4,0.619,0.359,7,-12.604,1,0.111,0.271,0.0,0.111,0.571,134.28,36,Funk
Soldier Of Love,1989,174000,4,0.55,0.777,4,-7.299,1,0.0382,0.143,7.46e-06,0.981,0.751,116.14,58,Pop
Kaw-Liga,1980,264600,4,0.744,0.755,11,-10.706,0,0.0481,0.365,0.0159,0.0706,0.72,105.169,48,Country
Give Me Back My Wig,1971,215800,4,0.642,0.708,9,-13.402,1,0.0543,0.0346,0.0103,0.0844,0.775,108.143,40,Blues
Inside My Brain,1982,96133,4,0.491,0.838,11,-9.956,1,0.252,0.16,0.0,0.0588,0.413,102.47,22,Punk
Harvest,2001,361466,4,0.501,0.686,4,-6.457,0,0.0246,0.0405,0.014,0.0846,0.218,62.509,49,Metal
Jesus Was a Communist,1982,104426,4,0.411,0.763,0,-5.09,1,0.0356,0.000942,0.0326,0.285,0.382,87.476,19,Punk
The City of New Orleans,1967,274506,4,0.616,0.577,1,-8.834,1,0.0407,0.535,0.0,0.0808,0.592,145.863,51,Folk
Root Down,1995,212093,4,0.838,0.921,0,-7.588,1,0.0868,0.319,3.27e-06,0.399,0.887,100.003,52,Punk
It's My Life,2003,225866,4,0.606,0.75,8,-4.535,0,0.0306,0.00264,0.000788,0.321,0.771,126.316,56,Alt. Rock
Little Rootie Tootie,1957,184626,4,0.362,0.345,1,-15.866,1,0.0404,0.736,0.203,0.109,0.581,142.582,14,Jazz
Pass The Kouchie,1976,215626,4,0.774,0.398,0,-11.673,1,0.0692,0.143,0.00303,0.248,0.873,142.675,19,Reggae
El Gato Lopez,2002,160040,4,0.635,0.966,0,-5.07,1,0.0818,0.05,0.0,0.243,0.734,110.088,40,SKA
Poor Side Of Town,1966,218000,4,0.423,0.467,6,-12.194,0,0.0317,0.722,2.38e-06,0.255,0.553,104.165,42,Pop
Everything I Own,1972,187000,4,0.365,0.338,2,-13.406,1,0.0322,0.735,0.0,0.104,0.446,79.241,71,Pop
Blackberry Boogie,1952,149356,4,0.695,0.397,7,-15.294,1,0.296,0.543,2.1e-06,0.104,0.923,166.481,19,Country
Unite,2000,187600,4,0.639,0.793,10,-2.355,0,0.0949,0.0421,0.0452,0.088,0.901,92.717,23,SKA
Who's Lovin' You - Stripped Mix,1969,264560,3,0.385,0.26,7,-9.013,1,0.0297,0.935,0.0705,0.279,0.223,81.02,18,R&B
When A Man Loves A Woman,1966,173000,3,0.516,0.15,1,-20.41,1,0.0272,0.13,0.0755,0.122,0.205,97.398,66,Pop
Mama (feat. Ellie Goulding),2016,189973,4,0.737,0.714,1,-6.138,0,0.0367,0.225,3.79e-06,0.267,0.608,102.046,51,EDM
My Portion,2017,250987,4,0.372,0.675,5,-5.344,1,0.0468,0.105,0.0,0.148,0.279,86.154,37,Gospel
A Hard Road,1978,364000,4,0.297,0.792,1,-11.463,0,0.0361,0.00194,0.301,0.268,0.408,127.851,26,Rock
"Baby,Now That I've Found You",1995,228933,4,0.725,0.239,8,-14.325,1,0.031,0.908,0.00675,0.117,0.435,115.545,48,Country
Miss Me Blind,1984,269000,4,0.768,0.816,7,-6.66,0,0.0388,0.394,0.0,0.313,0.794,121.932,49,Pop
The Day the World Turned Day-Glo,1978,172746,4,0.518,0.913,9,-4.574,1,0.055,0.0325,0.000342,0.101,0.881,149.836,27,Punk
Come On In,1984,175826,4,0.561,0.522,7,-15.205,1,0.0608,0.193,0.00161,0.0959,0.96,189.382,24,Country
All My Ex's Live In Texas,1987,200840,4,0.764,0.336,9,-16.024,1,0.0302,0.241,9.29e-06,0.118,0.697,130.565,65,Country
Coming Over (feat. James Hersey),2016,178333,4,0.631,0.661,5,-5.5,0,0.0999,0.227,1.43e-06,0.166,0.698,174.031,50,EDM
Another Saturday Night,1974,160000,4,0.776,0.659,9,-7.767,1,0.051,0.434,0.0,0.0868,0.969,123.094,58,Pop
Blind Man,1960,181253,4,0.471,0.105,7,-12.852,1,0.0564,0.986,0.00869,0.0787,0.38,80.912,2,Blues
Mis Colegas,2000,251440,4,0.532,0.96,7,-2.188,1,0.0487,0.00151,5.29e-06,0.0639,0.689,163.841,54,SKA
Harvest for the World,1976,232946,4,0.64,0.565,7,-9.381,1,0.0378,0.414,0.000709,0.193,0.612,131.21,41,R&B
Antmusic - Remastered,1980,216960,4,0.695,0.806,2,-4.119,1,0.142,0.101,0.00012,0.37,0.635,81.151,44,Punk
Leave Home,1995,332788,4,0.626,0.848,2,-8.691,1,0.0431,0.0123,0.798,0.695,0.611,108.012,49,EDM
King Of Pain,1983,254000,4,0.946,0.827,11,-8.271,0,0.0467,0.321,0.109,0.0569,0.982,120.054,37,Pop
The Tower - 2001 Remaster,1990,285013,4,0.551,0.884,2,-6.239,1,0.0379,0.000247,0.000524,0.113,0.706,102.18,38,Metal
Dance to the Music,1968,179426,4,0.703,0.529,7,-11.112,1,0.1,0.0168,0.00057,0.911,0.772,128.059,56,R&B
Apartheid Is Nazism - 2010 Remastered Edition,2010,287600,4,0.9,0.681,9,-4.681,1,0.0722,0.315,0.0,0.0494,0.868,131.509,39,Reggae
Woodstock,1970,233000,4,0.458,0.539,4,-12.403,0,0.057,0.122,0.00946,0.17,0.56,118.95,50,Pop
Metal Heart,1985,323666,4,0.32,0.553,7,-14.959,1,0.0524,0.00491,0.404,0.119,0.173,116.156,40,Metal
Iris,1993,209360,4,0.363,0.186,11,-20.125,1,0.0301,0.0507,0.571,0.25,0.0754,88.181,30,Alt. Rock
Fastlove,1996,324000,4,0.735,0.64,10,-7.522,0,0.072,0.052,0.00102,0.345,0.551,104.444,63,Pop
Animal Instinct,1999,211066,4,0.61,0.85,4,-5.411,0,0.0307,0.089,0.0,0.256,0.604,132.174,64,Alt. Rock
Back Home Again,1974,285373,4,0.528,0.305,4,-11.671,1,0.0301,0.837,3.03e-06,0.113,0.549,117.828,52,Country
King Porter Stomp,1923,156866,4,0.452,0.139,1,-21.803,1,0.0466,0.996,0.929,0.224,0.674,96.372,31,Jazz
The Pied Piper,1966,151000,4,0.692,0.734,11,-7.089,1,0.0465,0.112,0.0,0.164,0.963,125.436,41,Pop
Sunny Came Home,1997,264000,4,0.558,0.579,11,-8.05,0,0.0324,0.342,0.00831,0.0989,0.403,167.812,53,Pop
Runnin,2020,195906,4,0.819,0.626,10,-4.574,0,0.202,0.00748,0.101,0.167,0.415,143.01,81,Rap
I’m So Excited,1984,343000,4,0.608,0.691,5,-8.885,0,0.0356,0.0212,0.0726,0.0935,0.79,182.732,35,Pop
Lost in the Twilight Hall - Remastered 2007,1990,359186,4,0.368,0.962,11,-6.102,1,0.112,1.14e-05,0.518,0.262,0.206,90.149,33,Metal
Symphony (feat. Zara Larsson),2017,212733,4,0.715,0.605,0,-5.128,0,0.0428,0.239,1.41e-05,0.189,0.454,122.956,77,EDM
A Teenager in Love,1959,158000,4,0.555,0.377,1,-9.123,1,0.0295,0.671,0.0,0.128,0.619,78.986,63,Pop
Sweet Caroline,1969,203000,4,0.529,0.127,11,-16.066,1,0.0274,0.614,0.000133,0.237,0.579,63.05,78,Pop
C’mon And Swim,1964,232000,4,0.32,0.856,0,-6.435,1,0.171,0.0212,0.0409,0.352,0.529,149.853,0,Pop
Blue Moon Of Kentucky,1947,126466,3,0.475,0.368,0,-10.67,1,0.0335,0.452,2.93e-06,0.291,0.757,118.689,41,Country
Legs,1984,273000,4,0.61,0.946,4,-5.357,1,0.0378,0.00952,0.0705,0.36,0.763,125.398,63,Pop
Better Things,1999,207026,4,0.439,0.966,2,-2.641,1,0.0693,0.00815,7.21e-06,0.148,0.607,166.976,27,Punk
True Love,2008,256733,4,0.861,0.405,6,-8.84,0,0.0532,0.203,0.0,0.103,0.54,116.831,66,Reggae
The Border,1980,550924,4,0.733,0.665,7,-6.214,1,0.0744,0.314,5.16e-06,0.192,0.884,144.536,24,Reggae
1999 - 2019 Remaster,1982,373747,4,0.864,0.826,10,-5.496,1,0.0814,0.23,2.36e-06,0.0663,0.596,118.955,56,R&B
Struggling Man,1973,207773,4,0.962,0.591,2,-11.196,1,0.0466,0.504,0.000455,0.0552,0.894,118.199,21,SKA
Superbeast,1998,220266,4,0.52,0.975,11,-4.421,0,0.0583,0.000137,0.826,0.42,0.329,154.058,65,Metal
Cotton Tail,1954,200733,4,0.564,0.632,5,-8.919,1,0.0749,0.718,8.94e-05,0.0734,0.742,121.445,20,Jazz
Long Live the Kane,1988,295333,4,0.857,0.797,11,-12.142,0,0.328,0.0556,1.59e-05,0.18,0.612,99.327,0,Rap
Wheel of Fortune,1952,234000,4,0.785,0.79,10,-6.836,0,0.0555,0.0366,0.0223,0.0845,0.815,91.753,52,Pop
Shame on the Moon,1986,280280,4,0.72,0.156,7,-19.711,1,0.0312,0.428,0.0316,0.0701,0.217,105.739,28,Country
Talkin' Out The Side Of Your Neck,1983,245533,4,0.696,0.64,9,-11.687,1,0.111,0.265,6.17e-05,0.196,0.938,88.179,22,R&B
My Love Is Your Love,1999,261000,4,0.77,0.475,7,-9.512,1,0.159,0.0561,4.72e-06,0.0607,0.473,82.511,66,Pop
How Can I Leave You aka How Could I Live/ Bubbling Love,1977,520653,4,0.699,0.591,10,-5.245,0,0.168,0.661,4.28e-06,0.314,0.879,154.569,28,Reggae
Don't Be That Way,1938,200200,4,0.602,0.268,9,-11.899,0,0.0897,0.891,0.914,0.073,0.801,164.35,28,Jazz
Jah Loves - Remastered 2002,1969,246160,4,0.678,0.469,9,-10.352,1,0.0451,0.201,0.00272,0.0666,0.851,154.858,27,Reggae
Can't Blame The Youth,1976,193706,4,0.791,0.592,2,-8.31,1,0.107,0.312,0.0,0.142,0.886,78.682,29,Reggae
Hurt Me Bad (In A Real Good Way),1988,182266,4,0.722,0.476,2,-10.685,1,0.0291,0.271,1.23e-06,0.0766,0.789,132.828,36,Country
Not Falling,2002,243933,4,0.438,0.984,8,-5.012,1,0.143,2.97e-05,0.0758,0.0572,0.32,129.921,44,Metal
Up Where We Belong,1982,232000,4,0.624,0.306,2,-11.831,1,0.0318,0.634,2.67e-05,0.0632,0.227,139.912,70,Pop
Your Cash Ain't Nothin' but Trash,1956,177613,4,0.768,0.179,0,-13.799,1,0.0479,0.891,0.0,0.118,0.642,133.611,11,R&B
Satan's Sword (I Have Become) (Live),2014,368506,4,0.213,0.981,1,-6.733,1,0.167,7.16e-05,0.0531,0.107,0.0373,97.514,5,Metal
After This,2019,400040,4,0.61,0.912,11,-6.221,0,0.123,0.0347,0.0,0.974,0.676,141.476,30,Gospel
After The Love Has Gone,1979,278000,4,0.424,0.443,6,-13.45,1,0.0382,0.532,0.000389,0.673,0.391,131.675,67,Pop
DJ Turn It Up,2016,211776,4,0.829,0.695,1,-5.561,1,0.0473,0.000956,0.178,0.112,0.369,102.018,61,EDM
Since I Fell For You,1964,339000,3,0.416,0.201,8,-11.461,1,0.0379,0.975,0.803,0.107,0.372,165.869,49,Pop
Tainted Love,2003,200066,4,0.637,0.95,8,-4.4,1,0.109,0.00104,7.35e-06,0.288,0.511,142.018,59,Metal
Don’t Cry,1983,189000,4,0.608,0.638,8,-7.215,1,0.0561,0.217,0.0,0.324,0.457,87.956,56,Pop
Stormy Weather,1960,187666,3,0.262,0.356,0,-8.031,0,0.0303,0.613,0.0,0.175,0.426,174.177,66,R&B
I Surrender,1979,273933,4,0.684,0.939,0,-4.249,1,0.0456,0.0248,8.77e-06,0.417,0.826,110.72,1,Disco
Can It Be All So Simple (Remix) (feat. Ghostface Killah),1995,338160,4,0.745,0.563,11,-6.578,1,0.379,0.152,5.43e-05,0.132,0.431,91.619,37,Rap
Little Willy,1973,192000,4,0.662,0.772,11,-7.135,1,0.0356,0.332,1.22e-06,0.314,0.914,127.025,43,Pop
Slippin' Into Darkness,1971,227373,4,0.676,0.625,4,-8.747,0,0.0729,0.144,0.00658,0.0796,0.655,90.999,49,R&B
That's Entertainment,1980,212786,4,0.567,0.653,0,-11.524,0,0.0336,0.211,0.000489,0.0639,0.78,142.218,59,Punk
Wednesday Night Prayer Meeting,1960,342480,4,0.364,0.47,5,-13.051,0,0.073,0.687,0.00254,0.0849,0.486,86.9,37,Jazz
Wicked Garden,1992,245280,4,0.209,0.945,2,-4.009,1,0.0675,1.04e-05,1.95e-05,0.107,0.376,155.328,35,Alt. Rock
HIGHEST IN THE ROOM,2019,175720,4,0.598,0.427,7,-8.764,0,0.0317,0.0546,5.83e-06,0.21,0.0605,76.469,85,Rap
SAXORiDDiM,2019,188571,4,0.539,0.952,10,-1.764,0,0.215,0.0201,0.1,0.799,0.404,140.066,47,EDM
Hold On To The Nights,1988,316000,4,0.353,0.207,0,-14.718,0,0.0306,0.656,0.0,0.0874,0.184,144.539,51,Pop
Damaged II,1981,203040,4,0.267,0.924,0,-14.037,1,0.0866,0.212,0.976,0.392,0.072,97.684,28,Punk
Sad But True,1991,324000,4,0.624,0.876,7,-6.005,1,0.0342,0.000926,0.00164,0.0561,0.453,89.24,66,Metal
Goodnight Tonight,1979,260000,4,0.748,0.683,1,-9.885,0,0.0466,0.0566,0.000639,0.0809,0.943,123.385,35,Pop
Garden Party,1972,229000,4,0.774,0.247,2,-21.657,1,0.0779,0.786,0.0186,0.116,0.803,143.955,51,Pop
Let Me Love You,2016,205946,4,0.475,0.715,8,-5.371,1,0.058,0.0863,2.67e-05,0.135,0.159,199.892,83,EDM
"Gravel Pit (feat. RZA,Method Man,Ghostface Killah,Raekwon & U-God)",2001,253466,4,0.787,0.72,7,-7.569,1,0.313,0.223,0.0,0.633,0.521,121.003,56,Rap
Half Penny Two Penny,1981,358000,4,0.405,0.603,0,-11.299,1,0.0377,0.00634,0.000248,0.251,0.506,128.667,28,Rock
Burning Now,1995,206550,4,0.701,0.428,7,-12.3,1,0.465,0.079,0.0,0.229,0.564,91.316,0,Reggae
Pump Me Up,1982,394000,4,0.76,0.778,2,-14.375,1,0.043,0.00926,0.00517,0.317,0.563,107.071,28,Funk
You Talk Too Much,1988,281093,4,0.396,0.843,9,-13.892,1,0.0455,0.121,8.8e-05,0.167,0.736,179.825,30,Blues
Make Your Peace,1993,161000,4,0.719,0.903,1,-3.18,0,0.0768,0.213,0.0,0.209,0.817,118.111,7,Rock
You Ain't a Killer,1998,254866,4,0.723,0.887,6,-7.076,1,0.393,0.134,0.0,0.112,0.745,90.93,51,Rap
Mama Said,1961,128800,4,0.669,0.64,8,-4.987,0,0.0625,0.573,0.0,0.295,0.935,140.317,39,R&B
Attention Span,2012,322760,4,0.64,0.748,9,-7.194,1,0.0495,0.0111,7.17e-05,0.175,0.693,74.529,58,Reggae
Red Red Wine,1983,183733,4,0.857,0.468,1,-8.53,1,0.0476,0.00414,1.32e-05,0.269,0.843,89.119,73,Reggae
1-2-8,1997,159159,4,0.343,0.671,9,-15.563,1,0.0472,0.00515,0.0,0.316,0.665,96.578,26,SKA
Schizophrenia,1987,278400,4,0.356,0.696,2,-11.461,1,0.0366,0.19,0.867,0.104,0.562,134.66,51,Alt. Rock
I Want To Be Free,1975,414360,4,0.501,0.485,5,-12.826,1,0.121,0.286,0.000273,0.0649,0.65,142.274,38,Disco
Better Off,2017,176145,4,0.648,0.955,9,-3.665,1,0.0449,0.00271,0.895,0.212,0.394,143.09,48,EDM
Longer,1980,198000,4,0.795,0.568,5,-7.817,0,0.142,0.0541,0.0,0.108,0.478,136.173,74,Pop
Prison Women,1971,157000,4,0.382,0.909,9,-6.99,1,0.0389,0.117,0.0,0.414,0.821,154.068,10,Rock
The Tears Of A Clown,1970,181800,4,0.593,0.607,1,-9.886,1,0.0283,0.147,0.0,0.128,0.953,128.365,55,R&B
Cars,1980,248000,4,0.338,0.562,9,-7.181,1,0.029,0.039,0.0,0.107,0.259,149.907,82,Pop
Samson And Delilah,1962,243600,4,0.712,0.237,7,-13.898,1,0.0567,0.878,0.000601,0.101,0.751,114.302,30,Blues
Spend My Life With You,1999,276000,4,0.583,0.435,8,-8.784,1,0.0386,0.434,5.49e-05,0.102,0.292,72.01,57,Pop
Strange Things Happening Every Day,1960,167367,4,0.745,0.419,0,-11.279,1,0.145,0.802,0.0011,0.27,0.85,155.749,32,Gospel
UP JUMPED THE DEVIL,1977,324626,4,0.746,0.925,10,-10.836,1,0.0633,0.0012,0.00116,0.0453,0.523,124.156,9,Disco
Scar Tissue,1999,215906,4,0.595,0.717,0,-4.803,1,0.0295,0.0779,0.00274,0.108,0.547,88.969,82,Alt. Rock
Early Morning Rain,1966,198066,4,0.478,0.272,5,-16.161,1,0.03,0.497,1.91e-05,0.124,0.715,105.441,52,Folk
I Belong To You (EVERY Time I See Your Face),1997,273000,4,0.759,0.337,0,-11.034,0,0.0351,0.026,0.0,0.0753,0.329,117.846,49,Pop
Ask Of You,1995,294000,3,0.194,0.119,1,-20.926,1,0.0398,0.854,0.000737,0.109,0.14,85.698,52,Pop
Me And Baby Brother,1973,207333,4,0.783,0.762,2,-9.585,1,0.035,0.11,0.000832,0.102,0.898,113.856,36,Funk
Si tu vois ma mère - Slow,1952,193573,4,0.46,0.379,3,-12.862,1,0.0402,0.811,0.866,0.552,0.61,79.53,54,Jazz
Practice What You Preach,1989,294600,4,0.235,0.976,11,-10.458,0,0.0516,0.000395,0.0544,0.117,0.289,188.058,35,Metal
I Need Somebody To Love Tonight,1979,411346,4,0.73,0.356,7,-17.845,1,0.0749,0.798,0.895,0.0736,0.865,104.903,35,Funk
Scars,2004,208186,4,0.384,0.921,11,-3.334,1,0.055,0.0948,0.0,0.168,0.471,89.922,70,Alt. Rock
New Kid In Town,1977,304000,4,0.649,0.425,4,-9.811,1,0.0267,0.378,0.0013,0.108,0.651,107.383,69,Pop
37 Stitches,2007,229973,4,0.366,0.897,4,-6.359,1,0.0917,0.00141,0.000559,0.105,0.355,157.904,51,Metal
Is There Something I Should Know?,1983,249000,4,0.57,0.967,7,-4.956,1,0.076,0.0218,6.44e-06,0.285,0.776,124.856,38,Pop
Here We Are,1990,126000,5,0.741,0.676,7,-13.334,1,0.0466,0.723,0.873,0.0635,0.861,109.007,46,Pop
Nuthin’ But A ‘G’ Thang,1993,237000,4,0.669,0.821,11,-4.37,0,0.29,0.00182,0.0,0.147,0.684,94.895,76,Pop
I'm A Rebel,1980,238259,4,0.554,0.865,4,-8.188,1,0.0543,0.0341,0.00135,0.304,0.535,146.987,28,Metal
You Mean The World To Me,1994,296000,4,0.595,0.735,11,-6.648,1,0.047,0.1,9.62e-06,0.104,0.521,167.662,50,Pop
Hot Girls In Love,1983,239000,4,0.495,0.772,9,-11.164,1,0.0535,0.00658,6.27e-06,0.182,0.56,153.743,42,Pop
Salty Dog,2002,141426,4,0.373,0.934,7,-6.581,1,0.085,0.00742,0.000184,0.398,0.776,79.949,53,Punk
Mean Town Blues - 2004 Digital Remaster,1968,268240,4,0.574,0.915,2,-6.825,1,0.0504,0.181,0.481,0.0676,0.413,103.273,26,Blues
It Was Almost Like A Song,1977,219520,4,0.327,0.281,0,-10.663,1,0.0276,0.323,0.00418,0.0713,0.151,147.72,40,Country
I Love You,1981,160000,4,0.575,0.648,10,-4.891,1,0.0358,0.583,0.0,0.115,0.466,75.977,88,Pop
Ride 'Em On Down,1983,304000,4,0.624,0.775,0,-9.074,1,0.0436,0.16,0.714,0.38,0.82,114.445,16,Rock
Little Drummer Boy,2009,172000,4,0.679,0.342,10,-9.564,1,0.029,0.83,0.0,0.098,0.577,115.354,17,Rock
Mister Lovemaker,1973,128773,3,0.532,0.524,3,-11.156,1,0.0483,0.836,0.00044,0.199,0.526,134.761,15,Country
Save Tonight,1999,239000,4,0.547,0.693,0,-8.786,1,0.0353,9.24e-05,5.46e-05,0.113,0.583,119.567,66,Pop
I Could Never Take The Place Of Your Man,1988,388000,4,0.62,0.775,0,-9.528,1,0.0276,0.0475,0.0348,0.213,0.772,147.804,37,Pop
Magic,1984,237093,4,0.683,0.806,9,-7.574,1,0.042,0.125,0.000548,0.191,0.962,118.032,47,Alt. Rock
Raining Through My Sunshine,1978,236303,4,0.624,0.835,11,-5.6,1,0.044,0.0968,0.0,0.101,0.359,101.886,17,Disco
Madagascar - Radio Edit,2007,209565,4,0.242,0.995,10,-4.974,0,0.0624,6e-05,0.895,0.469,0.092,138.007,11,EDM
Angel from Montgomery - Live,2017,393986,4,0.463,0.302,7,-8.793,1,0.04,0.707,2.09e-06,0.981,0.337,143.946,42,Blues
Underneath It All,2002,302720,4,0.729,0.731,4,-4.823,1,0.0682,0.235,1.35e-06,0.391,0.838,138.204,63,Alt. Rock
Annie's Song,1974,180693,3,0.304,0.305,2,-10.879,1,0.0298,0.871,0.00368,0.367,0.464,146.066,70,Country
Mustang Sally (feat. Jeff Beck),2001,283266,4,0.613,0.934,0,-3.711,1,0.0342,0.0412,0.000308,0.0882,0.776,107.274,47,Blues
Pete's Shoulders (The Power of Song),1965,244906,4,0.415,0.313,3,-10.123,1,0.0378,0.817,0.0,0.18,0.534,156.049,1,Folk
Half The Way,1979,242573,4,0.636,0.622,9,-5.348,1,0.028,0.641,0.0,0.0995,0.599,116.332,34,Country
Eyes Of A Stranger,1988,413000,4,0.486,0.973,9,-2.984,1,0.0937,0.0366,4.27e-05,0.337,0.101,105.041,31,Rock
The Night Owls,2020,327000,4,0.587,0.904,4,-5.212,0,0.0471,0.00367,0.000149,0.956,0.54,121.939,9,Rock
Where Are They Now,1982,177893,4,0.307,0.895,9,-4.746,1,0.0582,0.00771,0.0,0.0317,0.583,167.568,31,Punk
Language of Love,1983,218000,4,0.62,0.467,1,-11.875,0,0.0252,0.00249,1.3e-05,0.32,0.326,104.941,11,Rock
Calm Down,2017,127426,4,0.538,0.624,11,-8.794,1,0.325,0.000175,2.2e-06,0.117,0.409,102.346,57,Rap
I Don't Wanna Lose Your Love,1978,241933,4,0.75,0.722,1,-8.842,1,0.0574,0.148,0.00296,0.667,0.934,120.022,35,Disco
Storytime,2011,322280,4,0.465,0.971,5,-3.466,0,0.0749,0.00366,0.00375,0.326,0.483,156.171,58,Metal
Girlfriend Is Better,1983,345373,4,0.866,0.674,7,-10.906,1,0.0991,0.158,0.00053,0.0522,0.967,118.576,40,Alt. Rock
Too Cold At Home,1990,219360,4,0.632,0.41,2,-13.653,1,0.0236,0.23,1.16e-05,0.341,0.531,93.158,51,Country
Mack the Knife,1963,212826,4,0.474,0.447,4,-10.906,1,0.0378,0.978,0.128,0.682,0.353,137.217,34,Folk
Didn’t We Almost Have It All,1987,201000,4,0.209,0.268,10,-13.823,1,0.0335,0.799,0.864,0.105,0.0754,118.923,0,Pop
The Streak,1974,244000,4,0.164,0.949,11,-2.588,0,0.0581,0.00028,0.0134,0.374,0.257,99.754,51,Pop
Abc,1970,162000,4,0.682,0.926,3,-2.515,0,0.0607,0.0404,0.0,0.19,0.86,105.969,81,Pop
Joy,1973,957893,4,0.54,0.732,5,-12.062,0,0.0647,0.0156,0.428,0.0905,0.922,167.667,23,R&B
Uprising,2009,304840,4,0.602,0.905,2,-4.046,1,0.0775,0.000202,0.064,0.117,0.411,128.019,75,Alt. Rock
Pick a Bale of Cotton,1935,93533,4,0.725,0.539,10,-11.175,1,0.0763,0.984,0.0,0.0904,0.776,109.552,15,Blues
Chattanoogie Shoe Shine Boy,1950,169000,4,0.725,0.373,10,-15.925,1,0.0494,0.613,0.0202,0.118,0.846,148.367,34,Country
Mickey's Monkey,1963,194440,4,0.692,0.881,2,-7.089,0,0.0811,0.15,0.0633,0.279,0.733,93.27,28,R&B
The Love You Save (May Be Your Own),1966,174779,3,0.502,0.3,10,-13.698,1,0.0372,0.771,0.0,0.133,0.453,94.582,30,R&B
2 Of Amerikaz Most Wanted (ft. Snoop Doggy Dogg),1996,246533,4,0.849,0.904,8,-4.78,1,0.138,0.0248,5.11e-05,0.0545,0.854,99.258,69,Rap
Stronger Than the Night,1991,262000,4,0.402,0.499,4,-10.261,1,0.0279,0.0958,0.0,0.304,0.346,74.774,41,Rock
The First Night,1998,200000,4,0.678,0.733,7,-5.025,1,0.0281,0.00115,0.0,0.104,0.581,121.009,68,Pop
Under Mi Sensi,1983,251133,4,0.838,0.498,4,-8.22,0,0.205,0.0179,1.71e-06,0.152,0.308,74.313,29,Reggae
Cold Feelings,1990,209506,4,0.364,0.98,10,-7.002,0,0.0392,0.029,2.74e-06,0.119,0.408,173.338,40,Alt. Rock
Lean On Me,1987,176000,4,0.723,0.809,7,-3.081,0,0.0625,0.00346,0.00123,0.565,0.274,98.007,75,Pop
All of Me,1941,181440,5,0.504,0.0644,2,-14.754,0,0.0408,0.972,4.36e-06,0.174,0.403,106.994,62,Jazz
Hang ‘EM High,1969,167000,3,0.422,0.946,2,-3.145,0,0.0651,0.000181,0.0,0.231,0.262,127.03,56,Pop
Day Waves,1968,581560,4,0.405,0.277,2,-18.452,1,0.0331,0.545,0.0783,0.07,0.331,135.738,4,Jazz
Badfish,1996,185440,4,0.795,0.538,2,-5.648,1,0.051,0.0966,0.000111,0.385,0.645,92.796,52,SKA
Subway Train,1973,260226,4,0.337,0.708,2,-9.738,1,0.0329,0.00444,0.000184,0.163,0.664,125.163,29,Punk
Really Love,2014,344346,4,0.638,0.395,4,-11.299,0,0.1,0.724,0.569,0.0761,0.316,78.516,51,R&B
Mary's Boy Child / Oh My Lord,1978,242186,4,0.774,0.824,0,-5.961,1,0.0367,0.22,0.0,0.286,0.93,112.517,26,Disco
"Olympia,WA",1993,211013,4,0.403,0.946,7,-5.26,1,0.127,0.0748,0.0,0.214,0.607,166.854,47,SKA
Shambala,1973,204000,4,0.551,0.62,9,-11.464,1,0.0348,0.64,0.00147,0.559,0.834,127.495,61,Pop
Chalice In The Palace - 1990 Digital Remaster,1974,209000,4,0.664,0.426,0,-12.234,1,0.184,0.0354,0.0368,0.067,0.523,78.731,30,Reggae
My Tribute (To God Be the Glory),1971,273133,3,0.353,0.443,10,-8.514,1,0.0342,0.65,0.0,0.168,0.204,108.145,26,Gospel
God Bless the Child,1964,447560,4,0.493,0.0421,2,-18.071,1,0.0347,0.913,0.173,0.0777,0.172,102.074,45,Jazz
Mood Indigo,1930,159773,3,0.285,0.136,7,-12.604,0,0.0424,0.993,0.832,0.288,0.0452,70.412,38,Jazz
I Give Myself Away,2012,326826,4,0.457,0.329,10,-10.998,1,0.0341,0.734,0.0,0.0589,0.123,125.559,54,Gospel
Baby I Need Your Loving,1964,166026,4,0.632,0.686,0,-6.116,0,0.0395,0.437,0.0,0.193,0.65,121.414,62,R&B
Judith,2000,247266,3,0.366,0.894,11,-4.682,0,0.0568,3.45e-05,0.17,0.267,0.304,82.305,65,Metal
Portrait Of My Love,1961,165000,4,0.271,0.123,0,-15.139,1,0.0318,0.846,5.86e-06,0.34,0.128,78.916,34,Pop
Pure Cocaine,2019,154023,4,0.964,0.487,10,-6.071,0,0.421,0.00127,6.07e-06,0.115,0.108,127.05,78,Rap
A Dark Cloud Rising,1964,303626,4,0.428,0.218,10,-17.601,1,0.0333,0.651,0.00232,0.156,0.382,77.694,1,Blues
Psychedelic Shack,1970,230000,4,0.663,0.822,5,-13.119,0,0.059,0.199,8.69e-06,0.0626,0.818,108.94,34,Pop
Hard Luck Blues,1951,181640,4,0.445,0.273,8,-7.038,1,0.0441,0.886,3.09e-06,0.137,0.46,70.52,12,R&B
New Rhumba - Live,1960,246640,4,0.524,0.419,5,-12.336,0,0.067,0.288,0.786,0.631,0.589,107.18,6,Jazz
Into The Void,2000,289306,4,0.712,0.796,8,-5.926,1,0.0435,0.145,0.0475,0.076,0.361,93.046,51,Alt. Rock
Strike It Up,1991,298000,4,0.875,0.862,6,-7.694,0,0.062,0.0116,0.000281,0.0658,0.915,118.398,55,Pop
Hold You Tight,1991,304000,4,0.537,0.521,3,-11.083,0,0.0432,0.622,0.859,0.12,0.781,135.589,51,Pop
Love Is,2003,218160,4,0.685,0.63,0,-5.485,1,0.155,0.119,0.0,0.166,0.708,85.04,41,Reggae
Watergate Blues,1972,394466,4,0.68,0.374,0,-14.093,1,0.031,0.778,0.58,0.338,0.647,120.121,1,Jazz
Nothing Else Matters,1991,285533,3,0.346,0.198,2,-12.208,0,0.0334,0.566,0.893,0.0958,0.163,138.103,56,Metal
Sugar Walls,1985,123000,4,0.634,0.526,1,-10.281,0,0.0531,0.612,0.0102,0.127,0.729,86.78,43,Pop
Masterpiece,1992,206000,4,0.324,0.863,10,-3.716,0,0.123,0.000109,0.0,0.311,0.394,177.985,70,Pop
You Lie - Single Version,1990,239733,3,0.577,0.283,10,-11.049,1,0.0303,0.407,0.0,0.17,0.206,128.762,42,Country
Night & Day - Original Mix,1978,307936,4,0.579,0.82,7,-12.015,0,0.0418,0.0323,0.0178,0.0854,0.898,127.815,2,Disco
This Groove,2015,188174,4,0.823,0.909,1,-4.508,1,0.0635,0.00779,0.0407,0.126,0.787,124.025,55,EDM
Done Changed My Way of Living,1968,423560,4,0.73,0.488,4,-11.532,1,0.0321,0.367,6.75e-05,0.0882,0.964,152.638,25,Blues
I Will Follow Him,1963,148000,4,0.638,0.44,0,-10.892,1,0.0348,0.722,0.0,0.515,0.904,125.483,53,Pop
It's Your Love,1997,227333,4,0.474,0.528,7,-8.588,1,0.0276,0.526,0.0,0.109,0.364,144.366,60,Country
Mmmbop,1997,268000,4,0.683,0.937,9,-6.335,1,0.0449,0.00481,0.0046,0.07,0.619,104.879,68,Pop
Cherry - 2008 Remaster,1977,214093,4,0.617,0.544,7,-10.902,1,0.0378,0.0665,0.00042,0.0956,0.153,132.137,23,Metal
"Take Me to the Next Phase,Pts. 1 & 2",1975,310760,4,0.781,0.985,5,-5.199,0,0.107,0.315,0.0,0.337,0.622,105.029,19,Disco
Psychotic Reaction,1966,185000,4,0.358,0.753,11,-6.641,1,0.0986,0.000259,0.0199,0.266,0.688,164.896,53,Pop
Give It Away,1973,167053,4,0.375,0.622,0,-7.68,1,0.0482,0.0816,5.85e-05,0.129,0.718,82.705,21,R&B
All My Rowdy Friends Are Coming Over Tonight,1984,178840,4,0.607,0.904,2,-7.693,1,0.0435,0.13,0.0,0.134,0.877,146.831,58,Country
True Blue,1986,296000,4,0.472,0.774,7,-7.739,1,0.0405,0.259,0.0051,0.175,0.36,146.175,63,Pop
Breakin' Away,1981,253933,4,0.678,0.345,1,-17.268,0,0.0338,0.434,3.81e-05,0.254,0.564,71.69,38,Jazz
Just Like You,2018,256414,3,0.528,0.781,7,-7.702,1,0.544,0.634,0.0,0.551,0.313,102.582,39,Rap
Interstate Love Song,1994,193613,4,0.214,0.947,4,-5.053,1,0.0509,0.000553,0.00322,0.238,0.484,170.748,53,Metal
Love Song,1990,148000,4,0.64,0.355,5,-10.599,1,0.0906,0.83,0.000938,0.11,0.451,120.063,79,Pop
Tower of Song,1988,339053,4,0.795,0.192,4,-20.606,1,0.0361,0.673,0.000191,0.111,0.596,99.574,42,Folk
Times Of Your Life,1976,195000,4,0.391,0.441,7,-9.876,1,0.0267,0.573,0.0,0.0665,0.513,76.524,47,Pop
C’est La Vie,1987,160000,4,0.889,0.805,9,-3.642,1,0.0808,0.0649,0.0,0.0684,0.759,142.119,69,Pop
Stop Messin' Round - Bonus Track: Take 1 - False Start,1968,273000,3,0.515,0.437,0,-9.791,1,0.0553,0.185,4.07e-06,0.104,0.51,123.11,10,Rock
White Boy,1993,146000,4,0.494,0.897,4,-7.753,1,0.0607,0.00124,0.0168,0.215,0.703,129.805,41,Punk
Kiss an Angel Good Mornin',1971,123466,4,0.665,0.512,4,-10.704,1,0.03,0.581,0.0,0.371,0.87,130.578,60,Country
Topsy,1958,194492,4,0.767,0.382,7,-12.883,0,0.0366,0.843,0.00399,0.141,0.733,97.747,32,Jazz
Fame,1980,261000,4,0.786,0.555,10,-10.276,1,0.0471,0.454,0.0173,0.0826,0.673,95.1,61,Pop
Sober,1993,306853,4,0.385,0.673,2,-8.182,1,0.0329,0.000183,0.149,0.0721,0.187,149.271,68,Metal
Funk It (Funkadelala),1980,246226,4,0.792,0.766,11,-10.87,0,0.132,0.23,0.00966,0.273,0.682,111.528,9,Funk
"Time,Love And Tenderness",1991,330000,4,0.51,0.808,6,-8.649,0,0.0475,0.0281,0.0,0.295,0.738,170.037,40,Pop
Step It up and Go,1940,179146,4,0.664,0.378,5,-12.219,1,0.0487,0.839,0.000472,0.136,0.662,100.088,19,Blues
Show Me The Way,1991,243000,4,0.7,0.726,2,-7.717,1,0.0329,0.434,1.1e-06,0.0963,0.641,130.109,65,Pop
Devils Haircut,1996,195440,4,0.684,0.771,7,-4.734,1,0.0283,0.133,0.00112,0.169,0.797,123.22,53,Alt. Rock
My Monday Date,1938,401520,4,0.742,0.198,5,-11.74,1,0.0457,0.91,0.841,0.0845,0.587,120.425,8,Jazz
Way Maker,2015,286742,4,0.498,0.386,11,-10.646,1,0.051,0.608,0.0,0.422,0.282,135.61,15,Gospel
Dreamlover,1993,233000,4,0.717,0.524,5,-11.265,1,0.0341,0.181,0.0,0.181,0.76,100.595,58,Pop
Sunglasses At Night,1984,320000,4,0.665,0.624,10,-11.106,0,0.049,0.505,0.0104,0.518,0.717,127.083,58,Pop
Not Fuckin' Around,2007,214133,4,0.748,0.848,0,-5.797,1,0.0342,0.0617,0.0,0.232,0.931,105.008,36,SKA
Without You,2009,236500,4,0.311,0.598,6,-8.433,0,0.111,0.262,4.17e-06,0.181,0.553,64.104,19,Gospel
You Don’t Know How It Feels,1995,289000,4,0.765,0.502,9,-7.393,1,0.0321,0.119,0.0011,0.171,0.836,144.204,63,Pop
Girls Just Want To Have Fun,1984,238000,4,0.71,0.799,6,-4.897,1,0.0328,0.22,0.000602,0.349,0.725,120.372,85,Pop
Born To Be Alive,1979,188000,4,0.704,0.868,2,-5.808,1,0.0315,0.0834,0.0,0.206,0.808,131.468,72,Pop
On & on & On,2007,192706,4,0.439,0.912,0,-3.113,1,0.145,0.0344,0.0,0.238,0.724,142.629,32,SKA
Hungry Heart,1981,199000,4,0.641,0.894,8,-7.41,1,0.0273,0.0857,0.009,0.157,0.972,109.823,72,Pop
You Can't Fail Me Now,2003,225866,4,0.546,0.441,2,-7.989,1,0.0277,0.626,0.00052,0.115,0.246,119.488,26,Folk
Let’s Get Serious,1980,246000,4,0.759,0.515,10,-9.74,0,0.0314,0.696,0.76,0.0932,0.794,106.052,40,Pop
Summer Girls,1999,257000,4,0.814,0.808,7,-5.034,1,0.155,0.161,0.0,0.0616,0.738,99.816,58,Pop
Love Come Down,1982,365760,4,0.904,0.624,3,-5.936,0,0.045,0.00622,0.00171,0.0304,0.804,115.735,54,Disco
Can’t You Hear My Heart Beat,1965,210000,4,0.742,0.42,3,-12.523,0,0.319,0.091,0.0,0.101,0.506,82.039,0,Pop
Ten Crack Commandments - 2007 Remaster,2007,203946,4,0.612,0.846,8,-5.728,1,0.544,0.061,0.0,0.314,0.797,173.812,50,Rap
April In Paris,1955,228000,4,0.344,0.422,4,-11.909,0,0.0451,0.653,0.216,0.0699,0.467,125.104,35,Jazz
Manthem,1999,188973,4,0.524,0.986,2,-2.865,1,0.0634,9.44e-05,0.000214,0.0772,0.724,94.348,46,Punk
Ain't No Sunshine,1972,253466,4,0.529,0.616,5,-9.903,0,0.0511,0.0281,2.15e-05,0.0796,0.736,151.991,35,Disco
Rock 'N' Roll - Live,1974,608840,4,0.442,0.861,5,-8.781,1,0.132,0.211,0.0637,0.954,0.526,138.158,31,Alt. Rock
Guess Who I Saw In Paris,1969,145533,4,0.528,0.0731,0,-27.428,1,0.0346,0.916,0.614,0.108,0.265,100.753,41,Folk
Road To Zion,2005,317333,4,0.724,0.696,1,-6.326,1,0.201,0.123,0.0,0.106,0.433,93.607,63,Reggae
Didn't It Rain,1960,158626,4,0.565,0.259,0,-15.865,1,0.0574,0.588,0.0,0.237,0.82,88.265,23,Gospel
Don't Talk to Strangers,1983,294600,4,0.348,0.798,2,-12.443,0,0.0654,0.0922,0.0224,0.113,0.238,132.281,44,Metal
Come to Me,1978,590986,4,0.715,0.653,1,-8.827,1,0.0589,0.00801,0.00198,0.0681,0.594,132.273,39,Disco
I Wish You Were Here,1991,267360,4,0.794,0.57,7,-7.753,1,0.0647,0.0197,0.014,0.104,0.575,143.975,66,Reggae
I’ve Got You Under My Skin,1966,175000,4,0.393,0.396,5,-15.563,1,0.0352,0.978,0.822,0.732,0.44,74.475,31,Pop
Well Done,2009,246080,4,0.375,0.707,1,-6.425,1,0.0408,0.0164,0.0,0.126,0.229,64.492,39,Gospel
Key To Love - 2002 Digital Remaster,1990,119333,4,0.36,0.851,11,-7.826,0,0.0773,0.00533,0.00388,0.351,0.514,111.037,12,Blues
Hail Mary,2021,194000,4,0.577,0.951,9,-2.26,0,0.112,0.00386,0.0,0.088,0.341,128.058,8,Rock
If You Want Me to Stay,1973,180493,4,0.843,0.48,11,-11.574,0,0.0492,0.28,0.000782,0.108,0.762,101.993,63,Funk
When Love Fades,2009,187333,4,0.664,0.513,4,-8.911,1,0.0287,0.221,0.0,0.178,0.315,96.334,22,Country
Dat Dere - Remastered 2005,2005,527040,4,0.718,0.523,0,-6.638,0,0.0427,0.802,0.0944,0.14,0.576,126.534,35,Jazz
Enjoy The Silence,1990,257000,4,0.626,0.667,0,-11.817,0,0.0283,0.209,0.000257,0.0779,0.83,112.776,78,Pop
Flying High Again,1981,284000,4,0.315,0.938,1,-6.264,1,0.086,0.00499,5.6e-05,0.19,0.527,125.277,53,Metal
Nightwing,1989,396000,4,0.476,0.894,1,-6.076,0,0.0472,0.0155,0.00582,0.0409,0.3,123.391,20,Rock
Let’s Live For Today,1967,169000,4,0.6,0.494,1,-8.266,0,0.0301,0.284,0.0,0.0618,0.477,116.466,23,Pop
GAMMA GAMMA - Brillz Remix,2012,270857,4,0.462,0.987,6,-3.62,1,0.132,0.000283,0.107,0.17,0.264,139.957,16,EDM
Brandenburg Gate,1962,410800,4,0.693,0.126,5,-14.76,1,0.0549,0.966,0.00842,0.179,0.546,128.005,20,Jazz
One More,1974,186000,4,0.63,0.265,0,-16.963,1,0.0427,0.748,0.748,0.0983,0.657,130.045,46,Funk
Five Hours,2014,326887,4,0.88,0.821,5,-2.545,0,0.118,0.0197,0.661,0.234,0.575,127.907,63,EDM
Stole the Show,2015,223186,4,0.64,0.635,8,-7.565,0,0.226,0.271,0.0,0.319,0.475,100.034,78,EDM
Public Image - Remastered 2011,2011,178733,4,0.286,0.866,4,-6.552,1,0.0723,4.79e-05,2.94e-05,0.697,0.604,155.366,39,Punk
I See Miracles,2017,260431,4,0.264,0.795,10,-4.413,0,0.0705,0.0901,0.000217,0.243,0.357,153.044,38,Gospel
Mary Jane,1994,189666,4,0.615,0.603,9,-6.748,0,0.157,0.0182,0.0,0.0698,0.404,78.988,40,Rap
Would I Lie to You,1981,268000,4,0.638,0.88,4,-4.403,1,0.0383,0.00992,0.000103,0.134,0.752,123.435,14,Rock
Rainy Day People,1975,168826,4,0.672,0.425,11,-12.117,1,0.0277,0.678,0.000616,0.142,0.533,109.575,48,Folk
"It's a Lovely,Lovely World",1952,150240,4,0.623,0.257,4,-11.661,1,0.0338,0.904,0.0,0.106,0.829,143.046,4,Country
Pimpa's Paradise,2005,304186,5,0.564,0.836,0,-6.052,1,0.401,0.307,0.0,0.491,0.571,121.147,49,Reggae
Frenesi,1940,186506,4,0.487,0.178,10,-16.131,1,0.0606,0.924,0.492,0.103,0.681,150.671,45,Jazz
Shoot For Your Heart,2022,241000,4,0.447,0.988,0,-2.849,0,0.0941,0.0024,0.00476,0.0463,0.421,175.017,30,Rock
Knock Me A Kiss - Single Version,1949,168000,4,0.82,0.289,0,-9.793,0,0.0947,0.824,0.0,0.108,0.491,115.787,20,R&B
Tell Him,1963,280000,4,0.655,0.647,1,-9.465,1,0.0903,0.19,0.00877,0.0412,0.931,80.077,62,Pop
Paranoid,1970,168000,4,0.412,0.658,4,-12.051,0,0.0708,4.52e-05,0.000774,0.176,0.454,163.071,72,Metal
He’s So Shy,1980,218000,4,0.871,0.736,0,-7.896,0,0.0675,0.22,0.000725,0.0894,0.967,115.149,52,Pop
This Land Is Your Land,1963,146160,4,0.642,0.427,9,-8.327,1,0.0262,0.394,0.0,0.134,0.702,100.972,32,Folk
Let’s Dance,1983,174000,4,0.415,0.51,0,-5.022,1,0.0343,0.13,0.0,0.101,0.829,176.246,42,Pop
I Got Religion I'm So Glad - From the Mariposa Folk Festival,1962,480786,4,0.528,0.742,0,-7.671,1,0.339,0.878,0.00293,0.662,0.722,112.199,0,Blues
Hey Paula,1963,146000,3,0.432,0.283,7,-11.691,1,0.031,0.84,0.155,0.199,0.31,110.33,41,Pop
Drum Conversation - Remastered 1990,1956,164266,4,0.451,0.81,1,-12.846,0,0.0296,0.627,0.868,0.312,0.648,96.756,1,Jazz
Be Thankful For What You Got,1974,221000,4,0.778,0.481,6,-13.136,0,0.0565,0.00345,0.0102,0.105,0.879,107.183,56,Pop
Disorder - 2019 Digital Master,1979,212360,4,0.325,0.828,10,-6.272,0,0.117,0.000269,0.729,0.11,0.73,85.115,47,Alt. Rock
The Last Fight,2018,259306,4,0.299,0.971,7,-3.118,1,0.142,0.000456,0.0,0.283,0.336,184.549,52,Metal
I Want You for Myself,1979,396960,4,0.787,0.587,0,-9.902,1,0.0324,0.0358,0.0275,0.0445,0.958,120.351,20,Funk
Soon As I Get Home,1996,324000,4,0.652,0.498,11,-6.2,1,0.0413,0.519,0.0,0.149,0.336,120.141,58,Pop
Cristo Redentor - Remastered,1964,343280,3,0.26,0.203,7,-12.231,0,0.0353,0.99,0.944,0.134,0.064,173.503,45,Jazz
Ebony And Ivory,1982,226000,4,0.567,0.692,4,-7.881,1,0.0379,0.0784,0.0,0.0338,0.708,160.697,58,Pop
Fool Me,1971,142093,4,0.686,0.522,9,-11.271,1,0.0309,0.517,0.0,0.699,0.955,121.585,3,Country
Set To Fail,2009,226493,4,0.494,0.995,8,-1.868,0,0.147,2.88e-05,0.00701,0.147,0.288,112.717,37,Metal
False Prophet,2020,360000,4,0.453,0.441,0,-12.408,1,0.0556,0.437,1.24e-05,0.147,0.657,78.039,38,Rock
Who’s Crying Now,1981,339000,4,0.346,0.868,9,-5.098,0,0.0413,0.00361,0.000255,0.76,0.429,124.695,30,Pop
Parisienne Walkways,1979,200907,4,0.367,0.149,9,-18.256,0,0.0282,0.661,0.0696,0.132,0.233,87.795,45,Blues
Shake That Thing,1952,238410,4,0.786,0.475,2,-12.514,1,0.112,0.8,0.0944,0.135,0.711,137.695,8,Blues
Beyond The Sea,1960,172000,4,0.521,0.516,2,-7.456,0,0.0369,0.723,0.0,0.257,0.569,136.483,68,Pop
Madness,1967,165168,4,0.856,0.747,0,-6.3,1,0.0701,0.208,7.88e-06,0.111,0.839,123.582,40,SKA
You Know You Like It,2014,247266,4,0.407,0.725,5,-5.346,0,0.188,0.0141,2.46e-06,0.306,0.247,196.093,70,EDM
Ballad of Dwight Fry,1971,393000,4,0.437,0.353,4,-15.153,0,0.0295,0.326,0.00453,0.166,0.354,88.304,41,Metal
Limbo Rock,1962,148000,4,0.745,0.894,8,-4.811,1,0.0376,0.154,0.000646,0.0753,0.971,87.498,45,Pop
Too Much Too Young - 2015 Remaster,2015,366760,4,0.79,0.595,2,-8.316,1,0.0488,0.0243,0.104,0.304,0.838,133.418,50,SKA
Yellow Submarine,1966,159000,4,0.616,0.636,1,-7.055,1,0.0325,0.208,0.0,0.517,0.654,110.618,60,Pop
I Got What It Takes,1975,222866,3,0.82,0.36,2,-10.691,1,0.0359,0.382,0.000242,0.0934,0.764,106.926,36,Blues
New Dawn Fades - 2007 Remaster,1980,291706,4,0.387,0.525,2,-9.634,1,0.035,0.00236,0.769,0.251,0.258,78.339,48,Alt. Rock
Paradise - Radio Edit,2008,233168,4,0.592,0.865,11,-5.426,1,0.0494,0.00923,0.0,0.12,0.511,127.877,45,EDM
Breakin’ In A Brand New Broken Heart,1961,158000,4,0.385,0.251,0,-7.569,1,0.0276,0.799,0.0,0.0565,0.308,104.586,23,Pop
Johnny B. Goode,1958,161560,4,0.534,0.803,10,-9.129,1,0.0743,0.741,6.07e-05,0.307,0.969,167.983,77,R&B
Let's Have A Party,1954,155000,4,0.702,0.309,7,-14.263,1,0.072,0.636,0.0607,0.31,0.704,119.59,7,R&B
I Ain't Marching Anymore,1965,154893,4,0.498,0.492,6,-6.517,1,0.0458,0.633,0.0,0.0762,0.662,131.104,35,Folk
Share Your Love With Me,1981,201000,3,0.435,0.311,5,-12.342,1,0.0331,0.528,5.59e-05,0.116,0.721,121.414,39,Pop
Key To The Highway,1961,138986,4,0.412,0.417,7,-11.856,1,0.0371,0.801,1.29e-06,0.288,0.748,98.731,15,Blues
With You I’m Born Again,1980,220000,3,0.325,0.343,10,-10.633,1,0.034,0.838,7.18e-05,0.121,0.327,81.274,39,Pop
Until I Fall Away,1992,232600,4,0.641,0.696,1,-9.456,0,0.0266,0.00768,0.0258,0.0485,0.82,122.721,45,Alt. Rock
(IF You Let Me Make Love To You Then) Why Can’t I Touch You?,1970,203000,4,0.398,0.692,0,-8.596,1,0.045,0.496,0.0,0.394,0.65,93.907,20,Pop
Joshua Gone Barbados,1969,252853,4,0.567,0.101,6,-18.138,1,0.0401,0.929,0.000287,0.113,0.402,121.216,12,Folk
"Puff,The Magic Dragon",1963,206000,4,0.507,0.088,9,-23.309,1,0.0343,0.51,0.0,0.0984,0.398,144.226,56,Pop
Reggae Got Soul,1969,188800,4,0.703,0.393,0,-12.995,1,0.0778,0.218,0.0,0.216,0.659,165.902,34,SKA
Seek & Destroy,1983,414000,4,0.439,0.963,9,-5.508,1,0.277,0.0364,0.00896,0.0784,0.435,140.805,64,Metal
Little Room,2003,50373,4,0.456,0.738,2,-3.777,1,0.0434,0.00925,0.0,0.0692,0.705,173.406,43,Alt. Rock
Waiting For A Girl Like You,1981,292000,4,0.33,0.469,10,-9.286,0,0.0335,0.31,2.3e-06,0.0402,0.433,201.327,71,Pop
Neat Neat Neat,1977,163346,4,0.439,0.87,1,-8.388,0,0.0585,0.00365,0.0,0.0672,0.538,88.157,48,Punk
Lady (YOU Bring Me Up),1981,293000,4,0.892,0.593,0,-9.429,0,0.0405,0.2,0.000339,0.0996,0.867,120.979,55,Pop
The Dolphins,1966,245133,3,0.483,0.365,2,-14.455,1,0.0963,0.118,0.0076,0.0785,0.576,122.92,38,Folk
Marlene On The Wall,1985,219173,4,0.608,0.37,6,-15.055,0,0.034,0.597,0.0,0.0987,0.33,112.554,43,Folk
Smoke on the Water,1972,342000,4,0.632,0.586,0,-11.333,1,0.0284,0.0983,0.581,0.0535,0.89,114.243,62,Metal
Radio Ga Ga,1984,348000,4,0.745,0.502,5,-7.705,1,0.0359,0.179,0.000184,0.191,0.655,112.345,26,Rock
Axel F,1985,171000,4,0.842,0.927,2,-1.496,1,0.0439,0.288,0.653,0.0972,0.866,138.004,70,Pop
It's Up (feat. Young Thug & 21 Savage),2022,278000,4,0.782,0.719,1,-4.863,1,0.115,0.0311,0.0,0.157,0.304,139.941,80,Rap
Time After Time,1955,407320,3,0.355,0.145,0,-12.572,0,0.036,0.961,0.00525,0.0849,0.116,180.698,41,Jazz
Caress Me Down,1996,211560,4,0.753,0.484,9,-7.519,1,0.258,0.0149,0.0,0.135,0.597,79.668,63,SKA
A Man And The Blues,1968,383200,4,0.504,0.212,0,-16.756,1,0.0408,0.893,0.22,0.0817,0.233,108.629,38,Blues
Pass The Courvoisier Part II (feat. P. Diddy & Pharrell) - Remix,2002,238600,4,0.697,0.793,6,-4.699,0,0.323,0.0844,0.0,0.0619,0.56,89.767,53,Rap
Savannah Mama,1933,191646,4,0.542,0.0236,10,-24.858,1,0.0439,0.995,9.2e-05,0.107,0.344,118.528,3,Blues
Promises,1979,646000,4,0.362,0.421,10,-11.699,1,0.0372,0.281,6.2e-05,0.0943,0.233,114.669,65,Pop
Won't Get Fooled Again - Remastered 2022,1971,514000,4,0.675,0.884,9,-7.855,1,0.0379,0.258,0.351,0.0612,0.28,134.717,27,Rock
A Girl I Knew,1968,162000,4,0.5,0.665,5,-13.055,1,0.044,0.203,0.00227,0.0828,0.464,132.019,17,Rock
I Feel So Bad,1961,206000,4,0.762,0.821,9,-4.17,0,0.0388,0.206,0.000448,0.259,0.769,122.999,62,Pop
Homeward Bound,1966,149000,4,0.485,0.378,3,-11.773,1,0.0337,0.831,0.0,0.103,0.528,92.928,65,Pop
California Uber Alles,1980,207040,3,0.317,0.885,8,-4.768,1,0.144,0.176,0.000249,0.221,0.704,111.366,54,Alt. Rock
When Will The Blues Leave?,1959,300706,4,0.631,0.282,9,-14.755,0,0.0635,0.35,0.00921,0.229,0.556,92.336,29,Jazz
Midnight Special - Remastered 2002,1939,185520,4,0.521,0.255,4,-12.747,0,0.0645,0.906,0.0,0.203,0.625,148.401,35,Folk
It's All the Way Live,1978,430386,4,0.739,0.726,0,-7.571,1,0.0531,0.0659,0.0277,0.0962,0.91,117.772,37,Funk
Getto Jam,1994,259000,4,0.802,0.547,9,-12.085,1,0.131,0.0312,1.34e-06,0.326,0.492,86.576,45,Pop
Too Much Too Young - 2015 Remaster,2015,366760,4,0.79,0.595,2,-8.316,1,0.0488,0.0243,0.104,0.304,0.838,133.418,50,Punk
Seasons - Live,2001,275093,4,0.246,0.402,8,-9.413,1,0.058,0.435,0.0,0.687,0.384,199.654,29,Gospel
Things Can Only Get Better,1985,235000,4,0.752,0.743,7,-6.083,1,0.0331,0.0314,0.000117,0.128,0.832,108.254,55,Pop
Dead Bodies,1995,108933,4,0.494,0.988,2,-4.637,1,0.0591,0.0034,0.0,0.274,0.443,140.835,28,SKA
Reason To Believe,1993,119000,3,0.649,0.238,0,-16.858,1,0.0371,0.425,0.0,0.126,0.711,82.17,43,Pop
Land Of 1000 Dances,1966,146000,4,0.618,0.588,2,-11.624,1,0.0735,0.0128,0.0266,0.351,0.768,86.903,64,Pop
Rock & Roll - Full Length Version; 2015 Remaster,1970,283000,4,0.494,0.735,5,-8.347,1,0.0345,0.00401,3.14e-06,0.544,0.742,132.526,52,Alt. Rock
How I Got Over,1988,238857,4,0.406,0.77,1,-7.093,1,0.0882,0.72,0.0,0.26,0.509,140.294,0,Gospel
Flyin' Shoes,1969,269466,4,0.479,0.157,9,-17.198,0,0.0358,0.585,1.7e-05,0.108,0.251,135.17,28,Folk
Latin Goes Ska,1964,282133,4,0.779,0.563,5,-9.667,0,0.084,0.0679,0.722,0.0513,0.904,141.94,32,SKA
Burning Love,1972,170293,4,0.66,0.748,2,-11.206,1,0.0284,0.0993,0.00585,0.283,0.972,143.549,75,Country
Heartbreaker,1999,222000,3,0.489,0.608,5,-5.329,1,0.0274,0.0143,0.0,0.193,0.352,148.117,74,Pop
There Goes My Baby,1959,129613,5,0.241,0.564,6,-6.544,0,0.0347,0.591,0.0,0.704,0.642,77.378,44,R&B
Good Ambition,1970,166600,4,0.916,0.393,0,-8.862,1,0.0494,0.438,0.0107,0.11,0.939,109.633,46,Reggae
Bourgeois Blues,1939,140266,4,0.586,0.292,4,-13.708,1,0.113,0.969,0.0166,0.213,0.801,138.203,21,Folk
The Bells of Rhymney - Live,1963,318520,4,0.373,0.277,9,-16.024,1,0.0353,0.89,1e-06,0.977,0.14,85.503,11,Folk
"Don't Knock My Love,Pt. 1 - 2006 Remaster; Single Version",1968,136293,4,0.731,0.518,7,-14.753,0,0.0293,0.445,0.0,0.0884,0.954,107.669,16,R&B
Still,1963,171253,4,0.52,0.104,8,-21.031,1,0.0502,0.852,0.000936,0.107,0.282,94.783,34,Country
Honky Tonk Song,1959,123500,4,0.739,0.699,5,-11.421,1,0.0383,0.671,1.53e-05,0.0842,0.973,129.093,26,Country
This Is For The Lover In You,1997,304000,4,0.642,0.572,0,-7.345,0,0.0475,0.475,0.0,0.157,0.747,177.514,58,Pop
So Good,1997,245106,4,0.616,0.943,5,-1.795,0,0.132,0.0881,0.0,0.319,0.765,144.995,10,Gospel
One More Chance,1995,191000,4,0.525,0.878,2,-8.677,1,0.0404,0.411,0.0,0.291,0.963,176.249,61,Pop
My Heart Will Go On,1998,280000,1,0.428,0.276,4,-11.729,1,0.0312,0.732,5.33e-06,0.117,0.0382,99.195,75,Pop
Whatcha See Is Whatcha Get,1971,214000,4,0.641,0.74,6,-8.425,1,0.118,0.249,0.0,0.281,0.914,152.939,58,Pop
Great Is Your Mercy - Live,1996,484640,4,0.354,0.534,5,-7.253,1,0.0598,0.417,0.0,0.613,0.2,75.071,43,Gospel
Mind (feat. Kai),2015,242068,4,0.502,0.777,1,-4.627,1,0.0934,0.117,2.91e-06,0.0957,0.356,174.153,60,EDM
Peaches,1977,247080,4,0.569,0.577,10,-9.719,0,0.0699,0.00877,0.00913,0.0758,0.961,71.707,39,Punk
Ex-Factor,1999,326000,4,0.593,0.619,3,-9.003,0,0.0976,0.118,0.0,0.484,0.668,80.02,75,Pop
In My Head,2019,221065,4,0.548,0.895,0,-2.794,1,0.0392,0.00622,0.0184,0.108,0.616,127.829,44,EDM
And the Beat Goes On - Radio Version,1979,208666,4,0.805,0.624,11,-6.882,0,0.111,0.186,0.000938,0.0572,0.944,114.937,43,Disco
John Sinclair - Remastered 2010,1972,211000,4,0.36,0.814,4,-11.05,1,0.131,0.478,0.0297,0.548,0.72,176.092,21,Rock
Injustice System!,1994,113973,3,0.332,0.998,11,-2.88,0,0.0911,2.5e-06,0.358,0.0659,0.242,137.113,34,Punk
How Can You Mend A Broken Heart,1971,383000,3,0.467,0.42,4,-6.957,1,0.0398,0.509,2.56e-05,0.0707,0.365,146.512,63,Pop
All I Know,1973,118000,4,0.719,0.549,10,-8.297,1,0.147,0.327,0.148,0.117,0.192,102.092,59,Pop
Why Can’t This Be Love,1986,227000,4,0.531,0.626,0,-13.371,1,0.0452,0.0606,0.0,0.0767,0.746,88.236,65,Pop
Revolution (feat. Faustix & Imanos and Kai),2013,263716,4,0.634,0.724,5,-5.842,0,0.0546,0.00499,0.000193,0.0732,0.309,148.024,47,EDM
Yogi,1960,92000,4,0.83,0.305,8,-11.969,1,0.0978,0.6,0.0,0.229,0.564,119.92,49,Pop
Love Is Gone - Acoustic,2020,176971,4,0.541,0.153,6,-10.654,1,0.0303,0.882,1.66e-06,0.16,0.359,139.644,75,EDM
Just You 'N' Me - 2002 Remaster,1980,254000,4,0.537,0.909,11,-4.968,0,0.0329,0.0179,0.000132,0.222,0.828,127.871,6,Rock
I Need Your Love (feat. Ellie Goulding),2013,234506,4,0.695,0.869,8,-5.066,1,0.0483,0.41,0.0,0.237,0.58,124.989,75,EDM
Rock Me Mama,1944,149613,4,0.672,0.327,5,-11.932,0,0.0679,0.957,0.154,0.111,0.433,68.078,27,Blues
Get Inside,2002,193533,4,0.265,0.957,11,-3.415,1,0.0995,2.23e-05,0.0291,0.105,0.396,151.61,47,Metal
The New Green Light,1954,131213,4,0.677,0.474,0,-8.881,1,0.0269,0.783,2.05e-06,0.282,0.963,101.502,12,Country
Do What I Want,2019,175203,4,0.681,0.701,9,-6.336,1,0.0767,0.106,0.0,0.208,0.398,139.952,63,Rap
The Moon Is Full,1986,303146,4,0.613,0.713,8,-9.107,1,0.0543,0.0535,0.0155,0.0537,0.91,91.648,22,Blues
The Ruler's Back,1991,336160,4,0.47,0.762,7,-6.022,1,0.259,0.000866,0.0,0.748,0.529,176.866,30,Rap
You’re Only Lonely,1980,234000,4,0.652,0.442,9,-5.871,1,0.0248,0.617,6.24e-05,0.118,0.571,108.97,29,Pop
Rock You Like A Hurricane,1984,252000,4,0.482,0.617,4,-12.931,0,0.0458,0.00543,0.000146,0.284,0.718,125.697,71,Metal
After All,1981,259532,4,0.487,0.192,1,-17.308,1,0.0291,0.573,2.54e-06,0.0759,0.26,62.086,53,Jazz
Detroit Rock City - 2012 Remix,1976,315000,4,0.426,0.957,0,-8.028,0,0.192,0.0159,0.0157,0.836,0.122,91.08,33,Metal
Barely Breathing,1997,254000,4,0.482,0.807,0,-6.976,1,0.0457,0.0281,0.0,0.177,0.516,187.918,58,Pop
Liar,1979,161533,4,0.343,0.962,2,-4.984,1,0.0612,0.00632,5.92e-05,0.0852,0.312,149.067,32,Alt. Rock
Take Good Care of Yourself,1976,205133,4,0.605,0.796,9,-7.542,1,0.0405,0.42,1.19e-05,0.417,0.66,120.709,29,Disco
Imagine,1971,187000,4,0.547,0.257,0,-12.358,1,0.0252,0.907,0.183,0.0935,0.169,75.752,75,Pop
People of the Sun,1999,150066,4,0.53,0.871,7,-6.361,1,0.302,0.00407,0.0207,0.272,0.706,93.046,63,Alt. Rock
There It Is - Extended Mix,1980,375066,4,0.726,0.815,11,-7.583,0,0.0692,0.0464,1.25e-05,0.0588,0.94,103.023,24,Disco
Ain’t No Stoppin’ Us Now,1979,167000,4,0.617,0.722,5,-4.935,1,0.0328,0.0387,0.131,0.178,0.423,123.98,41,Pop
There's No Getting' Over Me,1983,63080,4,0.624,0.509,6,-10.727,0,0.034,0.658,0.0,0.539,0.773,102.07,24,Country
Dancing in the Sheets,1983,245360,4,0.842,0.567,11,-9.691,0,0.0664,0.0236,0.0444,0.0439,0.886,122.839,35,Disco
Rock Bottom - 2007 Remaster,1974,389333,4,0.256,0.863,5,-6.582,1,0.106,3.49e-05,0.00408,0.364,0.519,158.936,52,Metal
Rave Machine,2014,206200,4,0.672,0.825,11,-5.365,0,0.0414,0.00567,0.289,0.0926,0.171,125.993,30,EDM
Tight Fittin' Jeans,1981,171066,4,0.731,0.491,5,-13.951,1,0.0344,0.139,2.17e-06,0.0786,0.891,102.211,62,Country
I Just Fall In Love Again,1979,171640,4,0.444,0.351,0,-9.01,1,0.0287,0.0461,1.94e-06,0.119,0.0853,132.527,60,Country
Nobody,2010,275000,4,0.547,0.846,7,-6.377,1,0.0336,0.0638,0.0778,0.254,0.333,116.987,14,Rock
Lost And Found,2013,236333,4,0.63,0.669,1,-7.289,0,0.118,0.0987,3.85e-05,0.491,0.655,152.106,51,Reggae
I Can’t Go For That (NO Can Do),1982,307000,4,0.889,0.441,0,-9.506,0,0.0379,0.0405,0.000788,0.038,0.963,110.565,67,Pop
Rise & Fall (feat. Krewella),2019,361842,4,0.512,0.83,5,-5.293,0,0.0445,0.00213,0.166,0.0694,0.452,140.023,40,EDM
Baby It’s You,1969,213000,4,0.521,0.884,4,-2.931,0,0.0403,0.00155,1.57e-06,0.209,0.494,92.988,53,Pop
Supernothing,2003,169386,4,0.426,0.976,0,-5.806,1,0.144,0.0777,1.46e-05,0.14,0.743,94.865,29,SKA
Sugar Town,1967,146000,4,0.727,0.382,7,-11.786,1,0.0408,0.664,0.0,0.076,0.62,108.213,53,Pop
I'm So Excited,1982,230640,4,0.59,0.868,5,-5.832,0,0.048,0.0962,0.000322,0.442,0.798,184.348,76,Disco
One More Time,2000,320357,4,0.613,0.697,2,-8.618,1,0.133,0.0194,0.0,0.332,0.476,122.746,76,EDM
I'm Your Boogieman,1985,267573,4,0.645,0.985,1,-3.715,1,0.111,0.00113,0.0102,0.223,0.446,113.934,38,Metal
Get Down On It,1982,211000,4,0.877,0.56,7,-8.529,1,0.0621,0.156,0.000139,0.0535,0.969,110.86,67,Pop
Everybody's Talkin',1966,164600,4,0.671,0.299,2,-13.215,1,0.0315,0.521,0.000288,0.15,0.574,120.112,22,Folk
Texas Plains 1953,1953,157518,4,0.529,0.322,6,-16.644,0,0.0433,0.995,0.89,0.379,0.756,130.482,0,Country
"Single Girl,Married Girl",1927,166760,4,0.556,0.419,11,-12.693,1,0.0334,0.963,0.182,0.167,0.805,122.168,18,Country
River Deep - Mountain High,1966,214880,4,0.389,0.745,3,-6.998,1,0.0384,0.777,0.00159,0.143,0.271,83.037,52,R&B
SAD!,2018,166605,4,0.74,0.613,8,-4.88,1,0.145,0.258,0.00372,0.123,0.473,75.023,79,Rap
Tell the World How I Feel About 'Cha Baby (feat. Teddy Pendergrass),1975,352666,4,0.518,0.83,0,-8.104,1,0.0702,0.0338,2.04e-05,0.0815,0.76,126.98,27,Disco
The Night Chicago Died,1974,203000,4,0.767,0.45,0,-12.352,1,0.0824,0.347,0.0,0.113,0.809,106.847,48,Pop
Maiden Voyage,1965,477093,4,0.467,0.459,0,-9.706,0,0.0305,0.719,0.00312,0.0944,0.178,124.379,47,Jazz
Money In My Pocket,1979,153800,4,0.768,0.487,2,-7.026,0,0.161,0.412,1.12e-05,0.122,0.848,73.449,45,Reggae
Bad Boys,1993,231000,4,0.682,0.678,7,-9.626,1,0.11,0.2,0.000163,0.109,0.517,175.18,68,Pop
Birds,2001,232000,4,0.562,0.884,0,-6.007,1,0.055,0.283,0.00155,0.0755,0.726,90.051,17,Rock
Melissa,1983,401506,4,0.24,0.56,9,-12.439,0,0.0453,0.00443,0.797,0.196,0.298,117.342,35,Metal
Strike of the Beast,1985,237026,4,0.266,0.963,4,-5.366,0,0.164,7.36e-05,0.000119,0.412,0.174,93.499,39,Metal
It Don't Mean a Thing (If It Ain't Got That Swing),1931,189000,3,0.709,0.387,0,-11.245,0,0.371,0.973,0.0586,0.119,0.668,106.736,33,Jazz
The Closer I Get To You,1978,280000,4,0.49,0.321,9,-13.283,1,0.0302,0.711,2.15e-06,0.0372,0.229,121.377,54,Pop
The Way I Feel About You,1992,213000,4,0.785,0.387,6,-10.636,1,0.0654,0.0698,0.0248,0.108,0.731,86.889,30,Pop
Beat Surrender,1982,207720,4,0.396,0.882,2,-11.068,1,0.0362,0.00106,0.0,0.179,0.875,156.658,40,Punk
Alma Mater - 2002 Remaster,2023,260000,4,0.651,0.828,10,-5.067,0,0.0289,0.0799,0.00487,0.105,0.542,112.053,5,Rock
The Broken Ones,2013,219653,4,0.546,0.529,4,-6.615,1,0.0327,0.811,0.0,0.184,0.125,137.725,32,Gospel
Ain’t Gonna Bump No More (WITH No Big Fat Woman),1977,195000,4,0.742,0.745,2,-8.68,1,0.0633,0.0176,0.00202,0.321,0.896,113.194,0,Pop
Crazy In Love (feat. Jay-Z),2003,236133,4,0.646,0.77,2,-6.596,0,0.226,0.00249,0.0,0.0715,0.681,99.165,79,R&B
Rising Force,1984,264066,4,0.321,0.958,8,-10.495,1,0.0872,0.103,7.43e-05,0.0994,0.106,117.875,46,Metal
You Can’t Change That,1979,203000,4,0.691,0.706,1,-5.983,0,0.115,0.27,0.0,0.272,0.892,169.722,48,Pop
Street Feeling,1980,195533,4,0.731,0.626,2,-12.789,1,0.152,0.136,0.0,0.0193,0.932,151.647,17,SKA
Be My Lover,1996,169000,4,0.589,0.973,8,-5.317,1,0.0426,0.0347,0.000945,0.45,0.115,126.003,80,Pop
Sex and Violence,1981,306213,4,0.428,0.464,2,-16.214,1,0.0952,9.08e-05,1.37e-05,0.061,0.84,155.396,39,Punk
What’s On Tonight,1997,111000,4,0.612,0.581,1,-7.763,0,0.0259,0.266,0.0,0.103,0.859,107.667,18,Pop
Dance To The Music,1968,179000,4,0.703,0.529,7,-11.112,1,0.1,0.0168,0.00057,0.911,0.772,128.059,56,Pop
I Can Make You Feel Good,1982,261106,4,0.711,0.863,7,-6.408,0,0.033,0.0184,0.0,0.0735,0.96,112.959,23,Disco
Rock This Town,1983,207000,4,0.254,0.853,2,-10.218,1,0.0517,0.104,0.0,0.242,0.711,201.952,48,Pop
Carry Me Back,1981,195893,4,0.585,0.375,2,-12.186,1,0.0278,0.58,0.0,0.337,0.646,99.264,23,Country
I.D.G.A.F,2014,194093,4,0.702,0.904,5,-3.456,1,0.0413,0.139,1.59e-06,0.173,0.754,119.997,36,EDM
O.P.P.,1991,271000,4,0.848,0.838,4,-11.949,0,0.0721,0.0326,4.89e-06,0.124,0.787,97.736,64,Pop
Lyla,2005,310440,4,0.401,0.951,11,-2.57,1,0.0483,0.00014,0.000117,0.147,0.332,120.879,50,Alt. Rock
All The Man That I Need,1991,251000,4,0.496,0.571,5,-9.958,0,0.0335,0.43,0.0,0.0332,0.25,150.944,54,Pop
Take A Little Walk With Me,1975,218173,4,0.621,0.543,7,-9.536,1,0.0479,0.225,0.00545,0.0716,0.463,102.919,11,Blues
LRAD,2014,315140,4,0.755,0.889,5,-2.587,0,0.0627,0.00188,0.863,0.047,0.186,127.999,48,EDM
Its Not Unusual,2003,141266,4,0.726,0.9,0,-5.48,1,0.0358,0.0154,0.0,0.199,0.924,99.991,29,SKA
Anaconda,1993,143360,4,0.366,0.538,11,-14.927,0,0.0389,7.37e-05,0.303,0.0915,0.478,136.418,26,Punk
Charlie Brown - 2007 Remaster Stereo Single Version,1959,141306,4,0.485,0.751,10,-6.299,1,0.15,0.604,1.07e-06,0.0124,0.814,125.935,43,R&B
"Misty - Live at the Deutschlandhalle,Berlin,1960",1960,164000,4,0.427,0.19,11,-18.888,1,0.0684,0.938,3.14e-06,0.533,0.279,125.367,44,Jazz
One Love / People Get Ready,1965,172933,4,0.671,0.513,5,-9.598,0,0.366,0.0682,0.0,0.0674,0.94,154.187,74,Reggae
Linger,1993,274706,4,0.439,0.434,7,-14.918,1,0.0265,0.0783,5.18e-05,0.14,0.204,94.843,84,Alt. Rock
All Day Music,1971,248200,4,0.489,0.479,11,-11.888,0,0.0329,0.147,0.000666,0.107,0.517,108.201,46,Funk
Can’t Nobody Hold Me Down,1997,231000,4,0.928,0.772,3,-5.936,0,0.25,0.102,1.06e-05,0.338,0.675,93.993,2,Pop
Cars - Remix,2001,218333,4,0.669,0.819,11,-4.948,0,0.0748,0.0057,1.57e-05,0.149,0.539,127.984,44,Metal
Attitude,1996,255400,4,0.475,0.942,1,-4.287,0,0.139,0.00141,0.0797,0.0939,0.178,80.356,52,Metal
The Foundation,2004,235400,4,0.712,0.549,2,-9.665,1,0.188,0.0609,0.0103,0.109,0.345,95.758,41,Rap
Hallelujah,1984,277160,3,0.28,0.344,0,-12.577,1,0.0293,0.715,0.00642,0.133,0.232,171.143,61,Folk
Boneless,2012,270000,4,0.743,0.962,11,-3.205,0,0.0626,0.00436,0.643,0.351,0.648,127.995,57,EDM
Heaven & Hell (feat. Ghostface Killah),1997,296533,4,0.52,0.849,3,-5.094,0,0.345,0.412,9.95e-06,0.385,0.563,77.924,40,Rap
All 4 Love,1992,230000,4,0.399,0.481,7,-7.768,1,0.0296,0.349,3.17e-05,0.155,0.652,103.379,64,Pop
Central Two-O-Nine,2010,168000,4,0.591,0.598,7,-6.409,1,0.0257,0.17,0.0115,0.168,0.536,89.053,23,Rock
Godzilla - Remastered,1994,221000,4,0.292,0.695,11,-8.627,1,0.0357,0.0365,5.11e-05,0.145,0.868,183.073,19,Metal
Birthday Song,2017,306600,4,0.753,0.59,1,-2.623,1,0.0488,0.0591,0.0,0.15,0.161,140.001,53,Rap
Only You Are Holy,1996,414466,4,0.38,0.301,5,-11.982,1,0.0302,0.693,1.76e-06,0.32,0.129,99.632,35,Gospel
Shimmy Shimmy Ya,1995,161400,4,0.814,0.481,0,-5.183,1,0.245,0.097,3.83e-05,0.0495,0.193,96.252,65,Rap
Animals,2013,303773,4,0.676,0.865,1,-6.381,1,0.0389,0.00105,0.648,0.382,0.0372,128.006,57,EDM
My Heroes Have Always Been Cowboys,1980,183453,3,0.387,0.322,2,-13.348,1,0.0378,0.181,0.0145,0.205,0.258,114.762,42,Country
Company's Comin',1958,120200,4,0.685,0.682,3,-10.999,1,0.251,0.484,0.000224,0.886,0.969,126.177,0,Country
Dead Giveaway,1982,302013,4,0.608,0.933,0,-6.362,1,0.0374,0.00916,0.000317,0.27,0.943,149.264,18,Disco
Bed Of Rose's,1968,148400,4,0.768,0.491,9,-10.628,1,0.033,0.421,0.0,0.114,0.955,102.802,49,Country
A New Hope,2000,158226,4,0.714,0.872,11,-5.412,1,0.037,0.00248,1.78e-05,0.125,0.907,102.009,11,SKA
We Will Fall Together,2007,289293,4,0.545,0.901,11,-4.324,0,0.0596,0.0301,3.15e-06,0.153,0.798,137.998,48,SKA
Evil Woman,1976,259000,4,0.703,0.58,9,-8.611,0,0.0282,0.461,2.74e-05,0.518,0.896,119.855,64,Pop
Someone,1997,182000,4,0.501,0.405,1,-5.679,1,0.0319,0.751,0.0,0.105,0.446,109.891,87,Pop
Rawhide,1951,151146,4,0.514,0.827,1,-7.244,1,0.153,0.475,0.634,0.463,0.903,87.976,11,Country
Ain't Nothing To Do,1977,165400,4,0.133,0.925,9,-7.141,1,0.094,0.476,0.286,0.922,0.0433,83.704,5,Punk
Midnight At The Oasis,1974,320000,4,0.637,0.64,8,-8.244,1,0.0385,0.191,0.782,0.0436,0.419,88.923,48,Pop
Gigantic - 2007 Remaster,1988,235706,4,0.39,0.694,7,-11.783,1,0.0399,0.00299,0.304,0.0757,0.795,115.197,54,Alt. Rock
Hurdy Gurdy Man,1968,193000,4,0.405,0.463,0,-16.167,1,0.0542,0.00379,0.0442,0.392,0.542,79.451,52,Pop
(WE Ain’t Got) Nothin’ Yet,1967,135000,4,0.398,0.864,10,-8.199,1,0.0492,0.523,0.0,0.0985,0.782,148.47,37,Pop
The Little Drummer Boy,1963,180053,4,0.568,0.524,2,-11.394,1,0.0754,0.694,1.87e-05,0.138,0.138,144.499,0,Folk
The Girl From Ipanema,1964,320253,4,0.654,0.147,10,-17.844,0,0.039,0.867,0.000923,0.0986,0.472,130.359,68,Jazz
Hey Baby,2001,207040,4,0.705,0.872,11,-3.557,0,0.126,0.0618,0.0,0.227,0.75,93.628,57,Alt. Rock
1976,1976,260000,4,0.612,0.717,9,-11.328,1,0.0301,0.00238,0.0021,0.0708,0.738,112.22,4,Rock
Kusanagi,2016,208000,4,0.254,0.331,0,-8.306,1,0.0321,0.479,0.471,0.164,0.0398,75.186,52,EDM
Too Tight Blues No. 2,1929,173500,4,0.535,0.397,11,-10.808,0,0.0388,0.994,0.474,0.123,0.809,104.988,18,Blues
Swingin' The Blues,1939,167906,4,0.752,0.507,0,-12.711,1,0.189,0.736,0.00171,0.34,0.592,112.92,16,Jazz
"(Now and Then,There's) A Fool Such As I",1952,148426,4,0.543,0.412,8,-9.436,1,0.0273,0.621,0.000256,0.238,0.557,113.276,30,Country
"Köln,January 24,1975,Pt. II C - Live",1975,416840,4,0.27,0.688,0,-16.305,1,0.0547,0.973,0.884,0.669,0.219,75.845,48,Jazz
"We Speak Hip Hop feat. Afasi,Kase. O,Maccho,Abass & KRS One",2002,196800,4,0.794,0.822,10,-6.207,0,0.255,0.261,0.0,0.18,0.821,97.43,14,Rap
Bother,2002,240400,4,0.272,0.281,1,-7.634,1,0.0287,0.388,2.29e-05,0.158,0.141,89.914,62,Metal
One Week,1998,244000,4,0.264,0.64,8,-6.221,1,0.0442,0.0393,2.31e-06,0.151,0.19,84.828,91,Pop
Did You No Wrong - Remastered 2012,1978,190720,4,0.421,0.948,4,-8.082,1,0.0745,0.00348,0.0511,0.112,0.856,141.971,12,Alt. Rock
Ring of Fire,1963,158426,4,0.659,0.585,7,-8.189,1,0.0288,0.623,0.000213,0.348,0.784,104.111,69,Country
Yes You Can,2009,293773,4,0.539,0.724,10,-5.807,1,0.102,0.0843,0.0,0.0608,0.663,155.835,35,Gospel
Days Of Wine And Roses,1963,226200,4,0.47,0.0296,7,-25.411,0,0.0352,0.991,0.948,0.0976,0.184,89.408,50,Jazz
Heart Attack,1982,210000,4,0.504,0.785,8,-4.802,1,0.104,0.0738,0.0,0.239,0.502,173.968,79,Pop
Classic Girl,1990,307800,5,0.302,0.556,9,-9.448,1,0.0336,0.0248,0.002,0.107,0.243,112.559,29,Alt. Rock
I Can't Stop Loving You,1957,154440,4,0.595,0.289,11,-11.768,1,0.0292,0.946,8.98e-05,0.246,0.505,83.428,36,Country
Take This Job and Shove It,1977,157773,4,0.756,0.426,5,-11.738,1,0.0516,0.541,9.7e-06,0.0776,0.655,137.455,55,Country
Hooked On You - Remastered,1986,263706,4,0.644,0.882,7,-5.577,0,0.0688,0.0263,0.0473,0.25,0.873,134.091,15,Blues
SIAW,2019,274285,4,0.805,0.84,1,-4.527,1,0.102,0.00172,0.52,0.0751,0.411,126.019,29,EDM
I've Been Away,1966,128000,3,0.574,0.641,7,-8.274,1,0.036,0.288,0.0,0.144,0.796,178.844,8,Rock
Veteran of the Psychic Wars,1981,289000,4,0.453,0.776,0,-9.937,1,0.0432,0.162,3.81e-05,0.349,0.568,85.992,44,Metal
Pick 'Em Up,2003,260000,4,0.498,0.934,6,-3.986,1,0.0456,0.0629,1.2e-05,0.214,0.737,138.467,10,Rock
Faith In Each Other,1990,248000,4,0.661,0.932,2,-2.647,0,0.0584,0.00831,0.000192,0.289,0.691,120.258,17,Rock
Done Somebody Wrong,1960,139866,5,0.551,0.745,2,-4.954,1,0.0541,0.618,0.152,0.0812,0.607,92.417,18,Blues
Freaky Friday (feat. Chris Brown),2018,216631,4,0.755,0.599,8,-5.042,1,0.224,0.147,0.0,0.109,0.755,133.123,70,Rap
Mad About The Boy,1952,182573,3,0.344,0.147,8,-10.3,1,0.0369,0.922,0.00019,0.0482,0.263,177.192,48,Jazz
Kings of Metal,1988,223866,4,0.575,0.881,9,-13.012,1,0.0357,0.000117,2.69e-05,0.147,0.699,132.127,55,Metal
Union Of The Snake,1984,259000,4,0.617,0.86,11,-4.548,0,0.0896,0.138,9.32e-06,0.653,0.739,115.727,50,Pop
Stir It Up,1973,217000,4,0.688,0.487,9,-8.256,1,0.174,0.157,0.00304,0.0488,0.926,146.035,67,Pop
Zombie,1994,306440,4,0.309,0.649,7,-8.994,1,0.035,0.0158,0.00591,0.367,0.312,166.915,83,Alt. Rock
Kiss Me on the Bus,1984,173466,4,0.421,0.946,11,-6.136,0,0.0997,0.0497,0.0,0.319,0.484,165.546,28,Punk
I Love The Nightlife,1978,187000,4,0.693,0.708,0,-7.816,1,0.031,0.309,0.00305,0.0857,0.949,125.315,48,Pop
Sign Of The Hammer,1984,258826,4,0.177,0.971,2,-9.702,1,0.134,0.00161,0.0667,0.0626,0.0397,162.986,28,Metal
Reload - Radio Edit,2013,221272,4,0.485,0.723,9,-4.633,0,0.0518,0.0736,0.0,0.0631,0.432,128.045,65,EDM
Seems Like I Gotta Do Wrong,1980,168165,4,0.389,0.405,0,-6.23,1,0.026,0.287,0.000258,0.107,0.213,83.632,21,Disco
Along Came Betty,1958,368746,4,0.665,0.359,1,-8.887,1,0.0326,0.801,0.106,0.145,0.4,111.639,45,Jazz
Rum & RedBull,2006,135650,4,0.744,0.783,7,-5.319,1,0.0954,0.0466,0.0,0.255,0.839,99.964,51,Reggae
Give It Away,2006,209320,4,0.674,0.646,5,-5.876,1,0.027,0.486,8.37e-05,0.262,0.613,148.1,65,Country
Island In The Sun,2001,200306,4,0.654,0.81,4,-6.26,0,0.0288,0.00719,0.00251,0.165,0.661,114.622,80,Alt. Rock
Wishing on a Star,1977,291760,4,0.335,0.422,5,-15.172,0,0.0519,0.716,4.03e-05,0.0455,0.553,97.66,57,Disco
All Of My Love,1980,292893,4,0.711,0.728,1,-12.293,0,0.0447,0.188,0.00165,0.0821,0.881,108.574,23,Disco
Make It Real,1988,258000,4,0.739,0.258,9,-16.114,1,0.056,0.355,4.12e-05,0.109,0.269,80.005,50,Pop
Saeta,1960,335506,4,0.428,0.23,2,-18.187,1,0.0523,0.792,0.528,0.0453,0.311,120.921,28,Jazz
Rock with You - Single Version,1979,220626,4,0.808,0.535,1,-12.521,1,0.0353,0.179,9.91e-05,0.158,0.848,114.031,79,Disco
Not Exactly - Rebūke Remix,2020,180000,4,0.618,0.865,5,-7.367,1,0.037,0.0094,0.91,0.134,0.0396,130.007,47,EDM
I Love Playin' With Fire,1977,201213,4,0.279,0.761,9,-6.241,1,0.054,0.08,0.00739,0.314,0.621,136.904,35,Punk
Jeremy,1991,318226,4,0.285,0.846,2,-6.472,1,0.0438,0.0404,0.0,0.182,0.287,108.808,70,Alt. Rock
A Message to You Rudy - 2015 Remaster,2015,172920,4,0.903,0.452,0,-8.491,1,0.0505,0.105,5.18e-05,0.27,0.969,102.742,64,SKA
The Mountain’s High,1961,126000,4,0.637,0.821,11,-5.065,0,0.0342,0.142,0.0349,0.261,0.734,104.34,63,Pop
The Lawrence Welk-Hee Haw Counter-Revolution Polka,1974,160826,4,0.591,0.597,7,-10.667,1,0.0341,0.305,0.0,0.183,0.961,114.366,7,Country
Dedicated To The One I Love,1959,124186,4,0.462,0.191,10,-11.901,1,0.0339,0.8,0.0,0.164,0.537,80.536,46,R&B
Cross My Heart,1955,201333,3,0.415,0.332,0,-12.486,1,0.0694,0.764,0.000157,0.302,0.501,187.467,10,Blues
Mind Blowing Decisions,1977,259453,4,0.705,0.448,0,-11.375,1,0.0502,0.473,0.0,0.126,0.703,92.417,43,Disco
Badfish,1992,185440,4,0.795,0.538,2,-5.648,1,0.051,0.0966,0.000111,0.385,0.645,92.796,52,Alt. Rock
Love Has a Name,1994,264226,4,0.745,0.505,5,-10.416,0,0.0294,0.373,1.08e-05,0.0639,0.435,93.024,5,Gospel
Bombshell - 2007 Remaster,2007,63600,4,0.281,0.956,2,-3.565,1,0.151,0.0528,0.00502,0.323,0.837,174.459,44,Punk
Float On,2004,208466,4,0.649,0.888,6,-4.807,1,0.0293,0.013,2.23e-06,0.0888,0.553,100.975,74,Alt. Rock
Bowling Green,1963,110520,4,0.487,0.317,11,-20.005,1,0.0354,0.694,0.000312,0.182,0.473,141.126,26,Folk
Don't Take It Away,1979,222053,4,0.73,0.503,4,-8.064,1,0.055,0.583,0.0,0.108,0.509,88.427,44,Country
Faint,2003,162106,4,0.554,0.98,4,-3.514,1,0.108,0.127,0.0,0.0833,0.611,135.12,80,Alt. Rock
Texas Flood,1983,320000,3,0.256,0.423,6,-11.994,1,0.035,0.000788,0.402,0.25,0.441,173.27,56,Rock
I Can Play That Rock & Roll,1983,183000,4,0.572,0.651,4,-12.522,1,0.0463,0.0256,0.00464,0.061,0.728,117.702,23,Rock
Voices Carry,1985,263000,4,0.583,0.574,0,-9.044,1,0.0239,0.0282,2.14e-06,0.114,0.578,104.995,58,Pop
Cross My Broken Heart,1987,247000,4,0.766,0.832,9,-8.268,0,0.0395,0.166,2.18e-05,0.0257,0.933,118.022,31,Pop
She's Lookin' Good,1968,146640,4,0.827,0.65,9,-11.995,1,0.0515,0.0694,0.000249,0.0994,0.978,148.932,22,R&B
Pull Harder on the Strings of Your Martyr,2005,291213,4,0.229,0.988,10,-3.475,1,0.116,1.51e-05,0.000272,0.0949,0.359,144.96,51,Metal
Steppin' In A Slide Zone,1978,326000,4,0.307,0.52,11,-13.023,0,0.0411,0.132,1.46e-05,0.0953,0.17,143.455,28,Rock
Time Of The Season,1968,282893,4,0.368,0.922,4,-5.042,0,0.093,0.00602,0.0118,0.917,0.675,121.217,39,Alt. Rock
Electric Blue,1988,263000,4,0.688,0.909,10,-4.756,1,0.0354,0.0608,1.97e-06,0.1,0.641,109.673,56,Pop
Ain't No Woman (Like The One I've Got),1973,187773,4,0.562,0.592,2,-9.694,0,0.0393,0.33,1.25e-05,0.0882,0.869,99.05,56,R&B
One Thing Leads To Another,1983,205000,4,0.785,0.95,5,-6.715,0,0.0484,0.177,0.00927,0.148,0.968,136.823,57,Pop
Stardust,1947,510840,4,0.606,0.2,5,-14.572,0,0.0446,0.973,0.652,0.13,0.436,76.741,5,Jazz
Wrecking Crew,2005,272333,4,0.318,0.939,0,-8.662,1,0.0581,2.91e-05,0.198,0.202,0.382,150.401,31,Metal
Wild Night,1994,213000,4,0.568,0.714,7,-7.139,1,0.0445,0.174,0.0,0.0429,0.955,146.338,62,Pop
For Love (I Come Your Friend),2017,215359,4,0.251,0.485,4,-9.393,0,0.0352,0.783,0.867,0.108,0.235,84.098,31,Funk
Seat Next To You,2007,261000,4,0.505,0.468,10,-8.243,1,0.0292,0.0172,0.0,0.0852,0.126,138.022,27,Rock
Just When I Needed You Most,1979,241000,4,0.583,0.313,9,-14.36,1,0.0256,0.617,0.0,0.121,0.346,96.717,63,Pop
Warhead,1980,201560,4,0.469,0.817,4,-6.632,0,0.0534,0.000809,0.829,0.104,0.387,141.015,29,Punk
Key To Love - Mono,1966,125666,4,0.376,0.803,9,-3.314,1,0.0319,0.000121,0.0,0.149,0.711,97.843,30,Blues
Daisy Jane,2015,209000,4,0.436,0.222,0,-14.293,1,0.0429,0.841,0.0,0.208,0.326,178.797,18,Rock
I Knew You Were Waiting (For Me),1986,240120,4,0.705,0.842,9,-6.171,1,0.0503,0.231,0.0,0.382,0.712,107.931,61,Disco
Good Morning Starshine,1969,221000,4,0.694,0.541,11,-7.91,1,0.0288,0.394,1.26e-05,0.0525,0.862,125.012,40,Pop
"Metropolis - Part I: ""The Miracle and the Sleeper""",1988,572133,4,0.28,0.907,2,-9.29,1,0.0586,0.000104,0.00536,0.337,0.45,104.896,49,Metal
Gimmie Gimmie Gimmie,1981,107133,4,0.568,0.604,1,-13.473,1,0.234,0.0528,0.196,0.292,0.416,99.071,38,Punk
Sympathy,2005,178146,4,0.546,0.631,8,-5.757,1,0.0283,0.25,0.0,0.123,0.569,129.556,62,Alt. Rock
She Belongs to Me,1969,160386,4,0.698,0.606,1,-9.983,0,0.0296,0.586,0.00163,0.0861,0.961,106.669,20,Blues
Melody,2019,149008,4,0.673,0.663,0,-8.472,1,0.0491,0.127,0.0,0.455,0.368,120.041,53,EDM
"I Don't Believe You Want To Get Up And Dance (Oops,Up Side Your Head)",1979,211066,4,0.646,0.786,11,-10.308,0,0.149,0.246,2.7e-06,0.387,0.814,103.666,43,Funk
Everybody's Everything,1971,210000,4,0.519,0.9,5,-9.181,1,0.0559,0.0184,0.000678,0.0917,0.694,138.155,33,Rock
Iron Maiden,2000,286653,4,0.753,0.724,8,-6.524,1,0.331,0.37,0.00124,0.431,0.697,102.988,47,Rap
"Keep on Hustlin' (feat. Young Jeezy,Bun B,Nate Dogg)",2004,233749,4,0.862,0.804,11,-4.964,0,0.234,0.119,0.0,0.167,0.767,91.34,48,Rap
Right On Time,1992,171066,4,0.656,0.493,0,-7.806,1,0.0245,0.287,0.0,0.413,0.651,111.695,40,Gospel
If Trouble Was Money - Live,2014,400373,3,0.361,0.777,7,-4.516,0,0.0456,0.569,0.224,0.696,0.325,101.985,33,Blues
Kiss With A Fist,2008,123333,4,0.367,0.801,2,-5.396,1,0.137,0.0024,0.000273,0.0603,0.624,107.014,55,Alt. Rock
Jump (For My Love),1984,267226,4,0.842,0.697,10,-13.796,0,0.0654,0.161,0.000101,0.583,0.916,134.533,56,Disco
Mama’s Pearl,1971,407000,4,0.365,0.887,9,-9.936,1,0.452,0.0378,0.00332,0.432,0.426,155.164,23,Pop
Greatest Love of All,1985,291400,4,0.502,0.305,9,-16.011,1,0.0339,0.484,3.55e-06,0.117,0.248,131.242,68,R&B
Life’s Been Good,1978,204000,4,0.887,0.474,0,-6.667,1,0.0458,0.674,0.0,0.105,0.907,95.992,29,Pop
Ronnie,1964,198000,4,0.482,0.779,8,-4.875,0,0.27,0.356,0.0,0.173,0.835,154.335,56,Pop
November Rain,1992,536000,4,0.294,0.64,11,-9.316,1,0.0291,0.016,0.22,0.112,0.226,79.79,78,Pop
Love Potion No. 9,1959,160440,4,0.775,0.518,5,-11.655,0,0.0665,0.413,1.95e-05,0.0815,0.921,125.518,0,R&B
Don't Put Her Down You Helped Put Her There,1976,228000,4,0.494,0.166,9,-12.782,1,0.0294,0.588,0.0,0.0582,0.473,103.78,6,Folk
Anytime You Need A Friend,1994,265000,4,0.585,0.419,9,-11.754,0,0.0311,0.552,3.41e-06,0.061,0.291,135.958,50,Pop
Been About It,2020,141894,4,0.834,0.606,11,-6.191,1,0.187,0.000297,0.0,0.307,0.457,172.042,49,Gospel
Eat The Meek,1994,211666,4,0.701,0.676,5,-5.851,1,0.0519,0.00469,0.145,0.212,0.925,78.349,44,Punk
Lizard Life,1994,309000,4,0.642,0.762,5,-8.05,1,0.0261,0.0048,0.0111,0.364,0.569,112.0,15,Rock
Fox On The Run,1976,125133,4,0.597,0.449,7,-11.455,1,0.0349,0.448,0.0,0.123,0.681,125.422,46,Country
Wild World,1971,200000,4,0.48,0.542,0,-8.51,1,0.0348,0.345,0.000609,0.113,0.567,152.853,79,Pop
Pride (In The Name Of Love),1984,228466,4,0.454,0.879,4,-5.44,1,0.0305,0.000861,0.00281,0.794,0.727,105.859,52,Alt. Rock
Have You Seen Her,1972,309000,4,0.62,0.334,4,-15.598,1,0.0536,0.479,1.2e-06,0.169,0.298,139.375,47,Pop
Patches,1962,193000,4,0.639,0.544,4,-12.843,1,0.141,0.617,0.0,0.479,0.793,80.844,44,Pop
Sugar Sweet,1976,259466,4,0.348,0.603,7,-10.953,1,0.0646,0.402,0.001,0.25,0.665,206.917,5,Blues
Young Love (Strong Love),1985,262600,4,0.729,0.36,11,-8.493,1,0.0301,0.719,0.0,0.105,0.287,119.986,42,Country
(I Love You) For Sentimental Reasons,1946,184466,4,0.325,0.0418,1,-24.757,1,0.0363,0.977,0.0141,0.117,0.242,65.888,61,Jazz
Fool (IF You Think It’s Over),1978,284000,4,0.722,0.412,4,-14.3,0,0.0267,0.312,2.5e-05,0.0448,0.91,105.927,48,Pop
Blue And Lonesome,1949,192797,3,0.505,0.255,5,-14.176,1,0.0347,0.835,0.00169,0.101,0.415,102.456,4,Blues
I Cum Blood,1992,221960,4,0.338,0.988,8,-7.29,0,0.0865,8.35e-05,0.833,0.0377,0.449,99.046,51,Metal
Causing A Commotion,1987,261000,4,0.771,0.749,5,-10.628,0,0.0401,0.216,0.00184,0.135,0.854,119.875,45,Pop
Food For Thought,1983,239960,4,0.772,0.725,2,-6.217,1,0.0338,0.00691,0.00345,0.3,0.883,132.046,55,Reggae
More Than A Woman,1976,207493,4,0.697,0.716,8,-12.123,0,0.0371,0.111,0.0,0.407,0.928,107.619,54,Disco
You and I,1975,200040,4,0.258,0.248,9,-15.861,1,0.0344,0.595,0.000108,0.129,0.464,205.304,31,Country
Me And Bobby Mcgee,1971,271000,4,0.43,0.463,2,-10.96,1,0.0442,0.303,5.84e-05,0.152,0.66,93.405,68,Pop
Singin' The Blues,1927,180026,4,0.709,0.208,0,-12.245,0,0.0828,0.99,0.796,0.0831,0.819,132.245,36,Jazz
Me And Jesus - Single Version,1972,200000,4,0.55,0.508,7,-14.588,1,0.0327,0.836,3.69e-05,0.397,0.896,150.975,34,Country
Best Of My Love,1975,220000,4,0.784,0.713,0,-6.865,1,0.0339,0.447,0.14,0.0904,0.97,115.443,71,Pop
